category_1,category_2,year_from,year_to,npmi_from,npmi_to,npmi_diff,abs_npmi_diff,pair_count_from,pair_count_to
10001,11001,2010,2011,-0.10764447963073905,-0.006076688947688091,0.10156779068305095,0.10156779068305095,64,289
10001,11002,2010,2011,0.12659738775736523,0.006030796319693199,-0.12056659143767204,0.12056659143767204,38,116
10001,11005,2010,2011,0.08952847399872363,0.15336346119874678,0.06383498720002315,0.06383498720002315,13,124
10001,11006,2010,2011,0.07688011259473261,0.03894775306511019,-0.03793235952962242,0.03793235952962242,10,41
10001,11008,2010,2011,-0.04703704336405753,-0.11242313121145192,-0.06538608784739439,0.06538608784739439,34,111
10001,12001,2010,2011,0.06648033187188283,0.04954357767946639,-0.016936754192416442,0.016936754192416442,34,145
10001,12003,2010,2011,0.08045449321380774,-0.03997251063359318,-0.12042700384740092,0.12042700384740092,48,178
10001,13001,2010,2011,0.010530113403744445,0.0875049548240824,0.07697484142033795,0.07697484142033795,18,120
10001,13003,2010,2011,-0.16926375751236586,-0.2145024182785582,-0.045238660766192346,0.045238660766192346,6,35
10001,13004,2010,2011,0.21908051563507955,0.1756419056551267,-0.04343860997995286,0.04343860997995286,77,254
10001,13005,2010,2011,-0.02695949825721129,-0.06287489703406032,-0.03591539877684903,0.03591539877684903,60,241
10001,14001,2010,2011,0.12427306813374213,0.024312172021374624,-0.0999608961123675,0.0999608961123675,23,83
10001,14002,2010,2011,0.024592048897701037,0.022835377490117086,-0.0017566714075839505,0.0017566714075839505,18,118
10001,14003,2010,2011,0.14012660138233682,0.0717688197173613,-0.06835778166497551,0.06835778166497551,8,44
10001,14006,2010,2011,0.05460323178906557,0.07196749774524204,0.017364265956176468,0.017364265956176468,7,57
10001,14007,2010,2011,-0.08235292608308108,-0.019808585159600607,0.06254434092348046,0.06254434092348046,54,284
10001,15001,2010,2011,0.0739247880917271,0.028955837857736134,-0.04496895023399097,0.04496895023399097,62,231
10001,15002,2010,2011,0.04532402941499985,0.07852360525739581,0.03319957584239596,0.03319957584239596,45,279
10001,15003,2010,2011,0.17744017667215553,0.021383869564938294,-0.15605630710721724,0.15605630710721724,43,81
10001,15004,2010,2011,-0.15063530955651216,-0.07710279294651524,0.07353251660999692,0.07353251660999692,11,96
10001,15005,2010,2011,0.051207133168468935,-0.0013510342690721858,-0.052558167437541124,0.052558167437541124,9,16
10001,15006,2010,2011,0.026080726882985215,0.0048715598175421045,-0.02120916706544311,0.02120916706544311,28,78
10001,15007,2010,2011,-0.17311306600741816,-0.1184652847517763,0.05464778125564186,0.05464778125564186,30,144
10001,16002,2010,2011,0.02879199400791686,-0.07879065414310185,-0.10758264815101871,0.10758264815101871,11,51
10001,16003,2010,2011,0.1933901988923344,-0.02139518981275282,-0.2147853887050872,0.2147853887050872,7,8
10001,16004,2010,2011,0.004481504369329973,-0.02911908522942558,-0.03360058959875555,0.03360058959875555,30,134
10002,11001,2010,2011,-0.11952860222361113,-0.08605211622164877,0.03347648600196236,0.03347648600196236,42,134
10002,11002,2010,2011,-0.03006619556462086,0.04377185102718527,0.07383804659180612,0.07383804659180612,15,84
10002,11005,2010,2011,-0.003437018002401545,0.014797579541573659,0.018234597543975203,0.018234597543975203,6,47
10002,11006,2010,2011,0.06745515261076572,-0.05933272178233985,-0.12678787439310557,0.12678787439310557,7,15
10002,11008,2010,2011,-0.0001804400113099511,-0.04459860368993842,-0.04441816367862847,0.04441816367862847,29,88
10002,12001,2010,2011,0.07845004173141568,0.1225458610573965,0.04409581932598082,0.04409581932598082,26,119
10002,12003,2010,2011,0.07012331101795118,0.019361938171942098,-0.05076137284600908,0.05076137284600908,34,135
10002,12004,2010,2011,-0.032274392278839506,-0.03581132854969467,-0.003536936270855162,0.003536936270855162,8,23
10002,13001,2010,2011,0.05843252143697699,0.04354158608765481,-0.014890935349322183,0.014890935349322183,16,65
10002,13003,2010,2011,-0.08232144420284697,-0.08358794923862492,-0.0012665050357779511,0.0012665050357779511,7,42
10002,13004,2010,2011,0.16163049021062645,0.11936331133424989,-0.04226717887637656,0.04226717887637656,50,143
10002,13005,2010,2011,-0.05744258370254479,-0.042487904533715024,0.014954679168829768,0.014954679168829768,38,156
10002,14001,2010,2011,0.07577665754428475,0.045182197139783005,-0.03059446040450175,0.03059446040450175,14,57
10002,14002,2010,2011,0.11481342168071207,-0.04112173824265987,-0.15593515992337192,0.15593515992337192,19,56
10002,14007,2010,2011,-0.0036958850313037104,0.03817999109690679,0.041875876128210504,0.041875876128210504,50,210
10002,15001,2010,2011,0.005990137414679982,-0.022043539019338684,-0.028033676434018665,0.028033676434018665,36,121
10002,15002,2010,2011,0.08873262799279706,-0.0028380138276722046,-0.09157064182046927,0.09157064182046927,38,137
10002,15003,2010,2011,0.0565106396116494,-0.004908812267753025,-0.061419451879402426,0.061419451879402426,21,45
10002,15004,2010,2011,-0.09959532720491616,-0.06712715245721051,0.03246817474770565,0.03246817474770565,10,60
10002,15005,2010,2011,0.09177622957697704,0.09394853304527945,0.002172303468302411,0.002172303468302411,8,17
10002,15006,2010,2011,-0.08602834263648869,-0.072776396686284,0.013251945950204694,0.013251945950204694,12,33
10002,15007,2010,2011,-0.16384449584276503,-0.09022642156008376,0.07361807428268127,0.07361807428268127,21,95
10002,16002,2010,2011,0.004144376924320894,-0.052247577866012876,-0.05639195479033377,0.05639195479033377,7,35
10002,16004,2010,2011,0.02075102357677909,-0.011814804328215462,-0.03256582790499455,0.03256582790499455,23,88
10005,11001,2010,2011,-0.05790369580415605,-0.07750718964388065,-0.019603493839724595,0.019603493839724595,68,273
10005,11002,2010,2011,-0.0318179987052162,-0.014018242408433093,0.017799756296783105,0.017799756296783105,19,125
10005,11003,2010,2011,0.022890775067978632,-0.03369535346759293,-0.05658612853557156,0.05658612853557156,7,32
10005,11005,2010,2011,0.029590688617756777,-0.015408725109200386,-0.04499941372695716,0.04499941372695716,9,77
10005,11008,2010,2011,0.016325149862061034,0.03322332833101653,0.016898178468955496,0.016898178468955496,39,218
10005,12001,2010,2011,0.04786450901309054,0.0267319003840041,-0.021132608629086443,0.021132608629086443,29,155
10005,12003,2010,2011,0.06708156934708354,0.05006449559893629,-0.017017073748147246,0.017017073748147246,42,272
10005,12004,2010,2011,-0.15467159244309256,0.051492295127545745,0.2061638875706383,0.2061638875706383,5,65
10005,13001,2010,2011,-0.008597443540239084,-0.08921661465170422,-0.08061917111146513,0.08061917111146513,15,69
10005,13003,2010,2011,-0.06407382577736899,-0.18923029939871985,-0.12515647362135085,0.12515647362135085,10,49
10005,13004,2010,2011,0.08435726945769473,0.04717255590265728,-0.03718471355503745,0.03718471355503745,49,204
10005,13005,2010,2011,0.03488113524861583,0.0672784511576947,0.032397315909078864,0.032397315909078864,66,399
10005,14001,2010,2011,-0.1342060439926795,-0.021105261396873264,0.11310078259580622,0.11310078259580622,6,80
10005,14002,2010,2011,-0.04205329714035258,-0.06404626345099326,-0.021992966310640683,0.021992966310640683,12,98
10005,14007,2010,2011,0.05785135200851869,0.06713731827636282,0.009285966267844135,0.009285966267844135,76,411
10005,15001,2010,2011,-0.04436992476722042,-0.051175059000601486,-0.006805134233381069,0.006805134233381069,38,209
10005,15002,2010,2011,-0.09183219153721117,-0.0853450781851388,0.006487113352072374,0.006487113352072374,24,197
10005,15003,2010,2011,0.022394572749603842,-0.04572450337985671,-0.06811907612946055,0.06811907612946055,23,71
10005,15004,2010,2011,-0.05807264137972903,-0.09426976444151268,-0.03619712306178365,0.03619712306178365,16,105
10005,15005,2010,2011,0.07039694740721004,0.021318328579441822,-0.04907861882776822,0.04907861882776822,9,21
10005,15006,2010,2011,-0.0932541995729328,-0.0495736547528095,0.0436805448201233,0.0436805448201233,15,72
10005,15007,2010,2011,0.02204153709890988,0.007843452707000575,-0.014198084391909305,0.014198084391909305,57,259
10005,16004,2010,2011,-0.016790736382468974,0.04975927603040906,0.06655001241287803,0.06655001241287803,25,202
11001,11002,2010,2011,-0.1340578970807985,-0.3603997983116456,-0.2263419012308471,0.2263419012308471,79,83
11001,11003,2010,2011,-0.21245406730987965,-0.35908447154375545,-0.1466304042338758,0.1466304042338758,12,12
11001,11004,2010,2011,-0.13272142137691037,-0.24218024225472154,-0.10945882087781117,0.10945882087781117,12,33
11001,11005,2010,2011,-0.1333985472673064,-0.2578735370335533,-0.12447498976624691,0.12447498976624691,24,77
11001,11006,2010,2011,-0.18618518203933324,-0.09573705031463413,0.09044813172469911,0.09044813172469911,14,72
11001,11007,2010,2011,-0.1005668754072635,-0.13642771225167932,-0.03586083684441582,0.03586083684441582,5,6
11001,11008,2010,2011,-0.23467344730595086,-0.31984199548828485,-0.08516854818233399,0.08516854818233399,107,191
11001,12001,2010,2011,-0.25272899801074034,-0.3913630234020038,-0.13863402539126346,0.13863402539126346,57,76
11001,12003,2010,2011,-0.23607804358704032,-0.38490910472744416,-0.14883106114040384,0.14883106114040384,93,182
11001,12004,2010,2011,-0.015200884501832863,-0.24946225590185345,-0.2342613714000206,0.2342613714000206,61,44
11001,13001,2010,2011,0.015553902861008337,0.07453986283237692,0.05898595997136858,0.05898595997136858,87,335
11001,13002,2010,2011,-0.05877962603101705,-0.11293180626298997,-0.05415218023197292,0.05415218023197292,6,22
11001,13003,2010,2011,-0.029719463830252753,0.062190797141173634,0.09191026097142639,0.09191026097142639,67,373
11001,13004,2010,2011,-0.08729421738185478,-0.03182317985081148,0.0554710375310433,0.0554710375310433,163,444
11001,13005,2010,2011,0.03253047638673227,-0.014899871701844803,-0.04743034808857707,0.04743034808857707,332,897
11001,14001,2010,2011,-0.04907592989871883,0.010109655113513118,0.05918558501223195,0.05918558501223195,57,245
11001,14002,2010,2011,0.0246769899429439,0.0373864844119707,0.012709494469026798,0.012709494469026798,84,377
11001,14003,2010,2011,-0.07806763265354356,-0.041364057905321376,0.03670357474822219,0.03670357474822219,13,84
11001,14006,2010,2011,0.0060698240205381854,0.07805835251660063,0.07198852849606245,0.07198852849606245,26,170
11001,14007,2010,2011,-0.0011793859680861085,0.030927659921102954,0.03210704588918906,0.03210704588918906,342,997
11001,15001,2010,2011,-0.014802930291420654,0.08221247514210821,0.09701540543352886,0.09701540543352886,232,777
11001,15002,2010,2011,0.0040684879401145305,0.08439950277561624,0.0803310148355017,0.0803310148355017,188,819
11001,15003,2010,2011,-0.05348704249521383,0.03377468546824317,0.08726172796345699,0.08726172796345699,97,259
11001,15004,2010,2011,-0.0534527128251908,0.03883695830666214,0.09228967113185294,0.09228967113185294,96,450
11001,15005,2010,2011,-0.038204595503655396,0.029221390731049988,0.06742598623470539,0.06742598623470539,29,58
11001,15006,2010,2011,0.005099112700162641,0.06094130448190315,0.05584219178174051,0.05584219178174051,124,287
11001,15007,2010,2011,0.06300993714742348,0.07496657835521672,0.011956641207793245,0.011956641207793245,312,790
11001,16002,2010,2011,0.03483109288833337,0.003271415585991202,-0.03155967730234217,0.03155967730234217,52,233
11001,16003,2010,2011,-0.05904827140120656,-0.05128893782053894,0.007759333580667618,0.007759333580667618,9,22
11001,16004,2010,2011,-0.02101238302160682,-0.02497515290638636,-0.003962769884779539,0.003962769884779539,136,443
11002,11005,2010,2011,-0.08710202377057708,-0.09349254606019787,-0.006390522289620795,0.006390522289620795,7,57
11002,11006,2010,2011,0.04364208091504006,0.07973138338973161,0.036089302474691554,0.036089302474691554,11,59
11002,11008,2010,2011,-0.11090387259485364,-0.12305074390631492,-0.012146871311461277,0.012146871311461277,35,133
11002,12001,2010,2011,0.1492897023416145,0.16450555664982133,0.015215854308206822,0.015215854308206822,56,243
11002,12003,2010,2011,0.15972366630934084,0.17943353989880695,0.019709873589466104,0.019709873589466104,76,389
11002,12004,2010,2011,0.010399190569260008,0.13109934403318982,0.12070015346392982,0.12070015346392982,18,92
11002,13001,2010,2011,0.01700893799739093,-0.02263598802004226,-0.03964492601743319,0.03964492601743319,24,97
11002,13002,2010,2011,0.14334454728697407,0.11367633007332491,-0.029668217213649165,0.029668217213649165,5,28
11002,13003,2010,2011,0.014904594811493923,0.0049808392324978265,-0.009923755578996097,0.009923755578996097,21,125
11002,13004,2010,2011,-0.022931981569194446,0.02646080218013284,0.04939278374932729,0.04939278374932729,49,201
11002,13005,2010,2011,-0.042974969825627624,-0.03924304621776065,0.00373192360786697,0.00373192360786697,75,319
11002,14001,2010,2011,0.013278912839455422,0.04047847355784008,0.02719956071838466,0.02719956071838466,19,107
11002,14002,2010,2011,0.04248595721388362,0.061771839976332524,0.019285882762448907,0.019285882762448907,25,163
11002,14003,2010,2011,0.031828661275718255,0.05361524104343891,0.021786579767720658,0.021786579767720658,6,49
11002,14006,2010,2011,-0.023445422598498973,-0.05375756649020092,-0.030312143891701948,0.030312143891701948,6,39
11002,14007,2010,2011,-0.07818257185157843,-0.07202206725142041,0.006160504600158018,0.006160504600158018,73,300
11002,15001,2010,2011,0.07721584948126516,-0.06862274427984419,-0.14583859376110936,0.14583859376110936,80,208
11002,15002,2010,2011,0.005240549691544906,0.01637015387606696,0.011129604184522055,0.011129604184522055,51,285
11002,15003,2010,2011,0.02443296483772283,-0.036150468017792245,-0.060583432855515075,0.060583432855515075,33,78
11002,15004,2010,2011,0.0016989856643734075,-0.006225838570975874,-0.007924824235349282,0.007924824235349282,30,155
11002,15005,2010,2011,-0.07505352136487517,-0.04693766606475656,0.028115855300118613,0.028115855300118613,6,15
11002,15006,2010,2011,-0.0156867000037863,-0.003403388696301225,0.012283311307485074,0.012283311307485074,31,92
11002,15007,2010,2011,-0.09526764394597044,-0.1295567462898035,-0.03428910234383305,0.03428910234383305,56,173
11002,16002,2010,2011,0.12390182249150912,0.0327083925822577,-0.09119342990925142,0.09119342990925142,21,101
11002,16004,2010,2011,-0.06399207156016654,-0.06396253209442333,2.9539465743202986e-05,2.9539465743202986e-05,30,145
11003,11008,2010,2011,-0.06392787301816813,-0.1294582952798852,-0.06553042226171707,0.06553042226171707,11,31
11003,12001,2010,2011,0.023245634003762772,0.152551253760369,0.1293056197566062,0.1293056197566062,11,80
11003,12003,2010,2011,0.1741812152104187,0.11193037807472198,-0.062250837135696735,0.062250837135696735,27,109
11003,12004,2010,2011,0.03736627628119126,0.14113823109218082,0.10377195481098955,0.10377195481098955,6,32
11003,13001,2010,2011,-0.04276415979510837,-0.0379045412769411,0.004859618518167269,0.004859618518167269,5,25
11003,13003,2010,2011,0.012358987815242936,-0.02602805252112609,-0.03838704033636903,0.03838704033636903,6,31
11003,13004,2010,2011,-0.0007704703079580136,0.07544658874944352,0.07621705905740153,0.07621705905740153,15,73
11003,13005,2010,2011,-0.06775043090790146,-0.037365393085428286,0.030385037822473177,0.030385037822473177,18,88
11003,14001,2010,2011,0.0296496585568541,-0.05953235073257979,-0.0891820092894339,0.0891820092894339,6,19
11003,14007,2010,2011,-0.021334937429529393,-0.03463165905774635,-0.013296721628216959,0.013296721628216959,24,92
11003,15001,2010,2011,0.009775396056994323,-0.020843070157739788,-0.03061846621473411,0.03061846621473411,19,68
11003,15002,2010,2011,-0.01957556563241483,-0.06448909655351225,-0.044913530921097414,0.044913530921097414,13,59
11003,15003,2010,2011,0.009913821773167596,-0.0234695146452772,-0.03338333641844479,0.03338333641844479,9,23
11003,15004,2010,2011,0.09111187566376146,-0.012460261873440374,-0.10357213753720183,0.10357213753720183,13,43
11003,15006,2010,2011,-0.11096302187120086,0.0010435449596903372,0.11200656683089119,0.11200656683089119,5,27
11003,15007,2010,2011,0.00359690494985389,-0.08571360679527797,-0.08931051174513185,0.08931051174513185,22,52
11003,16004,2010,2011,-0.03820147415829509,-0.013974210329360573,0.024227263828934517,0.024227263828934517,9,49
11004,11008,2010,2011,-0.04797042452735976,-0.07412030778412992,-0.026149883256770166,0.026149883256770166,8,45
11004,12001,2010,2011,0.05789441070909596,0.09687288813329212,0.038978477424196155,0.038978477424196155,9,69
11004,12003,2010,2011,0.12212705125729893,0.11539730150977555,-0.006729749747523384,0.006729749747523384,16,117
11004,13003,2010,2011,0.08198579127071504,0.042463330131649345,-0.03952246113906569,0.03952246113906569,6,46
11004,13004,2010,2011,0.04986912035389926,0.0006179458025951358,-0.04925117455130412,0.04925117455130412,13,57
11004,13005,2010,2011,-0.12016955847825814,-0.017580738762184255,0.10258881971607388,0.10258881971607388,9,102
11004,14002,2010,2011,0.035490776970211156,0.031211676622690813,-0.004279100347520343,0.004279100347520343,5,47
11004,14007,2010,2011,-0.024909419657387015,-0.05388917847931082,-0.028979758821923808,0.028979758821923808,16,91
11004,15001,2010,2011,0.02544263906055561,0.07047079303614068,0.04502815397558507,0.04502815397558507,14,104
11004,15002,2010,2011,-0.03795613700626028,0.006731184567855129,0.04468732157411541,0.04468732157411541,8,86
11004,15003,2010,2011,0.08511628743034767,0.040298624479075056,-0.04481766295127262,0.04481766295127262,9,34
11004,15004,2010,2011,0.11017297328961775,0.05544212344314446,-0.05473084984647329,0.05473084984647329,10,62
11004,15006,2010,2011,0.043179152913719016,-0.004680676123226287,-0.0478598290369453,0.0478598290369453,8,28
11004,15007,2010,2011,-0.19214626607732743,-0.06044206624158964,0.13170419983573778,0.13170419983573778,5,63
11004,16004,2010,2011,0.05903817109013686,-0.04604226767619989,-0.10508043876633674,0.10508043876633674,10,45
11005,11008,2010,2011,-0.1645322077260302,-0.13596824956283335,0.028563958163196845,0.028563958163196845,8,73
11005,12001,2010,2011,0.16412859459703952,0.20785697049392707,0.04372837589688755,0.04372837589688755,24,183
11005,12003,2010,2011,0.1484173297050807,0.07772902866991456,-0.07068830103516614,0.07068830103516614,30,198
11005,12004,2010,2011,-0.003437018002401545,0.09280804458362697,0.09624506258602852,0.09624506258602852,6,52
11005,13001,2010,2011,0.024288363941993005,-0.014703647135465391,-0.038992011077458394,0.038992011077458394,9,62
11005,13004,2010,2011,0.16750810471475672,0.12207240111836176,-0.045435703596394955,0.045435703596394955,35,173
11005,13005,2010,2011,-0.03785163585057069,-0.019795334055165946,0.018056301795404746,0.018056301795404746,26,208
11005,14001,2010,2011,0.06803243950506171,0.10758957105541463,0.03955713155035291,0.03955713155035291,9,88
11005,14002,2010,2011,0.05845021637494947,0.02189941538007894,-0.03655080099487053,0.03655080099487053,10,90
11005,14007,2010,2011,0.041206784851540286,-0.02553079990674769,-0.06673758475828798,0.06673758475828798,38,211
11005,15001,2010,2011,-0.019181371653486105,0.01455462849741442,0.03373600015090052,0.03373600015090052,21,169
11005,15002,2010,2011,-0.08273378039998606,0.014415575836725376,0.09714935623671145,0.09714935623671145,12,178
11005,15003,2010,2011,0.10458764522629681,-0.05315961660759786,-0.15774726183389468,0.15774726183389468,17,44
11005,15004,2010,2011,-0.10395603921426416,-0.09399726244781532,0.009958776766448837,0.009958776766448837,6,66
11005,15006,2010,2011,-0.15044987505544338,-0.07338539076999752,0.07706448428544586,0.07706448428544586,5,41
11005,15007,2010,2011,-0.12985000857788126,-0.11761181106008999,0.012238197517791274,0.012238197517791274,15,106
11005,16004,2010,2011,0.020704491040644955,0.02726216033811812,0.006557669297473166,0.006557669297473166,15,125
11006,11008,2010,2011,-0.10102666593026705,-0.10637916249540111,-0.005352496565134063,0.005352496565134063,9,37
11006,12001,2010,2011,0.10867546582322368,0.07547092547529717,-0.03320454034792651,0.03320454034792651,16,62
11006,12003,2010,2011,0.16310943436843053,0.07643743993849193,-0.0866719944299386,0.0866719944299386,26,100
11006,13003,2010,2011,-0.02030285976975907,-0.03428810485502725,-0.013985245085268182,0.013985245085268182,5,31
11006,13004,2010,2011,0.09101487338318107,0.047749532552200616,-0.04326534083098045,0.04326534083098045,22,68
11006,13005,2010,2011,-0.05607221793023116,-0.011303083952390642,0.04476913397784051,0.04476913397784051,19,102
11006,14001,2010,2011,-0.003570039809542871,0.0779253712524637,0.08149541106200657,0.08149541106200657,5,40
11006,14002,2010,2011,0.0559328288423121,0.02187771286530153,-0.03405511597701057,0.03405511597701057,8,44
11006,14007,2010,2011,-0.011450090469098097,-0.027134408086442578,-0.01568431761734448,0.01568431761734448,25,99
11006,15001,2010,2011,-0.05694951870707695,0.02593576552944175,0.0828852842365187,0.0828852842365187,14,86
11006,15002,2010,2011,0.0794562893254553,-0.008179213349969027,-0.08763550267542433,0.08763550267542433,20,79
11006,15003,2010,2011,0.08900327880554557,-0.00851978898169879,-0.09752306778724436,0.09752306778724436,13,26
11006,15004,2010,2011,-0.011133840579490678,-0.05681474956644579,-0.045680908986955114,0.045680908986955114,8,36
11006,15006,2010,2011,-0.054677401171933704,-0.014174367824682819,0.04050303334725089,0.04050303334725089,7,26
11006,15007,2010,2011,-0.12378268818069732,-0.0653788470228318,0.058403841157865524,0.058403841157865524,12,60
11006,16004,2010,2011,-0.08368246622710278,-0.05960003679744688,0.024082429429655897,0.024082429429655897,7,41
11007,12003,2010,2011,0.05767577080935826,0.09952408997591183,0.04184831916655357,0.04184831916655357,5,18
11007,13004,2010,2011,0.10463759087960756,0.08855605741213893,-0.01608153346746863,0.01608153346746863,7,13
11007,14007,2010,2011,0.026257905274057563,-0.08411317140846822,-0.11037107668252578,0.11037107668252578,8,9
11007,15001,2010,2011,0.005122237880018979,-0.04619383497879284,-0.05131607285881182,0.05131607285881182,5,8
11008,12001,2010,2011,0.11479209268003546,0.09059637180067344,-0.024195720879362018,0.024195720879362018,81,287
11008,12003,2010,2011,0.1780284422438692,0.24652589359131954,0.06849745134745033,0.06849745134745033,124,615
11008,12004,2010,2011,0.06656052085433474,0.1085258512117814,0.041965330357446665,0.041965330357446665,37,122
11008,13001,2010,2011,-0.1021395900908588,-0.11877205326763958,-0.016632463176780785,0.016632463176780785,25,100
11008,13003,2010,2011,0.021420070460311552,-0.0840245098530508,-0.10544458031336235,0.10544458031336235,36,136
11008,13004,2010,2011,0.034693198228299506,-0.03250594499888628,-0.06719914322718579,0.06719914322718579,98,251
11008,13005,2010,2011,0.03144271305505826,0.08450847972363473,0.05306576666857647,0.05306576666857647,154,630
11008,14001,2010,2011,0.03110787479804887,-0.051593236417365296,-0.08270111121541417,0.08270111121541417,34,113
11008,14002,2010,2011,0.011147158606800751,-0.09213829689314765,-0.1032854554999484,0.1032854554999484,37,143
11008,14003,2010,2011,0.011150029037689713,-0.009108771533099365,-0.020258800570789076,0.020258800570789076,9,55
11008,14005,2010,2011,0.09843066780671704,0.006898250576431118,-0.09153241723028592,0.09153241723028592,6,9
11008,14006,2010,2011,-0.07017994577050338,-0.0863814617118589,-0.01620151594135552,0.01620151594135552,8,51
11008,14007,2010,2011,0.00766895988714155,0.04206893080832404,0.034399970921182486,0.034399970921182486,158,598
11008,15001,2010,2011,-0.03657792045673053,-0.10160558071590924,-0.06502766025917871,0.06502766025917871,98,290
11008,15002,2010,2011,-0.08069356866968137,-0.11297606171180723,-0.032282493042125854,0.032282493042125854,66,297
11008,15003,2010,2011,-0.0734098782836162,-0.06176616251401291,0.01164371576960329,0.01164371576960329,39,107
11008,15004,2010,2011,-0.025954174722193905,-0.07876234516980933,-0.052808170447615425,0.052808170447615425,46,183
11008,15005,2010,2011,-0.19745662055529903,-0.06193664779357853,0.1355199727617205,0.1355199727617205,5,21
11008,15006,2010,2011,-0.04895001667019265,-0.09772030850641723,-0.04877029183622458,0.04877029183622458,47,95
11008,15007,2010,2011,-0.060995490798913,0.010092357519080334,0.07108784831799334,0.07108784831799334,110,408
11008,16002,2010,2011,0.042965380946511936,-0.03021796675647212,-0.07318334770298406,0.07318334770298406,25,119
11008,16003,2010,2011,0.07218396151062752,-0.05543359696633612,-0.12761755847696363,0.12761755847696363,8,12
11008,16004,2010,2011,0.04492839776081609,0.051189792170608275,0.006261394409792183,0.006261394409792183,74,312
12001,12003,2010,2011,-0.2975158834829277,-0.40209139993474924,-0.10457551645182156,0.10457551645182156,13,38
12001,12004,2010,2011,-0.08074768930021865,-0.2989339896276883,-0.21818630032746966,0.21818630032746966,13,9
12001,13001,2010,2011,0.02220634362039202,0.004940944588411131,-0.017265399031980887,0.017265399031980887,27,116
12001,13002,2010,2011,0.16332640335729723,-0.0557730417822868,-0.21909944513958401,0.21909944513958401,6,12
12001,13003,2010,2011,0.013243359116703329,-0.08365069534549587,-0.09689405446219919,0.09689405446219919,23,95
12001,13004,2010,2011,0.03953380948360514,0.11510114546499302,0.07556733598138787,0.07556733598138787,66,276
12001,13005,2010,2011,-0.039696159573200336,-0.03169955706816664,0.007996602505033694,0.007996602505033694,84,351
12001,14001,2010,2011,0.02511969086075847,0.024040599432148296,-0.001079091428610176,0.001079091428610176,22,108
12001,14002,2010,2011,-0.02415096572122433,-0.0022562151439397033,0.021894750577284627,0.021894750577284627,21,141
12001,14003,2010,2011,0.043095102636300495,0.023798910573782337,-0.019296192062518158,0.019296192062518158,7,46
12001,14006,2010,2011,-0.07250277819598787,-0.013788327799906882,0.05871445039608099,0.05871445039608099,5,51
12001,14007,2010,2011,-0.013783853104382907,-0.009932999546477611,0.003850853557905296,0.003850853557905296,98,384
12001,15001,2010,2011,0.0012470411790146765,-0.03507919229915784,-0.036326233478172515,0.036326233478172515,71,250
12001,15002,2010,2011,-0.036138976379418,-0.0017773810342040259,0.03436159534521398,0.03436159534521398,49,291
12001,15003,2010,2011,0.0139335479238034,-0.04779057222462359,-0.061724120148426986,0.061724120148426986,35,80
12001,15004,2010,2011,-0.11679085068153734,-0.04950269740660549,0.06728815327493184,0.06728815327493184,20,143
12001,15005,2010,2011,0.03842790796527451,-0.028745403778199053,-0.06717331174347356,0.06717331174347356,12,18
12001,15006,2010,2011,0.03393868290267825,-0.008359470414539594,-0.04229815331721784,0.04229815331721784,41,97
12001,15007,2010,2011,-0.07462669818991205,-0.08377364302000223,-0.009146944830090181,0.009146944830090181,67,221
12001,16002,2010,2011,0.0337028289865277,-0.04073327689707935,-0.07443610588360705,0.07443610588360705,16,81
12001,16003,2010,2011,0.0580206494572978,-0.0461426535406766,-0.1041633029979744,0.1041633029979744,5,9
12001,16004,2010,2011,-0.016369066198580997,-0.025962117646756905,-0.009593051448175908,0.009593051448175908,40,179
12003,12004,2010,2011,-0.29287665922146294,-0.2542351239921361,0.03864153522932684,0.03864153522932684,5,26
12003,13001,2010,2011,-0.041328836323345955,-0.0840696140452003,-0.04274077772185435,0.04274077772185435,29,141
12003,13002,2010,2011,0.06909632539800041,0.0636161716135678,-0.005480153784432604,0.005480153784432604,5,38
12003,13003,2010,2011,-1.820826072462302e-05,-0.0070626815871414885,-0.007044473326416866,0.007044473326416866,30,215
12003,13004,2010,2011,0.06104329960312473,-0.035293941607582854,-0.09633724121070758,0.09633724121070758,95,300
12003,13005,2010,2011,-0.017730361541636867,0.02150063380451731,0.03923099534615418,0.03923099534615418,124,663
12003,14001,2010,2011,0.07528136859313811,-0.009476244080546104,-0.08475761267368422,0.08475761267368422,36,159
12003,14002,2010,2011,-0.03424902705311259,-0.035391050669704785,-0.001142023616592193,0.001142023616592193,28,212
12003,14003,2010,2011,0.09373190913537464,0.034337003293009656,-0.05939490584236499,0.05939490584236499,12,79
12003,14005,2010,2011,0.08130510925538577,0.06478729354794525,-0.016517815707440514,0.016517815707440514,5,15
12003,14006,2010,2011,-0.07406932796114914,-0.10411185748734349,-0.03004252952619435,0.03004252952619435,7,57
12003,14007,2010,2011,-0.015698912117318102,-0.02675910463011533,-0.011060192512797228,0.011060192512797228,135,621
12003,15001,2010,2011,-0.02490654472444687,-0.08463743019987527,-0.0597308854754284,0.0597308854754284,91,372
12003,15002,2010,2011,-0.02837596355239556,-0.07281265824248984,-0.04443669469009427,0.04443669469009427,70,407
12003,15003,2010,2011,-0.03116830539343835,-0.06712978292508905,-0.035961477531650694,0.035961477531650694,41,127
12003,15004,2010,2011,0.047433902183916216,-0.02711774705483262,-0.07455164923874884,0.07455164923874884,53,262
12003,15005,2010,2011,-0.06438308185436895,-0.07231377277608246,-0.007930690921713515,0.007930690921713515,10,24
12003,15006,2010,2011,-0.11080942594217823,-0.09983190743938225,0.010977518502795977,0.010977518502795977,33,115
12003,15007,2010,2011,-0.12138977380163775,-0.055524710814783614,0.06586506298685413,0.06586506298685413,82,416
12003,16002,2010,2011,-0.0245119492676932,0.04750452824862819,0.0720164775163214,0.0720164775163214,17,186
12003,16003,2010,2011,0.0013230971488712238,0.07235063767765337,0.07102754052878214,0.07102754052878214,5,29
12003,16004,2010,2011,-0.007675381183020996,-0.00434820346066474,0.003327177722356256,0.003327177722356256,57,321
12004,13001,2010,2011,-0.04190499307904775,-0.09837121676298086,-0.05646622368393311,0.05646622368393311,10,25
12004,13003,2010,2011,-0.08232144420284697,-0.08330413383012997,-0.0009826896272829982,0.0009826896272829982,7,32
12004,13004,2010,2011,-0.14558093183222443,0.05793846414817826,0.2035193959804027,0.2035193959804027,15,92
12004,13005,2010,2011,-0.037250286256504096,0.0030928503259610818,0.040343136582465175,0.040343136582465175,41,142
12004,14002,2010,2011,-0.02951016576416085,-0.014398603798608047,0.015111561965552803,0.015111561965552803,10,49
12004,14007,2010,2011,-0.04033245447912428,-0.024118214745600546,0.016214239733523733,0.016214239733523733,44,133
12004,15001,2010,2011,-0.10327176588014977,-0.03451264519205097,0.06875912068809881,0.06875912068809881,23,89
12004,15002,2010,2011,-0.0751223836497536,-0.0869781913034916,-0.011855807653738004,0.011855807653738004,20,75
12004,15003,2010,2011,-0.08398305523762292,-0.010622812861639621,0.0733602423759833,0.0733602423759833,11,34
12004,15004,2010,2011,-0.034040106832233005,-0.08907365160690822,-0.05503354477467522,0.05503354477467522,14,41
12004,15005,2010,2011,0.03434378260908905,0.023091589655394235,-0.011252192953694819,0.011252192953694819,6,9
12004,15006,2010,2011,0.011281988158003914,-0.06032094332187831,-0.07160293147988223,0.07160293147988223,19,27
12004,15007,2010,2011,-0.012994412511793205,-0.07294317135372565,-0.059948758841932445,0.059948758841932445,40,78
12004,16002,2010,2011,0.004144376924320894,-0.08740336720244278,-0.09154774412676367,0.09154774412676367,7,22
12004,16003,2010,2011,0.18143912595432873,0.1662741603285355,-0.015164965625793225,0.015164965625793225,5,12
12004,16004,2010,2011,-0.06178944256921417,0.06842463921120004,0.13021408178041421,0.13021408178041421,16,94
13001,13003,2010,2011,-0.13193741305048365,-0.29579225916590535,-0.1638548461154217,0.1638548461154217,7,18
13001,13004,2010,2011,-0.26864153211728065,-0.33475713027940973,-0.06611559816212909,0.06611559816212909,10,24
13001,13005,2010,2011,-0.22033365609201894,-0.4231797360603184,-0.20284607996829945,0.20284607996829945,25,33
13001,14001,2010,2011,0.0633941619232255,0.04414780192000922,-0.01924636000321628,0.01924636000321628,17,84
13001,14002,2010,2011,0.10252291146207718,0.02428953228313261,-0.07823337917894457,0.07823337917894457,23,111
13001,14006,2010,2011,0.06783401749390729,0.17726351970503207,0.10942950221112478,0.10942950221112478,7,80
13001,14007,2010,2011,-0.02960786076287641,-0.01212507363625518,0.01748278712662123,0.01748278712662123,60,271
13001,15001,2010,2011,0.013577402661566335,0.052857242994572944,0.039279840333006605,0.039279840333006605,48,232
13001,15002,2010,2011,0.023285910811989885,0.07718693099510367,0.05390102018311378,0.05390102018311378,39,261
13001,15003,2010,2011,0.08582696334720817,0.05043563465811008,-0.03539132868909809,0.03539132868909809,30,85
13001,15004,2010,2011,0.00743025641057775,-0.04736900018895407,-0.05479925659953182,0.05479925659953182,22,101
13001,15005,2010,2011,-0.04568913842676242,0.021422302079746495,0.06711144050650891,0.06711144050650891,5,17
13001,15006,2010,2011,-0.027256209322330985,0.05810508774963062,0.0853612970719616,0.0853612970719616,21,90
13001,15007,2010,2011,-0.07417592712348242,-0.010733517653053417,0.063442409470429,0.063442409470429,42,197
13001,16002,2010,2011,-0.07237734731120284,-0.10670476771906125,-0.03432742040785841,0.03432742040785841,6,41
13001,16004,2010,2011,-0.09684186152935804,-0.11163014455049294,-0.014788283021134899,0.014788283021134899,18,89
13002,15003,2010,2011,0.1501843234687734,-0.038075145008603005,-0.1882594684773764,0.1882594684773764,5,8
13002,16004,2010,2011,0.14398206431004082,0.03816379376649431,-0.1058182705435465,0.1058182705435465,6,25
13003,13005,2010,2011,-0.20532263830841252,-0.4560499303867303,-0.2507272920783178,0.2507272920783178,23,32
13003,14001,2010,2011,-0.0902618829262844,0.04496920279864803,0.13523108572493242,0.13523108572493242,7,97
13003,14002,2010,2011,-0.021096113891023033,0.11868777561151415,0.13978388950253717,0.13978388950253717,12,174
13003,14006,2010,2011,0.09171735984678742,0.08631942862458673,-0.005397931222200683,0.005397931222200683,7,65
13003,14007,2010,2011,0.026296732296418546,-0.06925921620046298,-0.09555594849688152,0.09555594849688152,63,266
13003,15001,2010,2011,0.004319188607998918,0.07211499946975332,0.0677958108617544,0.0677958108617544,41,281
13003,15002,2010,2011,0.0660779979929057,0.08342835778094256,0.017350359788036854,0.017350359788036854,40,304
13003,15003,2010,2011,0.03549841684020234,-0.010230513512172265,-0.04572893035237461,0.04572893035237461,22,77
13003,15004,2010,2011,0.1679317983949363,0.16208086323851972,-0.005850935156416576,0.005850935156416576,35,230
13003,15006,2010,2011,-0.008622144502307229,0.029638006336742045,0.038260150839049274,0.038260150839049274,20,93
13003,15007,2010,2011,0.01795772873265901,-0.07034542448336652,-0.08830315321602553,0.08830315321602553,51,188
13003,16002,2010,2011,0.026974759889933437,0.20742665868294255,0.1804518987930091,0.1804518987930091,9,160
13003,16004,2010,2011,-0.03371255898995571,-0.10946806025727614,-0.07575550126732042,0.07575550126732042,21,106
13004,13005,2010,2011,-0.43323102027182675,-0.556047842011271,-0.12281682173944425,0.12281682173944425,25,26
13004,14001,2010,2011,0.10677513013204332,0.062399984468608526,-0.04437514566343479,0.04437514566343479,44,152
13004,14002,2010,2011,0.06764091224092474,0.015859338237097197,-0.05178157400382754,0.05178157400382754,45,186
13004,14003,2010,2011,0.01059603223242346,0.036251356331239354,0.025655324098815893,0.025655324098815893,9,60
13004,14006,2010,2011,-0.09406978136559876,0.01203143269961663,0.10610121406521539,0.10610121406521539,7,71
13004,14007,2010,2011,-0.04316376196926775,-0.02638881926428177,0.01677494270498598,0.01677494270498598,141,460
13004,15001,2010,2011,0.0690853317758408,0.0124006477340687,-0.05668468404177209,0.05668468404177209,128,356
13004,15002,2010,2011,0.062105167684599574,0.032210797871121494,-0.02989436981347808,0.02989436981347808,100,394
13004,15003,2010,2011,0.10560198886636832,0.022182872507550636,-0.08341911635881769,0.08341911635881769,70,131
13004,15004,2010,2011,-0.032964740437602426,-0.06044948590747406,-0.027484745469871633,0.027484745469871633,45,173
13004,15005,2010,2011,0.07505582965462278,0.045771628274787556,-0.02928420137983522,0.02928420137983522,21,33
13004,15006,2010,2011,-0.08011147467590339,0.005340384113982059,0.08545185878988545,0.08545185878988545,42,127
13004,15007,2010,2011,-0.20662391595533686,-0.08399238991436345,0.12263152604097341,0.12263152604097341,69,280
13004,16002,2010,2011,0.10086336130513694,-0.030090986423593237,-0.13095434772873019,0.13095434772873019,31,106
13004,16003,2010,2011,0.18244709996234662,0.022795719083521692,-0.15965138087882494,0.15965138087882494,13,17
13004,16004,2010,2011,0.10897424486528734,0.03887711412478765,-0.0700971307404997,0.0700971307404997,88,271
13005,14001,2010,2011,0.0011645298203394002,-0.054039621304931854,-0.05520415112527125,0.05520415112527125,49,198
13005,14002,2010,2011,-0.018018986583303687,-0.08038526131234622,-0.062366274729042534,0.062366274729042534,54,269
13005,14003,2010,2011,0.004455298389850171,0.01729294119648507,0.0128376428066349,0.0128376428066349,14,105
13005,14005,2010,2011,0.011080264395304655,-0.009346040217658355,-0.02042630461296301,0.02042630461296301,6,14
13005,14006,2010,2011,0.01758212552766996,-0.11504654349261538,-0.13262866902028533,0.13262866902028533,20,81
13005,14007,2010,2011,0.017288793755054294,0.08093415159450544,0.06364535783945115,0.06364535783945115,258,1062
13005,15001,2010,2011,-0.022594280482384543,-0.0692733996529104,-0.04667911917052586,0.04667911917052586,166,571
13005,15002,2010,2011,-0.0644462938674805,-0.10460956960134124,-0.040163275733860734,0.040163275733860734,116,557
13005,15003,2010,2011,-0.07482675994995504,-0.04545944459025353,0.02936731535970151,0.02936731535970151,65,201
13005,15004,2010,2011,-0.035336711576354984,-0.03431804324176462,0.0010186683345903627,0.0010186683345903627,73,372
13005,15005,2010,2011,-0.059901917122976066,0.00240971750068345,0.06231163462365952,0.06231163462365952,19,51
13005,15006,2010,2011,-0.03500783472942635,-0.056237769911306114,-0.021229935181879767,0.021229935181879767,81,200
13005,15007,2010,2011,0.06955015340394699,0.08605500153228308,0.016504848128336094,0.016504848128336094,235,797
13005,16002,2010,2011,-0.0315408027529604,-0.05682212263317999,-0.025281319880219588,0.025281319880219588,30,190
13005,16004,2010,2011,-0.06934262572562984,0.0481285861925969,0.11747121191822674,0.11747121191822674,86,518
14001,14007,2010,2011,-0.31026204696783416,-0.4457335594068167,-0.13547151243898253,0.13547151243898253,12,22
14001,15001,2010,2011,0.0855304911809525,0.04414437579722396,-0.04138611538372854,0.04138611538372854,49,197
14001,15002,2010,2011,0.061246905446005084,0.059588341714974145,-0.001658563731030939,0.001658563731030939,36,217
14001,15003,2010,2011,0.058177163192908846,0.02572379790456533,-0.032453365288343514,0.032453365288343514,22,67
14001,15004,2010,2011,0.04884951952647903,0.03151360495097183,-0.0173359145755072,0.0173359145755072,21,118
14001,15005,2010,2011,0.056404552589637974,-0.013851285778090337,-0.07025583836772831,0.07025583836772831,7,12
14001,15006,2010,2011,0.01354977379365344,0.0223604867292313,0.00881071293557786,0.00881071293557786,20,68
14001,15007,2010,2011,-0.12148613522120515,-0.08074256566701601,0.04074356955418913,0.04074356955418913,27,132
14001,16004,2010,2011,-0.04615956260707035,-0.05258966566554331,-0.006430103058472962,0.006430103058472962,18,98
14002,14007,2010,2011,-0.3218845377844056,-0.4772882988337578,-0.15540376104935216,0.15540376104935216,14,32
14002,15001,2010,2011,0.04428638964078536,0.03931971167551119,-0.004966677965274169,0.004966677965274169,50,276
14002,15002,2010,2011,0.09729054636743564,0.042543636560076634,-0.05474690980735901,0.05474690980735901,47,293
14002,15003,2010,2011,0.09215630447544264,-0.010288389429095655,-0.1024446939045383,0.1024446939045383,29,83
14002,15004,2010,2011,0.033183977339560695,0.0437775481005489,0.010593570760988207,0.010593570760988207,23,175
14002,15006,2010,2011,0.029912060669306496,0.045419094037415425,0.015507033368108929,0.015507033368108929,25,106
14002,15007,2010,2011,-0.056731889700995596,-0.08592214593611172,-0.029190256235116126,0.029190256235116126,42,193
14002,16002,2010,2011,0.07512861070012504,0.08819681902464686,0.013068208324521824,0.013068208324521824,12,118
14002,16004,2010,2011,-0.028275758243559216,-0.09567501707797722,-0.06739925883441801,0.06739925883441801,23,122
14003,15001,2010,2011,-0.09920050160506305,0.018031650991259165,0.11723215259632222,0.11723215259632222,6,77
14003,15002,2010,2011,-0.02690199413881766,-0.0076108005905295385,0.01929119354828812,0.01929119354828812,7,73
14003,15003,2010,2011,0.0388964668331193,-0.07872903856811304,-0.11762550540123234,0.11762550540123234,6,16
14003,15004,2010,2011,0.124045975602548,-0.04032567336679985,-0.16437164896934786,0.16437164896934786,9,36
14003,15007,2010,2011,-0.06139014795715876,-0.061732232745671266,-0.00034208478851250473,0.00034208478851250473,9,56
14003,16004,2010,2011,0.049560227037233354,-0.04759587782000965,-0.097156104857243,0.097156104857243,8,40
14005,15004,2010,2011,0.16414517290886782,0.06732366557513719,-0.09682150733373063,0.09682150733373063,5,10
14005,15007,2010,2011,0.08853047070780391,-0.0704414099237999,-0.1589718806316038,0.1589718806316038,8,7
14006,14007,2010,2011,-0.177570728702392,-0.42966941924023944,-0.25209869053784745,0.25209869053784745,8,9
14006,15001,2010,2011,0.09676898376697662,0.05821401344090757,-0.038554970326069055,0.038554970326069055,21,117
14006,15002,2010,2011,0.05363940251244577,0.11655670552544556,0.06291730301299979,0.06291730301299979,14,149
14006,15003,2010,2011,0.0623901256849523,0.03429502693033738,-0.028095098754614918,0.028095098754614918,9,39
14006,15004,2010,2011,-0.046360266850932426,0.05215390135860658,0.09851416820953901,0.09851416820953901,5,72
14006,15006,2010,2011,0.10765322737044822,0.06466180801346162,-0.042991419356986596,0.042991419356986596,12,46
14006,15007,2010,2011,0.005165954960334143,-0.01662938786469417,-0.021795342825028312,0.021795342825028312,17,91
14006,16004,2010,2011,-0.008782977514440824,-0.041616517893281434,-0.032833540378840606,0.032833540378840606,8,55
14007,15001,2010,2011,0.02486136148752486,-0.04223700811403075,-0.0670983696015556,0.0670983696015556,198,627
14007,15002,2010,2011,0.004472229303279528,-0.050795559368663354,-0.05526778867194288,0.05526778867194288,149,651
14007,15003,2010,2011,0.013792545706673374,-0.025019172453166278,-0.03881171815983965,0.03881171815983965,92,222
14007,15004,2010,2011,-0.05321897490105414,-0.036826761033145854,0.01639221386790829,0.01639221386790829,75,382
14007,15005,2010,2011,0.012861016095844209,0.024351951310694588,0.01149093521485038,0.01149093521485038,28,58
14007,15006,2010,2011,-0.04643029910347947,-0.06335957810673376,-0.01692927900325429,0.01692927900325429,85,202
14007,15007,2010,2011,0.03069988530182646,0.08096208726398994,0.05026220196216348,0.05026220196216348,237,814
14007,16002,2010,2011,-0.06018900687221507,-0.059153049662725526,0.0010359572094895408,0.0010359572094895408,29,195
14007,16003,2010,2011,0.008215947811007417,-0.0717031403943048,-0.07991908820531221,0.07991908820531221,10,20
14007,16004,2010,2011,0.06186191007634067,0.04987364630254118,-0.011988263773799489,0.011988263773799489,131,536
15001,15002,2010,2011,0.11296095884045947,0.11924746991804386,0.006286511077584392,0.006286511077584392,134,645
15001,15003,2010,2011,0.12799283733761252,0.07123188860350912,-0.056760948734103395,0.056760948734103395,88,211
15001,15004,2010,2011,0.02554549641665581,0.0809368990056654,0.0553914025890096,0.0553914025890096,66,364
15001,15005,2010,2011,0.005945696864249386,-0.033360693324071246,-0.039306390188320633,0.039306390188320633,19,31
15001,15006,2010,2011,0.017378998787686627,-0.00857650434656753,-0.025955503134254158,0.025955503134254158,71,169
15001,15007,2010,2011,-0.15198789354298392,-0.12021343000439777,0.03177446353858615,0.03177446353858615,105,364
15001,16002,2010,2011,0.05982315529985238,0.06020647542983749,0.0003833201299851055,0.0003833201299851055,32,201
15001,16003,2010,2011,0.05891004886559079,-0.007773931515800376,-0.06668398038139117,0.06668398038139117,9,20
15001,16004,2010,2011,-0.020519814186191702,-0.04911830344141228,-0.028598489255220575,0.028598489255220575,74,295
15002,15003,2010,2011,0.12907635143414742,0.07166769114985631,-0.057408660284291105,0.057408660284291105,71,222
15002,15004,2010,2011,0.0778009484303217,0.10167814348771602,0.023877195057394315,0.023877195057394315,61,401
15002,15005,2010,2011,-0.02309575392554829,0.012208301943901335,0.035304055869449624,0.035304055869449624,13,41
15002,15006,2010,2011,-0.010026459869546932,0.051124259760023175,0.06115071962957011,0.06115071962957011,51,215
15002,15007,2010,2011,-0.07864729368743785,-0.18634176556202126,-0.1076944718745834,0.1076944718745834,99,315
15002,16002,2010,2011,0.04524559638300285,0.03527478871739464,-0.009970807665608213,0.009970807665608213,24,196
15002,16003,2010,2011,0.025269647856431196,-7.710696965743134e-05,-0.025346754826088627,0.025346754826088627,6,22
15002,16004,2010,2011,-0.0026915683733567705,-0.08064828946219153,-0.07795672108883477,0.07795672108883477,61,284
15003,15004,2010,2011,0.07772641764661402,0.02788744293252938,-0.04983897471408464,0.04983897471408464,38,115
15003,15006,2010,2011,0.057882441896393286,0.01102840494319868,-0.04685403695319461,0.04685403695319461,39,64
15003,15007,2010,2011,-0.07827742743322766,-0.026757205996395396,0.05152022143683226,0.05152022143683226,57,159
15003,16002,2010,2011,-0.01760466128087382,-0.029224826567795813,-0.011620165286921991,0.011620165286921991,11,51
15003,16004,2010,2011,-0.06221461710102138,-0.020180390107851963,0.042034226993169416,0.042034226993169416,29,110
15004,15005,2010,2011,-0.0963033279415956,0.004024165305581943,0.10032749324717755,0.10032749324717755,5,23
15004,15006,2010,2011,0.045335929522054105,0.022351808904126805,-0.0229841206179273,0.0229841206179273,37,116
15004,15007,2010,2011,-0.0027948584212474717,-0.06308953314447992,-0.060294674723232446,0.060294674723232446,72,253
15004,16002,2010,2011,-0.015568504627203498,0.08543638670718492,0.10100489133438842,0.10100489133438842,11,138
15004,16004,2010,2011,-0.004376235299764147,-0.08167764271369003,-0.07730140741392588,0.07730140741392588,36,157
15005,15006,2010,2011,-0.08434616161985545,-0.01660379388652339,0.06774236773333206,0.06774236773333206,6,12
15005,15007,2010,2011,0.04135541893809041,0.01683491397382754,-0.02452050496426287,0.02452050496426287,26,41
15005,16002,2010,2011,0.05808970591797729,-0.07164019368045867,-0.12972989959843595,0.12972989959843595,5,8
15005,16004,2010,2011,-0.0632566413331219,0.05581428693524627,0.11907092826836815,0.11907092826836815,8,34
15006,15007,2010,2011,0.02493402567192728,-0.07957872349256051,-0.10451274916448779,0.10451274916448779,86,135
15006,16002,2010,2011,-0.001708465559602384,-0.18619005130665175,-0.18448158574704937,0.18448158574704937,13,22
15006,16004,2010,2011,-0.06925210764800617,-0.18540795723001063,-0.11615584958200446,0.11615584958200446,31,53
15007,16002,2010,2011,0.005610751258802529,-0.10664323360176496,-0.1122539848605675,0.1122539848605675,31,115
15007,16004,2010,2011,-0.06676112061795594,0.04203074611318934,0.10879186673114528,0.10879186673114528,77,388
10001,10002,2011,2012,-0.3086965704975942,-0.2182786230010981,0.09041794749649609,0.09041794749649609,8,261
10001,10005,2011,2012,-0.3073176809056281,-0.15716239242973007,0.15015528847589804,0.15015528847589804,20,154
10001,11001,2011,2012,-0.006076688947688091,-0.04292142650257831,-0.03684473755489022,0.03684473755489022,289,3144
10001,11002,2011,2012,0.006030796319693199,-0.06063591313450137,-0.06666670945419456,0.06666670945419456,116,1650
10001,11003,2011,2012,-0.016758243332178697,-0.09931226816647756,-0.08255402483429887,0.08255402483429887,30,949
10001,11004,2011,2012,-0.1014761972666231,-0.16550260919504436,-0.06402641192842126,0.06402641192842126,20,346
10001,11005,2011,2012,0.15336346119874678,0.15030973861411168,-0.003053722584635099,0.003053722584635099,124,2528
10001,11006,2011,2012,0.03894775306511019,-0.060230732973526734,-0.09917848603863692,0.09917848603863692,41,390
10001,11008,2011,2012,-0.11242313121145192,-0.13579009718724835,-0.023366965975796433,0.023366965975796433,111,470
10001,12001,2011,2012,0.04954357767946639,0.029733449377445608,-0.019810128302020783,0.019810128302020783,145,2529
10001,12003,2011,2012,-0.03997251063359318,0.03722118350773519,0.07719369414132837,0.07719369414132837,178,2967
10001,12004,2011,2012,0.009891509441361766,-0.023026992701426077,-0.03291850214278784,0.03291850214278784,47,1889
10001,13001,2011,2012,0.0875049548240824,0.003266241573043656,-0.08423871325103874,0.08423871325103874,120,3311
10001,13002,2011,2012,-0.039814141036743404,-0.1649772765746141,-0.1251631355378707,0.1251631355378707,10,451
10001,13003,2011,2012,-0.2145024182785582,-0.2767363764170819,-0.06223395813852367,0.06223395813852367,35,407
10001,13004,2011,2012,0.1756419056551267,0.24137124317130046,0.06572933751617377,0.06572933751617377,254,5356
10001,13005,2011,2012,-0.06287489703406032,-0.0985506121387714,-0.035675715104711084,0.035675715104711084,241,1061
10001,14001,2011,2012,0.024312172021374624,0.05841829557361837,0.034106123552243746,0.034106123552243746,83,2800
10001,14002,2011,2012,0.022835377490117086,0.0026208269629196756,-0.020214550527197412,0.020214550527197412,118,851
10001,14003,2011,2012,0.0717688197173613,0.008935025143279601,-0.06283379457408171,0.06283379457408171,44,1011
10001,14005,2011,2012,0.1213498740138425,0.12051144342174376,-0.0008384305920987462,0.0008384305920987462,10,1257
10001,14006,2011,2012,0.07196749774524204,0.03338173737059249,-0.03858576037464955,0.03858576037464955,57,1163
10001,14007,2011,2012,-0.019808585159600607,-0.09107927094532675,-0.07127068578572615,0.07127068578572615,284,1149
10001,15001,2011,2012,0.028955837857736134,-0.024857838246431587,-0.05381367610416772,0.05381367610416772,231,2855
10001,15002,2011,2012,0.07852360525739581,-0.040896225044679525,-0.11941983030207534,0.11941983030207534,279,3297
10001,15003,2011,2012,0.021383869564938294,-0.05158732962534956,-0.07297119919028786,0.07297119919028786,81,950
10001,15004,2011,2012,-0.07710279294651524,-0.10935177092129167,-0.032248977974776424,0.032248977974776424,96,1145
10001,15005,2011,2012,-0.0013510342690721858,-0.03110273526225915,-0.029751700993186966,0.029751700993186966,16,310
10001,15006,2011,2012,0.0048715598175421045,-0.09232844049331228,-0.09720000031085438,0.09720000031085438,78,1521
10001,15007,2011,2012,-0.1184652847517763,-0.09973358580747252,0.01873169894430378,0.01873169894430378,144,518
10001,16001,2011,2012,0.20444015563391338,0.057148700736186095,-0.14729145489772727,0.14729145489772727,6,401
10001,16002,2011,2012,-0.07879065414310185,-0.0941520222442402,-0.015361368101138348,0.015361368101138348,51,746
10001,16003,2011,2012,-0.02139518981275282,-0.08142040375907558,-0.060025213946322764,0.060025213946322764,8,137
10001,16004,2011,2012,-0.02911908522942558,-0.007479201203233047,0.021639884026192532,0.021639884026192532,134,914
10002,11001,2011,2012,-0.08605211622164877,-0.025546375281720466,0.060505740939928304,0.060505740939928304,134,4041
10002,11002,2011,2012,0.04377185102718527,-0.017205855328800035,-0.0609777063559853,0.0609777063559853,84,2404
10002,11003,2011,2012,0.03993910079878382,0.01972269377374085,-0.020216407025042973,0.020216407025042973,25,2013
10002,11004,2011,2012,-0.005544733843419188,-0.014077834224781339,-0.00853310038136215,0.00853310038136215,21,1034
10002,11005,2011,2012,0.014797579541573659,-0.10004160763363007,-0.11483918717520372,0.11483918717520372,47,1028
10002,11006,2011,2012,-0.05933272178233985,-0.19902043000826283,-0.13968770822592297,0.13968770822592297,15,178
10002,11008,2011,2012,-0.04459860368993842,-0.0868414147901679,-0.042242811100229476,0.042242811100229476,88,774
10002,12001,2011,2012,0.1225458610573965,0.029535304826594305,-0.09301055623080219,0.09301055623080219,119,3009
10002,12003,2011,2012,0.019361938171942098,0.04382769103061429,0.024465752858672193,0.024465752858672193,135,3610
10002,12004,2011,2012,-0.03581132854969467,-0.013214138653795721,0.02259718989589895,0.02259718989589895,23,2364
10002,13001,2011,2012,0.04354158608765481,0.04600476961569389,0.0024631835280390854,0.0024631835280390854,65,4570
10002,13003,2011,2012,-0.08358794923862492,-0.1450564317079464,-0.06146848246932149,0.06146848246932149,42,1223
10002,13004,2011,2012,0.11936331133424989,0.0933206682354939,-0.026042643098755994,0.026042643098755994,143,4092
10002,13005,2011,2012,-0.042487904533715024,-0.018733306005783004,0.02375459852793202,0.02375459852793202,156,1886
10002,14001,2011,2012,0.045182197139783005,0.036798489278085544,-0.00838370786169746,0.00838370786169746,57,3073
10002,14002,2011,2012,-0.04112173824265987,0.006038039340619751,0.04715977758327962,0.04715977758327962,56,1035
10002,14003,2011,2012,-0.0453450502810266,-0.02619997479723486,0.019145075483791744,0.019145075483791744,15,1020
10002,14004,2011,2012,0.11221908082415373,-0.0384553321837406,-0.15067441300789433,0.15067441300789433,7,430
10002,14006,2011,2012,-0.04569545196351519,0.030273198719067577,0.07596865068258277,0.07596865068258277,20,1365
10002,14007,2011,2012,0.03817999109690679,-0.0583100274425478,-0.09649001853945459,0.09649001853945459,210,1640
10002,15001,2011,2012,-0.022043539019338684,-0.007482287282350304,0.01456125173698838,0.01456125173698838,121,3659
10002,15002,2011,2012,-0.0028380138276722046,-0.02445270772755286,-0.021614693899880653,0.021614693899880653,137,4218
10002,15003,2011,2012,-0.004908812267753025,-0.016628053740573426,-0.011719241472820401,0.011719241472820401,45,1359
10002,15004,2011,2012,-0.06712715245721051,-0.03651801913394797,0.030609133323262545,0.030609133323262545,60,1975
10002,15005,2011,2012,0.09394853304527945,-0.0124058021197208,-0.10635433516500024,0.10635433516500024,17,417
10002,15006,2011,2012,-0.072776396686284,-0.0673725220758667,0.005403874610417289,0.005403874610417289,33,2078
10002,15007,2011,2012,-0.09022642156008376,-0.05873160821165667,0.03149481334842709,0.03149481334842709,95,798
10002,16002,2011,2012,-0.052247577866012876,-0.04640244358170769,0.005845134284305185,0.005845134284305185,35,1167
10002,16003,2011,2012,0.07296689512028978,-0.04353319579110039,-0.11650009091139017,0.11650009091139017,9,217
10002,16004,2011,2012,-0.011814804328215462,-0.03532343246030743,-0.023508628132091973,0.023508628132091973,88,954
10003,11001,2011,2012,-0.0422990205175596,-0.10429779114783584,-0.06199877063027624,0.06199877063027624,7,84
10003,11005,2011,2012,0.20025315371182256,0.12017766070091115,-0.08007549301091141,0.08007549301091141,8,154
10003,12003,2011,2012,0.03548930296352907,0.08210448249096,0.04661517952743093,0.04661517952743093,8,214
10003,13004,2011,2012,0.00728690057684096,0.14191015633206153,0.13462325575522058,0.13462325575522058,5,289
10003,13005,2011,2012,-0.02068223626702643,-0.08026985581654925,-0.05958761954952282,0.05958761954952282,8,44
10003,14001,2011,2012,0.10925933358930537,-0.007369023375029175,-0.11662835696433455,0.11662835696433455,5,104
10003,14007,2011,2012,-0.00740997286110628,-0.1072038927968797,-0.09979391993577341,0.09979391993577341,9,36
10003,15002,2011,2012,0.07425690811969769,-0.07322364442141482,-0.14748055254111253,0.14748055254111253,11,112
10003,15006,2011,2012,0.10685760594606943,-0.09418937436519244,-0.20104698031126186,0.20104698031126186,5,54
10003,16004,2011,2012,0.03751863353571451,-0.031211303439535067,-0.06872993697524958,0.06872993697524958,6,36
10005,11001,2011,2012,-0.07750718964388065,-0.048108789786032266,0.02939839985784838,0.02939839985784838,273,1564
10005,11002,2011,2012,-0.014018242408433093,-0.07112061755755922,-0.057102375149126125,0.057102375149126125,125,784
10005,11003,2011,2012,-0.03369535346759293,0.02168503088938585,0.05538038435697878,0.05538038435697878,32,905
10005,11004,2011,2012,-0.08474139120596831,-0.03204450077968891,0.052696890426279404,0.052696890426279404,26,403
10005,11005,2011,2012,-0.015408725109200386,-0.061147658535483984,-0.0457389334262836,0.0457389334262836,77,522
10005,11006,2011,2012,-0.17761545186207925,-0.15085085472157833,0.026764597140500918,0.026764597140500918,14,98
10005,11008,2011,2012,0.03322332833101653,-0.04122396683305501,-0.07444729516407153,0.07444729516407153,218,418
10005,12001,2011,2012,0.0267319003840041,0.01195720555107791,-0.01477469483292619,0.01477469483292619,155,1247
10005,12003,2011,2012,0.05006449559893629,0.028022332813778222,-0.022042162785158068,0.022042162785158068,272,1531
10005,12004,2011,2012,0.051492295127545745,0.023756870083138013,-0.027735425044407732,0.027735425044407732,65,1221
10005,13001,2011,2012,-0.08921661465170422,-0.058550833621360654,0.030665781030343564,0.030665781030343564,69,1310
10005,13002,2011,2012,0.01326972134680094,0.05911645378702732,0.04584673244022638,0.04584673244022638,16,815
10005,13003,2011,2012,-0.18923029939871985,-0.14700269142837893,0.04222760797034092,0.04222760797034092,49,460
10005,13004,2011,2012,0.04717255590265728,0.1269898917759893,0.07981733587333201,0.07981733587333201,204,2183
10005,13005,2011,2012,0.0672784511576947,0.006443752900304577,-0.060834698257390116,0.060834698257390116,399,924
10005,14001,2011,2012,-0.021105261396873264,0.010363223358068071,0.03146848475494134,0.03146848475494134,80,1231
10005,14002,2011,2012,-0.06404626345099326,-0.03602150354950075,0.028024759901492516,0.028024759901492516,98,356
10005,14003,2011,2012,-0.03828651452834579,0.003274147609341349,0.04156066213768714,0.04156066213768714,30,517
10005,14004,2011,2012,0.12280952377287212,0.06934173165939732,-0.0534677921134748,0.0534677921134748,13,354
10005,14005,2011,2012,0.013506508190755055,0.009175648313923996,-0.0043308598768310586,0.0043308598768310586,6,397
10005,14006,2011,2012,-0.04845285061643496,-0.014942301486749793,0.033510549129685166,0.033510549129685166,38,479
10005,14007,2011,2012,0.06713731827636282,-0.02745054250928921,-0.09458786078565204,0.09458786078565204,411,807
10005,15001,2011,2012,-0.051175059000601486,-0.030206865618409958,0.020968193382191528,0.020968193382191528,209,1437
10005,15002,2011,2012,-0.0853450781851388,-0.03924989066327832,0.04609518752186048,0.04609518752186048,197,1695
10005,15003,2011,2012,-0.04572450337985671,-0.02361771035002035,0.02210679302983636,0.02210679302983636,71,565
10005,15004,2011,2012,-0.09426976444151268,-0.03220414765385524,0.062065616787657436,0.062065616787657436,105,858
10005,15005,2011,2012,0.021318328579441822,0.012729229935564586,-0.008589098643877236,0.008589098643877236,21,213
10005,15006,2011,2012,-0.0495736547528095,-0.06715200074883902,-0.017578345996029525,0.017578345996029525,72,859
10005,15007,2011,2012,0.007843452707000575,-0.026469143514245223,-0.0343125962212458,0.0343125962212458,259,405
10005,16002,2011,2012,-0.1231096590069736,-0.0604158119475898,0.0626938470593838,0.0626938470593838,48,452
10005,16003,2011,2012,-0.10994662094487968,0.06991590543543304,0.17986252638031272,0.17986252638031272,5,198
10005,16004,2011,2012,0.04975927603040906,0.011453389523984031,-0.03830588650642503,0.03830588650642503,202,530
11001,11002,2011,2012,-0.3603997983116456,-0.32619631194720616,0.03420348636443943,0.03420348636443943,83,2604
11001,11003,2011,2012,-0.35908447154375545,-0.3231977777268269,0.03588669381692855,0.03588669381692855,12,1630
11001,11004,2011,2012,-0.24218024225472154,-0.2809626964442404,-0.03878245418951884,0.03878245418951884,33,1030
11001,11005,2011,2012,-0.2578735370335533,-0.284312877407472,-0.026439340373918707,0.026439340373918707,77,1789
11001,11006,2011,2012,-0.09573705031463413,-0.04608008793327675,0.049656962381357375,0.049656962381357375,72,1986
11001,11007,2011,2012,-0.13642771225167932,-0.2077141674345164,-0.07128645518283708,0.07128645518283708,6,192
11001,11008,2011,2012,-0.31984199548828485,-0.2175523132467174,0.10228968224156745,0.10228968224156745,191,1708
11001,12001,2011,2012,-0.3913630234020038,-0.3081512948025102,0.0832117285994936,0.0832117285994936,76,3074
11001,12003,2011,2012,-0.38490910472744416,-0.300030242026768,0.08487886270067618,0.08487886270067618,182,3900
11001,12004,2011,2012,-0.24946225590185345,-0.31803609211517936,-0.06857383621332591,0.06857383621332591,44,2602
11001,13001,2011,2012,0.07453986283237692,0.11677307942671225,0.042233216594335335,0.042233216594335335,335,17960
11001,13002,2011,2012,-0.11293180626298997,-0.15252441379695084,-0.039592607533960864,0.039592607533960864,22,2779
11001,13003,2011,2012,0.062190797141173634,0.09876153466133017,0.036570737520156535,0.036570737520156535,373,11180
11001,13004,2011,2012,-0.03182317985081148,-0.09553005107465035,-0.06370687122383886,0.06370687122383886,444,8259
11001,13005,2011,2012,-0.014899871701844803,-0.0068326107221164485,0.008067260979728354,0.008067260979728354,897,7278
11001,14001,2011,2012,0.010109655113513118,0.0052269485491578385,-0.004882706564355279,0.004882706564355279,245,9861
11001,14002,2011,2012,0.0373864844119707,0.025905378566595857,-0.011481105845374841,0.011481105845374841,377,4000
11001,14003,2011,2012,-0.041364057905321376,-0.038730065967238006,0.00263399193808337,0.00263399193808337,84,3666
11001,14004,2011,2012,-0.13705235066617,-0.14163680922555835,-0.004584458559388355,0.004584458559388355,7,972
11001,14005,2011,2012,-0.08068802426211312,0.026591453307069992,0.10727947756918312,0.10727947756918312,9,3440
11001,14006,2011,2012,0.07805835251660063,0.09422693757689907,0.016168585060298432,0.016168585060298432,170,5799
11001,14007,2011,2012,0.030927659921102954,0.06001574851612751,0.029088088595024555,0.029088088595024555,997,9041
11001,15001,2011,2012,0.08221247514210821,0.06946705497880266,-0.012745420163305543,0.012745420163305543,777,15828
11001,15002,2011,2012,0.08439950277561624,0.06651179516983687,-0.017887707605779374,0.017887707605779374,819,18972
11001,15003,2011,2012,0.03377468546824317,0.021521644016562275,-0.012253041451680897,0.012253041451680897,259,5703
11001,15004,2011,2012,0.03883695830666214,0.03408796097594983,-0.0047489973307123096,0.0047489973307123096,450,9165
11001,15005,2011,2012,0.029221390731049988,0.009673286917183587,-0.019548103813866402,0.019548103813866402,58,1698
11001,15006,2011,2012,0.06094130448190315,0.09954464662099663,0.03860334213909348,0.03860334213909348,287,12616
11001,15007,2011,2012,0.07496657835521672,0.048472725573253946,-0.026493852781962778,0.026493852781962778,790,4606
11001,16002,2011,2012,0.003271415585991202,0.06100646818526405,0.05773505259927285,0.05773505259927285,233,6355
11001,16003,2011,2012,-0.05128893782053894,-0.12119629154007956,-0.06990735371954063,0.06990735371954063,22,535
11001,16004,2011,2012,-0.02497515290638636,-0.03500945663871758,-0.010034303732331221,0.010034303732331221,443,3640
11002,11003,2011,2012,-0.10282050869927185,-0.22772581567353767,-0.12490530697426581,0.12490530697426581,23,1395
11002,11004,2011,2012,-0.10804286234541349,-0.14349870417434218,-0.03545584182892869,0.03545584182892869,24,1195
11002,11005,2011,2012,-0.09349254606019787,-0.19144418299587704,-0.09795163693567917,0.09795163693567917,57,1504
11002,11006,2011,2012,0.07973138338973161,-0.024904168688975215,-0.10463555207870683,0.10463555207870683,59,1251
11002,11008,2011,2012,-0.12305074390631492,-0.1364836699451611,-0.013432926038846174,0.013432926038846174,133,1375
11002,12001,2011,2012,0.16450555664982133,0.15138088830106602,-0.013124668348755308,0.013124668348755308,243,8618
11002,12003,2011,2012,0.17943353989880695,0.13114103704828695,-0.04829250285052,0.04829250285052,389,9257
11002,12004,2011,2012,0.13109934403318982,0.1005532675655548,-0.03054607646763502,0.03054607646763502,92,7088
11002,13001,2011,2012,-0.02263598802004226,0.014972876150119344,0.0376088641701616,0.0376088641701616,97,8644
11002,13002,2011,2012,0.11367633007332491,-0.026587824648401797,-0.1402641547217267,0.1402641547217267,28,2630
11002,13003,2011,2012,0.0049808392324978265,0.010316206378582072,0.005335367146084245,0.005335367146084245,125,5282
11002,13004,2011,2012,0.02646080218013284,-0.008857683016298254,-0.0353184851964311,0.0353184851964311,201,6105
11002,13005,2011,2012,-0.03924304621776065,0.02616621048027472,0.06540925669803538,0.06540925669803538,319,4722
11002,14001,2011,2012,0.04047847355784008,0.009805449126054033,-0.030673024431786048,0.030673024431786048,107,5848
11002,14002,2011,2012,0.061771839976332524,0.026638490665179024,-0.0351333493111535,0.0351333493111535,163,2371
11002,14003,2011,2012,0.05361524104343891,5.661107782992465e-05,-0.053558629965608985,0.053558629965608985,49,2456
11002,14004,2011,2012,0.12845116718836833,-0.03807715000525414,-0.16652831719362246,0.16652831719362246,14,941
11002,14005,2011,2012,-0.020708674712735155,0.011469081114651359,0.032177755827386516,0.032177755827386516,5,1911
11002,14006,2011,2012,-0.05375756649020092,-0.055256732881252955,-0.0014991663910520342,0.0014991663910520342,39,1999
11002,14007,2011,2012,-0.07202206725142041,0.007497650703264878,0.07951971795468529,0.07951971795468529,300,4603
11002,15001,2011,2012,-0.06862274427984419,-0.04844124960049314,0.02018149467935105,0.02018149467935105,208,6906
11002,15002,2011,2012,0.01637015387606696,-0.024809944612442784,-0.041180098488509745,0.041180098488509745,285,9101
11002,15003,2011,2012,-0.036150468017792245,-0.04174516868252047,-0.005594700664728225,0.005594700664728225,78,2640
11002,15004,2011,2012,-0.006225838570975874,-0.018558087496363965,-0.01233224892538809,0.01233224892538809,155,4585
11002,15005,2011,2012,-0.04693766606475656,-0.04706877187444611,-0.00013110580968955093,0.00013110580968955093,15,744
11002,15006,2011,2012,-0.003403388696301225,-0.019178898207406904,-0.01577550951110568,0.01577550951110568,92,5480
11002,15007,2011,2012,-0.1295567462898035,-0.0371707202608693,0.09238602602893418,0.09238602602893418,173,1952
11002,16002,2011,2012,0.0327083925822577,-0.004675376640171171,-0.03738376922242887,0.03738376922242887,101,3026
11002,16003,2011,2012,0.10590965817221033,-0.04030892979384246,-0.1462185879660528,0.1462185879660528,20,485
11002,16004,2011,2012,-0.06396253209442333,0.008304681682493877,0.07226721377691721,0.07226721377691721,145,2487
11003,11004,2011,2012,0.022790123822027986,-0.12430679298838535,-0.14709691681041334,0.14709691681041334,14,910
11003,11005,2011,2012,-0.09827029278694528,-0.23316457169069224,-0.13489427890374694,0.13489427890374694,14,768
11003,11006,2011,2012,0.014064883784479372,-0.007833885051325538,-0.02189876883580491,0.02189876883580491,13,973
11003,11008,2011,2012,-0.1294582952798852,-0.11384560047097597,0.015612694808909228,0.015612694808909228,31,1066
11003,12001,2011,2012,0.152551253760369,0.09508289212523974,-0.05746836163512925,0.05746836163512925,80,5548
11003,12003,2011,2012,0.11193037807472198,0.0945618410483282,-0.01736853702639378,0.01736853702639378,109,6273
11003,12004,2011,2012,0.14113823109218082,0.16625074348409902,0.025112512391918196,0.025112512391918196,32,6303
11003,13001,2011,2012,-0.0379045412769411,-0.094835875627574,-0.056931334350632905,0.056931334350632905,25,4320
11003,13002,2011,2012,0.09018379648639835,0.23420337476521536,0.144019578278817,0.144019578278817,8,4606
11003,13003,2011,2012,-0.02602805252112609,-0.05428763201682338,-0.02825957949569729,0.02825957949569729,31,2995
11003,13004,2011,2012,0.07544658874944352,0.009632551054513643,-0.06581403769492987,0.06581403769492987,73,4663
11003,13005,2011,2012,-0.037365393085428286,-0.0020047364002984134,0.035360656685129874,0.035360656685129874,88,3092
11003,14001,2011,2012,-0.05953235073257979,-0.032579116746524334,0.02695323398605546,0.02695323398605546,19,3632
11003,14002,2011,2012,-0.09437665246064204,-0.05659094753611969,0.03778570492452235,0.03778570492452235,23,1174
11003,14003,2011,2012,0.15547530014948757,0.05328602627813526,-0.10218927387135232,0.10218927387135232,25,2198
11003,14006,2011,2012,-0.07647085734495714,-0.07440686302438503,0.00206399432057211,0.00206399432057211,9,1285
11003,14007,2011,2012,-0.03463165905774635,-0.055170129029009814,-0.020538469971263462,0.020538469971263462,92,2602
11003,15001,2011,2012,-0.020843070157739788,-0.04697773007212714,-0.02613465991438735,0.02613465991438735,68,4913
11003,15002,2011,2012,-0.06448909655351225,-0.06088715814895671,0.003601938404555534,0.003601938404555534,59,5787
11003,15003,2011,2012,-0.0234695146452772,-0.0065180538693922,0.016951460775885,0.016951460775885,23,2178
11003,15004,2011,2012,-0.012460261873440374,-0.02259966128187017,-0.010139399408429796,0.010139399408429796,43,3230
11003,15005,2011,2012,-0.01814679671563528,-0.0003411900627514033,0.017805606652883877,0.017805606652883877,5,682
11003,15006,2011,2012,0.0010435449596903372,-0.060259391139160984,-0.06130293609885132,0.06130293609885132,27,3361
11003,15007,2011,2012,-0.08571360679527797,-0.06507767967636781,0.020635927118910158,0.020635927118910158,52,1211
11003,16002,2011,2012,0.04424754691467094,-0.05535433534901369,-0.09960188226368463,0.09960188226368463,32,1745
11003,16003,2011,2012,0.1420826735189497,0.14670346039756718,0.004620786878617472,0.004620786878617472,8,908
11003,16004,2011,2012,-0.013974210329360573,0.01144265448997028,0.02541686481933085,0.02541686481933085,49,1819
11004,11005,2011,2012,-0.0039702414130467194,-0.13625556501258587,-0.13228532359953915,0.13228532359953915,26,753
11004,11006,2011,2012,0.11892396321725163,0.035978917089433966,-0.08294504612781767,0.08294504612781767,24,728
11004,11008,2011,2012,-0.07412030778412992,-0.03606560547947136,0.038054702304658565,0.038054702304658565,45,921
11004,12001,2011,2012,0.09687288813329212,0.03802358100093352,-0.0588493071323586,0.0588493071323586,69,2837
11004,12003,2011,2012,0.11539730150977555,0.12090127792549468,0.005503976415719133,0.005503976415719133,117,4254
11004,12004,2011,2012,0.1136632138826467,0.1252882919425323,0.011625078059885594,0.011625078059885594,30,3569
11004,13001,2011,2012,-0.05773884488083698,-0.06080590909276012,-0.00306706421192314,0.00306706421192314,24,2824
11004,13002,2011,2012,0.033435508202936344,0.04427478091375791,0.010839272710821565,0.010839272710821565,6,1528
11004,13003,2011,2012,0.042463330131649345,0.0979199322620161,0.05545660213036676,0.05545660213036676,46,3164
11004,13004,2011,2012,0.0006179458025951358,-0.0559055973402177,-0.05652354314281284,0.05652354314281284,57,2142
11004,13005,2011,2012,-0.017580738762184255,0.016424506536933933,0.03400524529911819,0.03400524529911819,102,1993
11004,14001,2011,2012,0.012091867329327233,-0.027507048547442726,-0.03959891587676996,0.03959891587676996,30,2178
11004,14002,2011,2012,0.031211676622690813,0.011298386326368851,-0.01991329029632196,0.01991329029632196,47,968
11004,14003,2011,2012,-0.011349242997693318,-0.02386226272881831,-0.012513019731124992,0.012513019731124992,11,938
11004,14006,2011,2012,0.005102642861587288,-0.010729222144502703,-0.01583186500608999,0.01583186500608999,16,1028
11004,14007,2011,2012,-0.05388917847931082,0.012298994978487012,0.06618817345779783,0.06618817345779783,91,2031
11004,15001,2011,2012,0.07047079303614068,0.004540285737803134,-0.06593050729833755,0.06593050729833755,104,3481
11004,15002,2011,2012,0.006731184567855129,0.00572973053422682,-0.001001454033628309,0.001001454033628309,86,4263
11004,15003,2011,2012,0.040298624479075056,-0.0016213637663152296,-0.04191998824539028,0.04191998824539028,34,1326
11004,15004,2011,2012,0.05544212344314446,0.05348406029298603,-0.0019580631501584303,0.0019580631501584303,62,2588
11004,15006,2011,2012,-0.004680676123226287,-0.07639465151570735,-0.07171397539248106,0.07171397539248106,28,1804
11004,15007,2011,2012,-0.06044206624158964,-0.0010869532800167113,0.05935511296157293,0.05935511296157293,63,976
11004,16002,2011,2012,0.011252537692108008,-0.010463238294482856,-0.021715775986590864,0.021715775986590864,29,1261
11004,16003,2011,2012,0.08310174427618197,0.03792380151757526,-0.04517794275860671,0.04517794275860671,6,328
11004,16004,2011,2012,-0.04604226767619989,0.007627380411559714,0.053669648087759605,0.053669648087759605,45,1073
11005,11006,2011,2012,-0.07464174195730984,-0.13189587545884937,-0.05725413350153953,0.05725413350153953,17,428
11005,11008,2011,2012,-0.13596824956283335,-0.18330734470460244,-0.047339095141769094,0.047339095141769094,73,623
11005,12001,2011,2012,0.20785697049392707,0.11465226832615048,-0.09320470216777658,0.09320470216777658,183,5342
11005,12002,2011,2012,0.16358555171726635,0.1067134030340877,-0.05687214868317865,0.05687214868317865,6,605
11005,12003,2011,2012,0.07772902866991456,0.10340646408281452,0.025677435412899963,0.025677435412899963,198,5849
11005,12004,2011,2012,0.09280804458362697,0.1087282639264666,0.01592021934283963,0.01592021934283963,52,4901
11005,13001,2011,2012,-0.014703647135465391,-0.03324868601292528,-0.01854503887745989,0.01854503887745989,62,4822
11005,13002,2011,2012,0.0349916590290245,-0.01919642140828552,-0.05418808043731002,0.05418808043731002,12,1742
11005,13003,2011,2012,-0.10956441728673984,-0.17925562639951234,-0.0696912091127725,0.0696912091127725,46,1483
11005,13004,2011,2012,0.12207240111836176,0.1843503051402382,0.06227790402187644,0.06227790402187644,173,6990
11005,13005,2011,2012,-0.019795334055165946,-0.029047251219703547,-0.0092519171645376,0.0092519171645376,208,2502
11005,14001,2011,2012,0.10758957105541463,0.057166646872404955,-0.05042292418300967,0.05042292418300967,88,4464
11005,14002,2011,2012,0.02189941538007894,-0.010097775048639636,-0.031997190428718576,0.031997190428718576,90,1319
11005,14003,2011,2012,0.00854885326957796,0.03853399870396314,0.02998514543438518,0.02998514543438518,25,1876
11005,14004,2011,2012,0.10352275058016032,0.017162267239216385,-0.08636048334094393,0.08636048334094393,8,804
11005,14005,2011,2012,0.07656685682746125,0.03569571137421198,-0.040871145453249276,0.040871145453249276,6,1389
11005,14006,2011,2012,-0.022977283737212383,-0.023389935761807597,-0.0004126520245952142,0.0004126520245952142,28,1471
11005,14007,2011,2012,-0.02553079990674769,-0.09065798346438608,-0.06512718355763839,0.06512718355763839,211,1991
11005,15001,2011,2012,0.01455462849741442,-3.3038786292350374e-05,-0.01458766728370677,0.01458766728370677,169,5166
11005,15002,2011,2012,0.014415575836725376,-0.06181632857119839,-0.07623190440792377,0.07623190440792377,178,5163
11005,15003,2011,2012,-0.05315961660759786,-0.06926468609801534,-0.016105069490417477,0.016105069490417477,44,1477
11005,15004,2011,2012,-0.09399726244781532,-0.09726764365944503,-0.0032703812116297026,0.0032703812116297026,66,2118
11005,15005,2011,2012,-0.06680394141093322,-0.04647335464262107,0.020330586768312155,0.020330586768312155,8,474
11005,15006,2011,2012,-0.07338539076999752,-0.08346245160548836,-0.010077060835490842,0.010077060835490842,41,2734
11005,15007,2011,2012,-0.11761181106008999,-0.0899811426471095,0.02763066841298048,0.02763066841298048,106,950
11005,16002,2011,2012,-0.027238532885127422,-0.05438090358644882,-0.0271423707013214,0.0271423707013214,49,1570
11005,16003,2011,2012,0.07479935455065666,-0.0005581645343520371,-0.07535751908500869,0.07535751908500869,11,393
11005,16004,2011,2012,0.02726216033811812,0.03629726211332308,0.009035101775204956,0.009035101775204956,125,1823
11006,11008,2011,2012,-0.10637916249540111,-0.09839457951405782,0.007984582981343288,0.007984582981343288,37,370
11006,12001,2011,2012,0.07547092547529717,0.022977565171504465,-0.0524933603037927,0.0524933603037927,62,1624
11006,12003,2011,2012,0.07643743993849193,0.05545350915123786,-0.020983930787254072,0.020983930787254072,100,2115
11006,12004,2011,2012,0.005912060281787025,0.028122317628047552,0.022210257346260528,0.022210257346260528,17,1541
11006,13001,2011,2012,0.007340304884719355,0.008586703569553029,0.0012463986848336743,0.0012463986848336743,33,2212
11006,13002,2011,2012,0.08367206561754344,-0.024967250165415424,-0.10863931578295886,0.10863931578295886,8,658
11006,13003,2011,2012,-0.03428810485502725,-0.0954094760921132,-0.06112137123708595,0.06112137123708595,31,809
11006,13004,2011,2012,0.047749532552200616,0.08333980946751293,0.035590276915312316,0.035590276915312316,68,2265
11006,13005,2011,2012,-0.011303083952390642,-0.016738831755724222,-0.00543574780333358,0.00543574780333358,102,1027
11006,14001,2011,2012,0.0779253712524637,0.020364189850408495,-0.0575611814020552,0.0575611814020552,40,1597
11006,14002,2011,2012,0.02187771286530153,-0.013382559613538715,-0.03526027247884024,0.03526027247884024,44,509
11006,14003,2011,2012,-0.05676508691536173,0.032614074443350294,0.08937916135871202,0.08937916135871202,8,748
11006,14006,2011,2012,-0.08310468143020061,-0.02908004486192285,0.05402463656827776,0.05402463656827776,9,553
11006,14007,2011,2012,-0.027134408086442578,-0.06106444117815901,-0.03393003309171644,0.03393003309171644,99,849
11006,15001,2011,2012,0.02593576552944175,-0.027684175056557576,-0.05361994058599932,0.05361994058599932,86,1821
11006,15002,2011,2012,-0.008179213349969027,-0.04794344311420965,-0.03976422976424063,0.03976422976424063,79,2050
11006,15003,2011,2012,-0.00851978898169879,-0.05568552637393911,-0.047165737392240316,0.047165737392240316,26,592
11006,15004,2011,2012,-0.05681474956644579,-0.05299507401730586,0.0038196755491399295,0.0038196755491399295,36,968
11006,15006,2011,2012,-0.014174367824682819,-0.057473818443440274,-0.04329945061875745,0.04329945061875745,26,1141
11006,15007,2011,2012,-0.0653788470228318,-0.0778636542663647,-0.012484807243532903,0.012484807243532903,60,372
11006,16002,2011,2012,-0.044356573018318635,-0.037355353494976436,0.007001219523342199,0.007001219523342199,21,650
11006,16004,2011,2012,-0.05960003679744688,-0.0019045151577437307,0.05769552163970315,0.05769552163970315,41,613
11007,11008,2011,2012,-0.07925495987191739,-0.09803143177106094,-0.018776471899143554,0.018776471899143554,5,101
11007,12001,2011,2012,-0.004789989966202379,-0.007542143911569867,-0.0027521539453674877,0.0027521539453674877,6,435
11007,12003,2011,2012,0.09952408997591183,0.0957812360776851,-0.0037428538982267334,0.0037428538982267334,18,844
11007,12004,2011,2012,0.11419829382914753,0.06881531631526636,-0.04538297751388118,0.04538297751388118,5,609
11007,13001,2011,2012,0.092881125108149,0.005461703042372708,-0.0874194220657763,0.0874194220657763,8,680
11007,13003,2011,2012,-0.0032953898599608388,0.012537685466161455,0.015833075326122294,0.015833075326122294,5,437
11007,13004,2011,2012,0.08855605741213893,0.0012650922776144488,-0.08729096513452447,0.08729096513452447,13,503
11007,13005,2011,2012,-0.15782497886090927,-0.00975647051819157,0.1480685083427177,0.1480685083427177,5,325
11007,14001,2011,2012,0.03911908894789095,-0.0014102830760769635,-0.04052937202396791,0.04052937202396791,5,448
11007,14002,2011,2012,0.03663332361474924,-0.0032310263324288662,-0.03986434994717811,0.03986434994717811,7,166
11007,14007,2011,2012,-0.08411317140846822,-0.02454927816225878,0.059563893246209434,0.059563893246209434,9,308
11007,15001,2011,2012,-0.04619383497879284,0.02380684492727356,0.0700006799060664,0.0700006799060664,8,718
11007,15002,2011,2012,0.009466359195548741,-0.011591588422935242,-0.021057947618483983,0.021057947618483983,12,729
11007,15003,2011,2012,0.11746937542379575,-0.02692457040680909,-0.14439394583060483,0.14439394583060483,8,208
11007,15004,2011,2012,-0.014206240385571335,0.00021445732940212912,0.014420697714973464,0.014420697714973464,6,389
11007,15007,2011,2012,0.026856680101128304,-0.027375346305597167,-0.054232026406725475,0.054232026406725475,13,151
11007,16004,2011,2012,-0.03453389965791913,-0.015384525990330102,0.019149373667589027,0.019149373667589027,6,173
11008,12001,2011,2012,0.09059637180067344,0.07895692182008114,-0.011639449980592298,0.011639449980592298,287,3561
11008,12003,2011,2012,0.24652589359131954,0.09031739940637606,-0.15620849418494348,0.15620849418494348,615,4189
11008,12004,2011,2012,0.1085258512117814,0.057645577440824804,-0.0508802737709566,0.0508802737709566,122,3080
11008,13001,2011,2012,-0.11877205326763958,-0.07613098093437277,0.042641072333266805,0.042641072333266805,100,2915
11008,13002,2011,2012,0.04960310428892089,0.0719139661002454,0.022310861811324516,0.022310861811324516,30,1861
11008,13003,2011,2012,-0.0840245098530508,0.037071402513958414,0.1210959123670092,0.1210959123670092,136,2768
11008,13004,2011,2012,-0.03250594499888628,-0.033945356744750105,-0.0014394117458638236,0.0014394117458638236,251,2577
11008,13005,2011,2012,0.08450847972363473,0.07619757956387949,-0.008310900159755247,0.008310900159755247,630,2730
11008,14001,2011,2012,-0.051593236417365296,-0.03837765089725613,0.013215585520109166,0.013215585520109166,113,2279
11008,14002,2011,2012,-0.09213829689314765,0.0028263259448132344,0.09496462283796088,0.09496462283796088,143,1014
11008,14003,2011,2012,-0.009108771533099365,0.0011444907561070112,0.010253262289206377,0.010253262289206377,55,1159
11008,14004,2011,2012,-0.07466858384630642,0.034277334816004354,0.10894591866231078,0.10894591866231078,6,640
11008,14005,2011,2012,0.006898250576431118,-0.06103770108921579,-0.06793595166564691,0.06793595166564691,9,616
11008,14006,2011,2012,-0.0863814617118589,-0.054173055907770634,0.032208405804088264,0.032208405804088264,51,903
11008,14007,2011,2012,0.04206893080832404,0.05611580313807196,0.014046872329747925,0.014046872329747925,598,2625
11008,15001,2011,2012,-0.10160558071590924,-0.022063707620894147,0.07954187309501509,0.07954187309501509,290,3451
11008,15002,2011,2012,-0.11297606171180723,-0.01964320785430562,0.0933328538575016,0.0933328538575016,297,4268
11008,15003,2011,2012,-0.06176616251401291,-0.012695207921407568,0.04907095459260534,0.04907095459260534,107,1377
11008,15004,2011,2012,-0.07876234516980933,0.004520894116002695,0.08328323928581202,0.08328323928581202,183,2333
11008,15005,2011,2012,-0.06193664779357853,-0.0285612129231175,0.033375434870461025,0.033375434870461025,21,377
11008,15006,2011,2012,-0.09772030850641723,-0.034792538893648986,0.06292776961276825,0.06292776961276825,95,2378
11008,15007,2011,2012,0.010092357519080334,0.045286550046417996,0.03519419252733766,0.03519419252733766,408,1320
11008,16001,2011,2012,0.08501355892090035,-0.022526752499384173,-0.10754031142028452,0.10754031142028452,5,299
11008,16002,2011,2012,-0.03021796675647212,-0.017217831620081194,0.013000135136390926,0.013000135136390926,119,1336
11008,16003,2011,2012,-0.05543359696633612,0.03590812151957271,0.09134171848590883,0.09134171848590883,12,353
11008,16004,2011,2012,0.051189792170608275,0.03772243497543513,-0.013467357195173148,0.013467357195173148,312,1343
12001,12003,2011,2012,-0.40209139993474924,-0.3196557027556357,0.08243569717911353,0.08243569717911353,38,1701
12001,12004,2011,2012,-0.2989339896276883,-0.32757113254926995,-0.02863714292158165,0.02863714292158165,9,1178
12001,13001,2011,2012,0.004940944588411131,0.003554316991293812,-0.0013866275971173188,0.0013866275971173188,116,8756
12001,13002,2011,2012,-0.0557730417822868,0.04399545824165685,0.09976850002394365,0.09976850002394365,12,3574
12001,13003,2011,2012,-0.08365069534549587,-0.06208121441325412,0.021569480932241744,0.021569480932241744,95,4319
12001,13004,2011,2012,0.11510114546499302,0.037239790323053676,-0.07786135514193934,0.07786135514193934,276,7301
12001,13005,2011,2012,-0.03169955706816664,0.011649520769942119,0.04334907783810876,0.04334907783810876,351,4702
12001,14001,2011,2012,0.024040599432148296,0.003239335622700071,-0.020801263809448224,0.020801263809448224,108,5987
12001,14002,2011,2012,-0.0022562151439397033,-0.011058249321882183,-0.00880203417794248,0.00880203417794248,141,2127
12001,14003,2011,2012,0.023798910573782337,-0.007370007620117276,-0.031168918193899612,0.031168918193899612,46,2492
12001,14004,2011,2012,0.10212101263872922,0.015273830130008067,-0.08684718250872116,0.08684718250872116,13,1274
12001,14005,2011,2012,0.03994757839383382,0.01025902349138468,-0.029688554902449135,0.029688554902449135,8,1986
12001,14006,2011,2012,-0.013788327799906882,-0.058683181844292415,-0.044894854044385535,0.044894854044385535,51,2063
12001,14007,2011,2012,-0.009932999546477611,-0.012099113289570593,-0.002166113743092982,0.002166113743092982,384,4503
12001,15001,2011,2012,-0.03507919229915784,-0.034471276507650916,0.000607915791506923,0.000607915791506923,250,7543
12001,15002,2011,2012,-0.0017773810342040259,-0.04959003115164412,-0.0478126501174401,0.0478126501174401,291,8891
12001,15003,2011,2012,-0.04779057222462359,-0.03550832858625029,0.012282243638373297,0.012282243638373297,80,2834
12001,15004,2011,2012,-0.04950269740660549,-0.0713690263942617,-0.021866328987656204,0.021866328987656204,143,3972
12001,15005,2011,2012,-0.028745403778199053,-0.000399934138604663,0.02834546963959439,0.02834546963959439,18,990
12001,15006,2011,2012,-0.008359470414539594,0.053865199680196735,0.062224670094736326,0.062224670094736326,97,7122
12001,15007,2011,2012,-0.08377364302000223,-0.00997415035677612,0.07379949266322611,0.07379949266322611,221,2291
12001,16002,2011,2012,-0.04073327689707935,-0.05178544666016173,-0.011052169763082383,0.011052169763082383,81,2628
12001,16003,2011,2012,-0.0461426535406766,-0.023735216520906193,0.022407437019770406,0.022407437019770406,9,558
12001,16004,2011,2012,-0.025962117646756905,0.004139056418105972,0.030101174064862877,0.030101174064862877,179,2556
12002,13005,2011,2012,0.030902379295508885,-0.01084344531685732,-0.04174582461236621,0.04174582461236621,10,391
12002,14002,2011,2012,0.09975637457106101,-0.04515005945188023,-0.14490643402294123,0.14490643402294123,6,151
12002,14007,2011,2012,-0.05262649111954867,-0.043493579971286084,0.009132911148262583,0.009132911148262583,6,333
12002,15001,2011,2012,0.09944641750337092,-0.027968025549542946,-0.12741444305291388,0.12741444305291388,11,661
12002,15002,2011,2012,0.05587245154268481,-0.03380843863789198,-0.08968089018057679,0.08968089018057679,9,787
12002,15006,2011,2012,0.12142656273612971,-0.052164876665702076,-0.1735914394018318,0.1735914394018318,5,415
12002,15007,2011,2012,-0.004850157677191065,-0.08636026158673742,-0.08151010390954636,0.08151010390954636,6,120
12003,12004,2011,2012,-0.2542351239921361,-0.335033032510138,-0.08079790851800189,0.08079790851800189,26,1371
12003,13001,2011,2012,-0.0840696140452003,-0.00605743375986073,0.07801218028533957,0.07801218028533957,141,9781
12003,13002,2011,2012,0.0636161716135678,0.03016886607223971,-0.0334473055413281,0.0334473055413281,38,3886
12003,13003,2011,2012,-0.0070626815871414885,-0.012222237986494454,-0.005159556399352966,0.005159556399352966,215,5890
12003,13004,2011,2012,-0.035293941607582854,-0.0019190706171863105,0.033374870990396543,0.033374870990396543,300,7470
12003,13005,2011,2012,0.02150063380451731,0.05594098407623387,0.03444035027171656,0.03444035027171656,663,6151
12003,14001,2011,2012,-0.009476244080546104,0.00012784783682165293,0.009604091917367757,0.009604091917367757,159,6794
12003,14002,2011,2012,-0.035391050669704785,0.029315453589140585,0.06470650425884537,0.06470650425884537,212,2854
12003,14003,2011,2012,0.034337003293009656,0.03100180664519292,-0.0033351966478167364,0.0033351966478167364,79,3296
12003,14004,2011,2012,-0.012081028447188728,0.011115725978742712,0.02319675442593144,0.02319675442593144,11,1430
12003,14005,2011,2012,0.06478729354794525,-0.023129852045417162,-0.08791714559336242,0.08791714559336242,15,1978
12003,14006,2011,2012,-0.10411185748734349,-0.011939892939723692,0.09217196454761979,0.09217196454761979,57,2882
12003,14007,2011,2012,-0.02675910463011533,0.003224243482071893,0.029983348112187225,0.029983348112187225,621,5430
12003,15001,2011,2012,-0.08463743019987527,-0.04011375850864748,0.04452367169122779,0.04452367169122779,372,8547
12003,15002,2011,2012,-0.07281265824248984,-0.04128409776190687,0.031528560480582966,0.031528560480582966,407,10489
12003,15003,2011,2012,-0.06712978292508905,-0.0413285955893986,0.025801187335690444,0.025801187335690444,127,3191
12003,15004,2011,2012,-0.02711774705483262,-0.0017957143294673092,0.02532203272536531,0.02532203272536531,262,5810
12003,15005,2011,2012,-0.07231377277608246,-0.06880857277532319,0.0035052000007592676,0.0035052000007592676,24,800
12003,15006,2011,2012,-0.09983190743938225,-0.14046232427589542,-0.04063041683651317,0.04063041683651317,115,4315
12003,15007,2011,2012,-0.055524710814783614,-0.04979233169904181,0.005732379115741801,0.005732379115741801,416,2231
12003,16002,2011,2012,0.04750452824862819,-0.0033914902398771178,-0.05089601848850531,0.05089601848850531,186,3643
12003,16003,2011,2012,0.07235063767765337,0.049029548014645055,-0.023321089663008318,0.023321089663008318,29,928
12003,16004,2011,2012,-0.00434820346066474,-0.030868376858155737,-0.026520173397490996,0.026520173397490996,321,2551
12004,13001,2011,2012,-0.09837121676298086,-0.1284407251981145,-0.030069508435133646,0.030069508435133646,25,5320
12004,13002,2011,2012,0.2143522874431195,0.152256208457691,-0.06209607898542849,0.06209607898542849,20,4693
12004,13003,2011,2012,-0.08330413383012997,-0.037534200145603956,0.04576993368452601,0.04576993368452601,32,4352
12004,13004,2011,2012,0.05793846414817826,0.11073997460881335,0.05280151046063509,0.05280151046063509,92,8252
12004,13005,2011,2012,0.0030928503259610818,-0.02566583180247939,-0.02875868212844047,0.02875868212844047,142,3826
12004,14001,2011,2012,-0.019164448011553363,0.006535081395080907,0.02569952940663427,0.02569952940663427,33,5605
12004,14002,2011,2012,-0.014398603798608047,-0.055151241620690024,-0.04075263782208198,0.04075263782208198,49,1618
12004,14003,2011,2012,0.030644010004891305,0.02646377017890137,-0.004180239825989935,0.004180239825989935,18,2636
12004,14004,2011,2012,0.19661186167625946,0.13908508419959015,-0.057526777476669316,0.057526777476669316,9,1972
12004,14006,2011,2012,-0.03909256473134658,-0.07963547673998353,-0.04054291200863695,0.04054291200863695,16,1727
12004,14007,2011,2012,-0.024118214745600546,-0.06835940462924628,-0.04424118988364573,0.04424118988364573,133,3383
12004,15001,2011,2012,-0.03451264519205097,-0.04147811891253359,-0.006965473720482625,0.006965473720482625,89,6820
12004,15002,2011,2012,-0.0869781913034916,-0.042056335925482774,0.04492185537800883,0.04492185537800883,75,8384
12004,15003,2011,2012,-0.010622812861639621,-0.03080648344577344,-0.02018367058413382,0.02018367058413382,34,2668
12004,15004,2011,2012,-0.08907365160690822,-0.02002803045163804,0.06904562115527019,0.06904562115527019,41,4413
12004,15005,2011,2012,0.023091589655394235,-0.025003832826186345,-0.04809542248158058,0.04809542248158058,9,809
12004,15006,2011,2012,-0.06032094332187831,-0.09496754126294739,-0.03464659794106908,0.03464659794106908,27,4051
12004,15007,2011,2012,-0.07294317135372565,-0.06386524843903375,0.009077922914691894,0.009077922914691894,78,1672
12004,16002,2011,2012,-0.08740336720244278,-0.04528694330427297,0.04211642389816981,0.04211642389816981,22,2491
12004,16003,2011,2012,0.1662741603285355,0.1200830236087593,-0.046191136719776205,0.046191136719776205,12,1051
12004,16004,2011,2012,0.06842463921120004,-0.037677151680893396,-0.10610179089209343,0.10610179089209343,94,1989
13001,13003,2011,2012,-0.29579225916590535,-0.35441715911573723,-0.05862489994983189,0.05862489994983189,18,1643
13001,13004,2011,2012,-0.33475713027940973,-0.40139159739019253,-0.0666344671107828,0.0666344671107828,24,1641
13001,13005,2011,2012,-0.4231797360603184,-0.3037421077589137,0.1194376283014047,0.1194376283014047,33,1781
13001,14001,2011,2012,0.04414780192000922,0.04903295941421549,0.004885157494206267,0.004885157494206267,84,9795
13001,14002,2011,2012,0.02428953228313261,0.00183869118003918,-0.02245084110309343,0.02245084110309343,111,3261
13001,14003,2011,2012,-0.0785547108454303,-0.043069090119843716,0.03548562072558658,0.03548562072558658,19,3180
13001,14006,2011,2012,0.17726351970503207,0.11043803926130137,-0.0668254804437307,0.0668254804437307,80,5445
13001,14007,2011,2012,-0.01212507363625518,-0.021380774882279942,-0.009255701246024761,0.009255701246024761,271,6397
13001,15001,2011,2012,0.052857242994572944,0.04963435906896616,-0.0032228839256067815,0.0032228839256067815,232,13557
13001,15002,2011,2012,0.07718693099510367,0.02613139939719362,-0.05105553159791004,0.05105553159791004,261,15631
13001,15003,2011,2012,0.05043563465811008,0.008472643642195804,-0.041962991015914275,0.041962991015914275,85,4859
13001,15004,2011,2012,-0.04736900018895407,-0.023196185343803542,0.024172814845150527,0.024172814845150527,101,6929
13001,15005,2011,2012,0.021422302079746495,-0.004652620368380207,-0.026074922448126703,0.026074922448126703,17,1413
13001,15006,2011,2012,0.05810508774963062,0.05625993799732294,-0.0018451497523076787,0.0018451497523076787,90,10224
13001,15007,2011,2012,-0.010733517653053417,-0.008821577909303562,0.0019119397437498548,0.0019119397437498548,197,3360
13001,16002,2011,2012,-0.10670476771906125,-0.02842018203639765,0.0782845856826636,0.0782845856826636,41,4247
13001,16003,2011,2012,-0.05332049986862604,-0.15314010234236228,-0.09981960247373624,0.09981960247373624,6,377
13001,16004,2011,2012,-0.11163014455049294,-0.05064118593604819,0.060988958614444755,0.060988958614444755,89,3022
13002,13004,2011,2012,-0.18615632030317777,-0.30719597482593464,-0.12103965452275686,0.12103965452275686,6,659
13002,14001,2011,2012,-0.005431384067963217,-0.08111571257823265,-0.07568432851026943,0.07568432851026943,10,2174
13002,14002,2011,2012,0.0630255667933131,-0.08204707576531887,-0.14507264255863198,0.14507264255863198,21,745
13002,14007,2011,2012,-0.039307435636392454,-0.07952324978635227,-0.04021581414995981,0.04021581414995981,34,1698
13002,15001,2011,2012,-0.04397781216462426,-0.10024279527517066,-0.0562649831105464,0.0562649831105464,23,2906
13002,15002,2011,2012,-0.04631897606871624,-0.07261121789937496,-0.026292241830658716,0.026292241830658716,24,4037
13002,15003,2011,2012,-0.038075145008603005,0.0070114691100776495,0.04508661411868065,0.04508661411868065,8,1713
13002,15004,2011,2012,-0.04163202817032674,-0.05958627712132751,-0.01795424895100077,0.01795424895100077,14,2035
13002,15006,2011,2012,-0.008102641903127452,-0.02950422604603908,-0.021401584142911628,0.021401584142911628,10,2779
13002,15007,2011,2012,-0.0421597522323052,-0.060887953747160106,-0.01872820151485491,0.01872820151485491,24,901
13002,16002,2011,2012,0.057011181902086906,-0.12412770371173462,-0.18113888561382152,0.18113888561382152,14,885
13002,16004,2011,2012,0.03816379376649431,0.007230061177038958,-0.03093373258945535,0.03093373258945535,25,1330
13003,13004,2011,2012,-0.5080632498808478,-0.42458730856501026,0.08347594131583758,0.08347594131583758,5,592
13003,13005,2011,2012,-0.4560499303867303,-0.2725040495783812,0.1835458808083491,0.1835458808083491,32,1100
13003,14001,2011,2012,0.04496920279864803,-0.058973339612743834,-0.10394254241139186,0.10394254241139186,97,4342
13003,14002,2011,2012,0.11868777561151415,0.0808238245864632,-0.037863951025050954,0.037863951025050954,174,2728
13003,14003,2011,2012,-0.012070719312772487,-0.010487296436531639,0.0015834228762408482,0.0015834228762408482,32,2202
13003,14005,2011,2012,0.023878550374481198,-0.056587271105394174,-0.08046582147987537,0.08046582147987537,6,1313
13003,14006,2011,2012,0.08631942862458673,-0.016881694661208896,-0.10320112328579563,0.10320112328579563,65,2201
13003,14007,2011,2012,-0.06925921620046298,0.14069527418454447,0.20995449038500746,0.20995449038500746,266,6426
13003,15001,2011,2012,0.07211499946975332,0.022911225848189515,-0.04920377362156381,0.04920377362156381,281,7952
13003,15002,2011,2012,0.08342835778094256,0.054827340042354365,-0.02860101773858819,0.02860101773858819,304,10459
13003,15003,2011,2012,-0.010230513512172265,-0.017718265621593753,-0.007487752109421488,0.007487752109421488,77,2716
13003,15004,2011,2012,0.16208086323851972,0.10381667726214194,-0.05826418597637778,0.05826418597637778,230,6266
13003,15005,2011,2012,-0.12186073962741018,-0.09997727677188438,0.021883462855525795,0.021883462855525795,8,510
13003,15006,2011,2012,0.029638006336742045,0.012340435429142002,-0.017297570907600042,0.017297570907600042,93,5668
13003,15007,2011,2012,-0.07034542448336652,0.029536540872583564,0.09988196535595008,0.09988196535595008,188,2405
13003,16002,2011,2012,0.20742665868294255,0.13509106763042514,-0.07233559105251741,0.07233559105251741,160,4543
13003,16003,2011,2012,0.07150894134245454,-0.14325911492603735,-0.21476805626849188,0.21476805626849188,15,229
13003,16004,2011,2012,-0.10946806025727614,-0.021611560378778358,0.08785649987849778,0.08785649987849778,106,2059
13004,13005,2011,2012,-0.556047842011271,-0.3432379456089976,0.21280989640227338,0.21280989640227338,26,898
13004,14001,2011,2012,0.062399984468608526,0.08303857392627026,0.020638589457661734,0.020638589457661734,152,8208
13004,14002,2011,2012,0.015859338237097197,-0.03301705106729486,-0.04887638930439206,0.04887638930439206,186,2137
13004,14003,2011,2012,0.036251356331239354,0.034084123770575514,-0.00216723256066384,0.00216723256066384,60,3203
13004,14004,2011,2012,0.07887621836045634,0.03853114065863212,-0.040345077701824224,0.040345077701824224,14,1549
13004,14005,2011,2012,0.04231649846549137,0.0686570944995906,0.026340596034099238,0.026340596034099238,10,2730
13004,14006,2011,2012,0.01203143269961663,-0.013697080824376923,-0.02572851352399355,0.02572851352399355,71,2746
13004,14007,2011,2012,-0.02638881926428177,-0.11682254011374384,-0.09043372084946207,0.09043372084946207,460,3361
13004,15001,2011,2012,0.0124006477340687,-0.021508446511035107,-0.033909094245103806,0.033909094245103806,356,8634
13004,15002,2011,2012,0.032210797871121494,-0.05152488222522714,-0.08373568009634863,0.08373568009634863,394,9775
13004,15003,2011,2012,0.022182872507550636,-0.03680752286391768,-0.058990395371468315,0.058990395371468315,131,3112
13004,15004,2011,2012,-0.06044948590747406,-0.0453760730178938,0.015073412889580258,0.015073412889580258,173,4827
13004,15005,2011,2012,0.045771628274787556,-0.014628073732289004,-0.06039970200707656,0.06039970200707656,33,1016
13004,15006,2011,2012,0.005340384113982059,-0.1050411979893296,-0.11038158210331166,0.11038158210331166,127,4719
13004,15007,2011,2012,-0.08399238991436345,-0.08086560547321059,0.003126784441152858,0.003126784441152858,280,1859
13004,16001,2011,2012,0.20447351249150497,0.13969620153592882,-0.06477731095557615,0.06477731095557615,9,1560
13004,16002,2011,2012,-0.030090986423593237,-0.039125257118469786,-0.00903427069487655,0.00903427069487655,106,3055
13004,16003,2011,2012,0.022795719083521692,0.004166214537156619,-0.018629504546365073,0.018629504546365073,17,714
13004,16004,2011,2012,0.03887711412478765,0.056658659426166595,0.017781545301378945,0.017781545301378945,271,3402
13005,14001,2011,2012,-0.054039621304931854,-0.02470293220642949,0.029336689098502365,0.029336689098502365,198,4129
13005,14002,2011,2012,-0.08038526131234622,0.028630295100426133,0.10901555641277236,0.10901555641277236,269,1907
13005,14003,2011,2012,0.01729294119648507,-0.0030584648014681504,-0.02035140599795322,0.02035140599795322,105,1922
13005,14004,2011,2012,0.03007157428713473,-0.031453214034239625,-0.061524788321374355,0.061524788321374355,20,766
13005,14005,2011,2012,-0.009346040217658355,-0.030907599098793752,-0.021561558881135395,0.021561558881135395,14,1250
13005,14006,2011,2012,-0.11504654349261538,-0.03257107365420872,0.08247546983840666,0.08247546983840666,81,1735
13005,14007,2011,2012,0.08093415159450544,0.0860538583675692,0.0051197067730637535,0.0051197067730637535,1062,4738
13005,15001,2011,2012,-0.0692733996529104,-0.03519957783884618,0.03407382181406422,0.03407382181406422,571,5654
13005,15002,2011,2012,-0.10460956960134124,-0.019497474061514527,0.08511209553982671,0.08511209553982671,557,7288
13005,15003,2011,2012,-0.04545944459025353,-0.02526110194543215,0.020198342644821378,0.020198342644821378,201,2223
13005,15004,2011,2012,-0.03431804324176462,-0.014098696360400812,0.020219346881363807,0.020219346881363807,372,3679
13005,15005,2011,2012,0.00240971750068345,-0.008521221582545957,-0.010930939083229407,0.010930939083229407,51,720
13005,15006,2011,2012,-0.056237769911306114,-0.005672910140114418,0.0505648597711917,0.0505648597711917,200,4531
13005,15007,2011,2012,0.08605500153228308,0.0757688226970026,-0.01028617883528049,0.01028617883528049,797,2448
13005,16002,2011,2012,-0.05682212263317999,0.008341091014053406,0.0651632136472334,0.0651632136472334,190,2524
13005,16003,2011,2012,-0.033744203194564996,-0.019556836280394282,0.014187366914170715,0.014187366914170715,24,431
13005,16004,2011,2012,0.0481285861925969,0.034333790075147454,-0.013794796117449444,0.013794796117449444,518,2196
14001,14002,2011,2012,-0.35150254648811075,-0.315437509937222,0.03606503655088872,0.03606503655088872,10,337
14001,14007,2011,2012,-0.4457335594068167,-0.34454370310218874,0.10118985630462796,0.10118985630462796,22,806
14001,15001,2011,2012,0.04414437579722396,-0.005587062471922618,-0.049731438269146576,0.049731438269146576,197,8150
14001,15002,2011,2012,0.059588341714974145,0.004111163881563096,-0.05547717783341105,0.05547717783341105,217,10212
14001,15003,2011,2012,0.02572379790456533,-0.02210139730925256,-0.04782519521381789,0.04782519521381789,67,2970
14001,15004,2011,2012,0.03151360495097183,-0.02515776270936924,-0.056671367660341074,0.056671367660341074,118,4662
14001,15005,2011,2012,-0.013851285778090337,-0.02905801234238531,-0.015206726564294972,0.015206726564294972,12,852
14001,15006,2011,2012,0.0223604867292313,-0.03745276536835062,-0.05981325209758192,0.05981325209758192,68,5369
14001,15007,2011,2012,-0.08074256566701601,-0.05118849333787998,0.02955407232913603,0.02955407232913603,132,1910
14001,16002,2011,2012,0.07098116402189696,-0.007138302415661434,-0.07811946643755839,0.07811946643755839,79,3116
14001,16003,2011,2012,-0.05743537601441911,-0.0668183620357139,-0.009382986021294788,0.009382986021294788,5,431
14001,16004,2011,2012,-0.05258966566554331,-0.004718421566192142,0.047871244099351166,0.047871244099351166,98,2454
14002,14003,2011,2012,-0.2234259308416612,-0.23798642314054486,-0.014560492298883648,0.014560492298883648,9,206
14002,14006,2011,2012,-0.2809332382392227,-0.25133691972425043,0.029596318514972297,0.029596318514972297,8,190
14002,14007,2011,2012,-0.4772882988337578,-0.21150253435617034,0.26578576447758745,0.26578576447758745,32,550
14002,15001,2011,2012,0.03931971167551119,0.010633807432225723,-0.028685904243285466,0.028685904243285466,276,3234
14002,15002,2011,2012,0.042543636560076634,0.005810164593949269,-0.03673347196612736,0.03673347196612736,293,3874
14002,15003,2011,2012,-0.010288389429095655,-0.021558056673113096,-0.01126966724401744,0.01126966724401744,83,1094
14002,15004,2011,2012,0.0437775481005489,0.028767835326343878,-0.015009712774205024,0.015009712774205024,175,2144
14002,15005,2011,2012,-0.07488970952595257,-0.06638974078976537,0.008499968736187205,0.008499968736187205,12,244
14002,15006,2011,2012,0.045419094037415425,-0.012879553286275804,-0.05829864732369123,0.05829864732369123,106,2156
14002,15007,2011,2012,-0.08592214593611172,0.017314653135379648,0.10323679907149137,0.10323679907149137,193,970
14002,16002,2011,2012,0.08819681902464686,0.02617568831969954,-0.06202113070494732,0.06202113070494732,118,1355
14002,16003,2011,2012,0.01919095927531259,-0.07043014392349718,-0.08962110319880977,0.08962110319880977,12,147
14002,16004,2011,2012,-0.09567501707797722,0.015751280198102614,0.11142629727607983,0.11142629727607983,122,1014
14003,14007,2011,2012,-0.30270215382968907,-0.25897655878534726,0.043725595044341814,0.043725595044341814,19,469
14003,15001,2011,2012,0.018031650991259165,-0.03199469594274372,-0.05002634693400289,0.05002634693400289,77,3181
14003,15002,2011,2012,-0.0076108005905295385,-0.03418192459115865,-0.026571124000629113,0.026571124000629113,73,3878
14003,15003,2011,2012,-0.07872903856811304,-0.04563402722340842,0.033095011344704627,0.033095011344704627,16,1125
14003,15004,2011,2012,-0.04032567336679985,-0.03406525163220539,0.006260421734594457,0.006260421734594457,36,1900
14003,15005,2011,2012,-0.012462288286362633,-0.004117437785969288,0.008344850500393346,0.008344850500393346,5,417
14003,15006,2011,2012,0.05552168806056213,-0.0065775132145732265,-0.06209920127513536,0.06209920127513536,34,2553
14003,15007,2011,2012,-0.061732232745671266,-0.0632348433826934,-0.0015026106370221379,0.0015026106370221379,56,740
14003,16002,2011,2012,-0.005056300844608002,-0.014112704242654225,-0.009056403398046222,0.009056403398046222,24,1298
14003,16004,2011,2012,-0.04759587782000965,0.002211134608321925,0.049807012428331576,0.049807012428331576,40,1094
14004,15001,2011,2012,-0.067632735154897,-0.0939609989192299,-0.026328263764332907,0.026328263764332907,8,1053
14004,15002,2011,2012,-0.0948169218202297,-0.07264369593062542,0.022173225889604284,0.022173225889604284,7,1459
14004,15003,2011,2012,0.0488802733242373,-0.010263497241348738,-0.059143770565586035,0.059143770565586035,6,612
14004,15007,2011,2012,-0.09144212035859979,-0.08963886159258337,0.001803258766016419,0.001803258766016419,7,273
14004,16002,2011,2012,0.023517086930964173,-0.13157720268744502,-0.1550942896184092,0.1550942896184092,5,286
14004,16004,2011,2012,0.06848849992776386,0.0022487085168355126,-0.06623979141092835,0.06623979141092835,13,507
14005,15001,2011,2012,-0.04619383497879284,0.010817957906768405,0.05701179288556125,0.05701179288556125,8,2770
14005,15002,2011,2012,0.009466359195548741,0.0022237393545722324,-0.0072426198409765085,0.0072426198409765085,12,3270
14005,15003,2011,2012,0.04101488607257997,-0.010827010924126553,-0.05184189699670652,0.05184189699670652,5,983
14005,15004,2011,2012,0.06732366557513719,-0.0217491555438193,-0.0890728211189565,0.0890728211189565,10,1476
14005,15007,2011,2012,-0.0704414099237999,-0.0340122012469682,0.03642920867683169,0.03642920867683169,7,635
14005,16004,2011,2012,-0.011753633231085097,-0.037478858027794236,-0.02572522479670914,0.02572522479670914,7,658
14006,14007,2011,2012,-0.42966941924023944,-0.2887668482258259,0.14090257101441356,0.14090257101441356,9,384
14006,15001,2011,2012,0.05821401344090757,0.062296035295382184,0.004082021854474614,0.004082021854474614,117,4535
14006,15002,2011,2012,0.11655670552544556,0.0751547086726663,-0.04140199685277926,0.04140199685277926,149,5684
14006,15003,2011,2012,0.03429502693033738,0.03310452295819225,-0.0011905039721451308,0.0011905039721451308,39,1658
14006,15004,2011,2012,0.05215390135860658,0.050528909588765415,-0.0016249917698411623,0.0016249917698411623,72,2739
14006,15005,2011,2012,0.07009945811093438,-0.002459116388223407,-0.07255857449915779,0.07255857449915779,11,432
14006,15006,2011,2012,0.06466180801346162,-0.05398724737060078,-0.1186490553840624,0.1186490553840624,46,2153
14006,15007,2011,2012,-0.01662938786469417,-0.0007102549782124594,0.01591913288648171,0.01591913288648171,91,1050
14006,16002,2011,2012,-0.03580367674951536,-0.052335124442222825,-0.016531447692707466,0.016531447692707466,27,1107
14006,16004,2011,2012,-0.041616517893281434,-0.06775396369297407,-0.026137445799692634,0.026137445799692634,55,785
14007,15001,2011,2012,-0.04223700811403075,0.0004262649501892546,0.042663273064220006,0.042663273064220006,627,6559
14007,15002,2011,2012,-0.050795559368663354,0.01712351716712261,0.06791907653578597,0.06791907653578597,651,8383
14007,15003,2011,2012,-0.025019172453166278,-0.028889131202776457,-0.003869958749610179,0.003869958749610179,222,2273
14007,15004,2011,2012,-0.036826761033145854,0.02731511515505535,0.0641418761882012,0.0641418761882012,382,4403
14007,15005,2011,2012,0.024351951310694588,-0.06391762305878969,-0.08826957436948428,0.08826957436948428,58,550
14007,15006,2011,2012,-0.06335957810673376,0.014812407488094426,0.07817198559482819,0.07817198559482819,202,5027
14007,15007,2011,2012,0.08096208726398994,0.08173006832508303,0.0007679810610930898,0.0007679810610930898,814,2588
14007,16002,2011,2012,-0.059153049662725526,0.04882337036459736,0.10797642002732288,0.10797642002732288,195,3044
14007,16003,2011,2012,-0.0717031403943048,-0.0684121688523688,0.0032909715419359997,0.0032909715419359997,20,332
14007,16004,2011,2012,0.04987364630254118,0.028510055618951244,-0.021363590683589936,0.021363590683589936,536,2223
15001,15002,2011,2012,0.11924746991804386,0.06528066894236889,-0.05396680097567497,0.05396680097567497,645,16267
15001,15003,2011,2012,0.07123188860350912,0.05590857256195079,-0.015323316041558337,0.015323316041558337,211,5421
15001,15004,2011,2012,0.0809368990056654,0.034698210312924485,-0.04623868869274092,0.04623868869274092,364,7853
15001,15005,2011,2012,-0.033360693324071246,-0.0011520108424935176,0.03220868248157773,0.03220868248157773,31,1378
15001,15006,2011,2012,-0.00857650434656753,-0.011600031431729031,-0.003023527085161501,0.003023527085161501,169,8231
15001,15007,2011,2012,-0.12021343000439777,-0.03226710104013322,0.08794632896426455,0.08794632896426455,364,2947
15001,16002,2011,2012,0.06020647542983749,-0.001423169567756536,-0.061629644997594026,0.061629644997594026,201,4473
15001,16003,2011,2012,-0.007773931515800376,-0.07054772622413001,-0.06277379470832964,0.06277379470832964,20,607
15001,16004,2011,2012,-0.04911830344141228,-0.02821737801179561,0.020900925429616666,0.020900925429616666,295,3161
15002,15003,2011,2012,0.07166769114985631,0.08038621335933226,0.008718522209475943,0.008718522209475943,222,7009
15002,15004,2011,2012,0.10167814348771602,0.1052144881152213,0.0035363446275052807,0.0035363446275052807,401,11260
15002,15005,2011,2012,0.012208301943901335,0.007791316803171533,-0.004416985140729802,0.004416985140729802,41,1749
15002,15006,2011,2012,0.051124259760023175,-0.012930609955997487,-0.06405486971602066,0.06405486971602066,215,10037
15002,15007,2011,2012,-0.18634176556202126,-0.006240933299033166,0.1801008322629881,0.1801008322629881,315,3979
15002,16002,2011,2012,0.03527478871739464,-0.015510352749851871,-0.05078514146724651,0.05078514146724651,196,5219
15002,16003,2011,2012,-7.710696965743134e-05,-0.06376581304482692,-0.0636887060751695,0.0636887060751695,22,781
15002,16004,2011,2012,-0.08064828946219153,-0.04523849089342302,0.03540979856876851,0.03540979856876851,284,3645
15003,15004,2011,2012,0.02788744293252938,0.05869359846296692,0.030806155530437543,0.030806155530437543,115,3441
15003,15005,2011,2012,0.10865073144322897,0.09157474942888646,-0.017075982014342503,0.017075982014342503,23,857
15003,15006,2011,2012,0.01102840494319868,0.03392015258833318,0.022891747645134505,0.022891747645134505,64,3742
15003,15007,2011,2012,-0.026757205996395396,0.058555962172270576,0.08531316816866596,0.08531316816866596,159,1678
15003,16002,2011,2012,-0.029224826567795813,-0.04822303553629793,-0.018998208968502114,0.018998208968502114,51,1409
15003,16003,2011,2012,-0.055539578889730094,-0.020319830826518625,0.03521974806321147,0.03521974806321147,5,306
15003,16004,2011,2012,-0.020180390107851963,-0.038010843486771265,-0.017830453378919302,0.017830453378919302,110,1144
15004,15005,2011,2012,0.004024165305581943,0.01360073531970493,0.009576570014122987,0.009576570014122987,23,908
15004,15006,2011,2012,0.022351808904126805,-0.019984498126786585,-0.04233630703091339,0.04233630703091339,116,4875
15004,15007,2011,2012,-0.06308953314447992,0.039307031320160064,0.10239656446463999,0.10239656446463999,253,2389
15004,16002,2011,2012,0.08543638670718492,0.006044435966236759,-0.07939195074094817,0.07939195074094817,138,2818
15004,16003,2011,2012,0.027377263459530888,-0.04247087271252204,-0.06984813617205293,0.06984813617205293,15,426
15004,16004,2011,2012,-0.08167764271369003,-0.02474398667971589,0.05693365603397414,0.05693365603397414,157,1938
15005,15006,2011,2012,-0.01660379388652339,0.04963657311028176,0.06624036699680515,0.06624036699680515,12,1275
15005,15007,2011,2012,0.01683491397382754,0.085815305101506,0.06898039112767847,0.06898039112767847,41,628
15005,16002,2011,2012,-0.07164019368045867,-0.02839460511604688,0.04324558856441178,0.04324558856441178,8,456
15005,16004,2011,2012,0.05581428693524627,0.003523887867557338,-0.05229039906768893,0.05229039906768893,34,427
15006,15007,2011,2012,-0.07957872349256051,0.024044818432816858,0.10362354192537737,0.10362354192537737,135,2675
15006,16002,2011,2012,-0.18619005130665175,-0.09093251843646201,0.09525753287018975,0.09525753287018975,22,2272
15006,16004,2011,2012,-0.18540795723001063,-0.10248433271049494,0.0829236245195157,0.0829236245195157,53,1638
15007,16002,2011,2012,-0.10664323360176496,-0.02444458472251753,0.08219864887924744,0.08219864887924744,115,1147
15007,16003,2011,2012,-0.13884206314224343,-0.06985237194011477,0.06898969120212865,0.06898969120212865,9,159
15007,16004,2011,2012,0.04203074611318934,-0.01000018083861749,-0.05203092695180683,0.05203092695180683,388,958
16002,16004,2011,2012,-0.3711092346246589,-0.17866310593096435,0.19244612869369454,0.19244612869369454,13,502
10001,10002,2012,2013,-0.2182786230010981,-0.41574043487512935,-0.19746181187403125,0.19746181187403125,261,416
10001,10003,2012,2013,-0.027892369454349007,-0.255201796782209,-0.22730942732786,0.22730942732786,33,58
10001,10004,2012,2013,-0.07127408031845588,-0.2373898206622131,-0.1661157403437572,0.1661157403437572,91,389
10001,10005,2012,2013,-0.15716239242973007,-0.353240742607238,-0.1960783501775079,0.1960783501775079,154,228
10001,11001,2012,2013,-0.04292142650257831,-0.03275145104708668,0.010169975455491628,0.010169975455491628,3144,15783
10001,11002,2012,2013,-0.06063591313450137,-0.04955870407749225,0.011077209057009117,0.011077209057009117,1650,10282
10001,11003,2012,2013,-0.09931226816647756,-0.22520861425516703,-0.12589634608868946,0.12589634608868946,949,3749
10001,11004,2012,2013,-0.16550260919504436,-0.2472008266599661,-0.08169821746492173,0.08169821746492173,346,1821
10001,11005,2012,2013,0.15030973861411168,0.21585626782764109,0.06554652921352941,0.06554652921352941,2528,26198
10001,11006,2012,2013,-0.060230732973526734,-0.1342159789730702,-0.07398524599954345,0.07398524599954345,390,2413
10001,11007,2012,2013,0.004071236244815916,-0.045826222581814006,-0.04989745882662992,0.04989745882662992,176,1127
10001,11008,2012,2013,-0.13579009718724835,0.04476811484641035,0.1805582120336587,0.1805582120336587,470,8947
10001,12001,2012,2013,0.029733449377445608,0.09729567125792897,0.06756222188048336,0.06756222188048336,2529,23023
10001,12002,2012,2013,-0.004571471105964195,-0.054219914490152496,-0.0496484433841883,0.0496484433841883,201,1454
10001,12003,2012,2013,0.03722118350773519,0.03560894568921121,-0.0016122378185239802,0.0016122378185239802,2967,19831
10001,12004,2012,2013,-0.023026992701426077,-0.142906630727052,-0.11987963802562593,0.11987963802562593,1889,9266
10001,13001,2012,2013,0.003266241573043656,-0.017832243789307128,-0.021098485362350785,0.021098485362350785,3311,20423
10001,13002,2012,2013,-0.1649772765746141,-0.20990251184600592,-0.044925235271391806,0.044925235271391806,451,5225
10001,13003,2012,2013,-0.2767363764170819,-0.3740368567824282,-0.09730048036534633,0.09730048036534633,407,1061
10001,13004,2012,2013,0.24137124317130046,0.2802250046465879,0.038853761475287435,0.038853761475287435,5356,36107
10001,13005,2012,2013,-0.0985506121387714,0.003500952132733885,0.10205156427150529,0.10205156427150529,1061,6574
10001,14001,2012,2013,0.05841829557361837,0.07088010408974739,0.01246180851612902,0.01246180851612902,2800,22759
10001,14002,2012,2013,0.0026208269629196756,0.10889851286473196,0.10627768590181227,0.10627768590181227,851,5790
10001,14003,2012,2013,0.008935025143279601,0.009039237084731944,0.00010421194145234305,0.00010421194145234305,1011,8338
10001,14004,2012,2013,-0.08226938039879467,-0.10008971574090057,-0.017820335342105906,0.017820335342105906,269,4482
10001,14005,2012,2013,0.12051144342174376,0.06956299150436394,-0.05094845191737982,0.05094845191737982,1257,6924
10001,14006,2012,2013,0.03338173737059249,-0.03963800221005621,-0.0730197395806487,0.0730197395806487,1163,11381
10001,14007,2012,2013,-0.09107927094532675,-0.04592257447276117,0.04515669647256558,0.04515669647256558,1149,2953
10001,15001,2012,2013,-0.024857838246431587,-0.01877111932304481,0.006086718923386778,0.006086718923386778,2855,21929
10001,15002,2012,2013,-0.040896225044679525,-0.018451000772348243,0.022445224272331282,0.022445224272331282,3297,27432
10001,15003,2012,2013,-0.05158732962534956,0.00031217919610133243,0.05189950882145089,0.05189950882145089,950,5726
10001,15004,2012,2013,-0.10935177092129167,-0.15613768652490262,-0.04678591560361095,0.04678591560361095,1145,5358
10001,15005,2012,2013,-0.03110273526225915,-0.0028565858856585496,0.028246149376600603,0.028246149376600603,310,2074
10001,15006,2012,2013,-0.09232844049331228,-0.019146461920050022,0.07318197857326225,0.07318197857326225,1521,8730
10001,15007,2012,2013,-0.09973358580747252,-0.03364273676241776,0.06609084904505476,0.06609084904505476,518,1281
10001,16001,2012,2013,0.057148700736186095,0.008304854383225268,-0.048843846352960824,0.048843846352960824,401,4677
10001,16002,2012,2013,-0.0941520222442402,-0.0682879646627925,0.025864057581447705,0.025864057581447705,746,3536
10001,16003,2012,2013,-0.08142040375907558,-0.255743259871192,-0.17432285611211643,0.17432285611211643,137,1076
10001,16004,2012,2013,-0.007479201203233047,0.11091402497706009,0.11839322618029313,0.11839322618029313,914,4768
10002,10003,2012,2013,-0.1455671951983498,-0.2276843906717961,-0.08211719547344631,0.08211719547344631,13,54
10002,10004,2012,2013,-0.09872163489906306,-0.14313394373529206,-0.044412308836229,0.044412308836229,89,596
10002,10005,2012,2013,-0.1358156347254441,-0.2993771829505254,-0.1635615482250813,0.1635615482250813,224,266
10002,11001,2012,2013,-0.025546375281720466,-0.023327598915208813,0.002218776366511653,0.002218776366511653,4041,11962
10002,11002,2012,2013,-0.017205855328800035,0.02015973132413354,0.037365586652933575,0.037365586652933575,2404,9919
10002,11003,2012,2013,0.01972269377374085,0.004022186829829371,-0.01570050694391148,0.01570050694391148,2013,8343
10002,11004,2012,2013,-0.014077834224781339,0.0029341679444431245,0.017012002169224463,0.017012002169224463,1034,5370
10002,11005,2012,2013,-0.10004160763363007,-0.04785132309722603,0.05219028453640404,0.05219028453640404,1028,8587
10002,11006,2012,2013,-0.19902043000826283,-0.23322188051200865,-0.03420145050374582,0.03420145050374582,178,824
10002,11007,2012,2013,-0.05280758490630085,-0.058989225967801054,-0.006181641061500202,0.006181641061500202,143,751
10002,11008,2012,2013,-0.0868414147901679,-0.04072047771402975,0.046120937076138145,0.046120937076138145,774,4588
10002,12001,2012,2013,0.029535304826594305,0.02802330639991498,-0.0015119984266793243,0.0015119984266793243,3009,14004
10002,12002,2012,2013,-0.003764230271225753,-0.019752237434260012,-0.015988007163034258,0.015988007163034258,242,1308
10002,12003,2012,2013,0.04382769103061429,0.06615405022645784,0.022326359195843554,0.022326359195843554,3610,16344
10002,12004,2012,2013,-0.013214138653795721,-0.07111638767420694,-0.057902249020411224,0.057902249020411224,2364,9056
10002,13001,2012,2013,0.04600476961569389,0.061136647434860227,0.015131877819166334,0.015131877819166334,4570,19381
10002,13002,2012,2013,-0.04801762425321642,-0.09865315919373424,-0.05063553494051782,0.05063553494051782,1094,6502
10002,13003,2012,2013,-0.1450564317079464,-0.15737529763871905,-0.012318865930772638,0.012318865930772638,1223,3543
10002,13004,2012,2013,0.0933206682354939,0.08734389901042229,-0.005976769225071607,0.005976769225071607,4092,17361
10002,13005,2012,2013,-0.018733306005783004,-0.00934453159885083,0.009388774406932174,0.009388774406932174,1886,4583
10002,14001,2012,2013,0.036798489278085544,0.018546146320529398,-0.018252342957556147,0.018252342957556147,3073,14478
10002,14002,2012,2013,0.006038039340619751,0.059864213403365035,0.053826174062745286,0.053826174062745286,1035,3552
10002,14003,2012,2013,-0.02619997479723486,-0.05420878269241534,-0.02800880789518048,0.02800880789518048,1020,4626
10002,14004,2012,2013,-0.0384553321837406,-0.08732536192855142,-0.04887002974481082,0.04887002974481082,430,3433
10002,14005,2012,2013,0.032431729944171796,0.039708892365075577,0.007277162420903781,0.007277162420903781,1006,4586
10002,14006,2012,2013,0.030273198719067577,0.04363339510849239,0.01336019638942481,0.01336019638942481,1365,11453
10002,14007,2012,2013,-0.0583100274425478,-0.04307528513232122,0.015234742310226576,0.015234742310226576,1640,2185
10002,15001,2012,2013,-0.007482287282350304,-0.0039026247532564545,0.00357966252909385,0.00357966252909385,3659,16939
10002,15002,2012,2013,-0.02445270772755286,-0.017466394983263238,0.006986312744289621,0.006986312744289621,4218,20217
10002,15003,2012,2013,-0.016628053740573426,0.02208651938802904,0.038714573128602464,0.038714573128602464,1359,4677
10002,15004,2012,2013,-0.03651801913394797,-0.03250447272462822,0.0040135464093197515,0.0040135464093197515,1975,6935
10002,15005,2012,2013,-0.0124058021197208,0.02760951189185467,0.04001531401157547,0.04001531401157547,417,1814
10002,15006,2012,2013,-0.0673725220758667,-0.06818913260948274,-0.0008166105336160356,0.0008166105336160356,2078,5117
10002,15007,2012,2013,-0.05873160821165667,-0.03641054093907079,0.022321067272585877,0.022321067272585877,798,920
10002,16001,2012,2013,0.023914535380107446,-0.04632500189296854,-0.07023953727307598,0.07023953727307598,396,2616
10002,16002,2012,2013,-0.04640244358170769,-0.03987654172097174,0.006525901860735948,0.006525901860735948,1167,2981
10002,16003,2012,2013,-0.04353319579110039,-0.09160893096836954,-0.04807573517726915,0.04807573517726915,217,2310
10002,16004,2012,2013,-0.03532343246030743,-0.008424032283969285,0.02689940017633815,0.02689940017633815,954,2024
10003,10004,2012,2013,0.1830570189810341,0.022830614777499713,-0.1602264042035344,0.1602264042035344,34,139
10003,10005,2012,2013,-0.056115147288996886,-0.24830473641637943,-0.19218958912738254,0.19218958912738254,13,14
10003,11001,2012,2013,-0.10429779114783584,-0.1054142215158238,-0.0011164303679879611,0.0011164303679879611,84,470
10003,11002,2012,2013,-0.03254247422712574,-0.018975824310253443,0.013566649916872293,0.013566649916872293,83,604
10003,11003,2012,2013,0.0440383997258926,-0.06142657279447328,-0.10546497252036588,0.10546497252036588,104,397
10003,11004,2012,2013,-0.09310459411556743,-0.2120323997550701,-0.11892780563950267,0.11892780563950267,20,59
10003,11005,2012,2013,0.12017766070091115,0.12396450320376684,0.0037868425028556862,0.0037868425028556862,154,1572
10003,11006,2012,2013,-0.05865406833928964,-0.08333382212141162,-0.024679753782121977,0.024679753782121977,16,137
10003,11007,2012,2013,-0.03365030934153391,-0.021110963531306485,0.012539345810227424,0.012539345810227424,6,68
10003,11008,2012,2013,-0.04896381151600857,0.050044854715546996,0.09900866623155558,0.09900866623155558,33,578
10003,12001,2012,2013,-0.049875760249026395,0.0034319665672337962,0.05330772681626019,0.05330772681626019,76,968
10003,12002,2012,2013,0.1503623576293132,0.11173889035066922,-0.038623467278643964,0.038623467278643964,35,254
10003,12003,2012,2013,0.08210448249096,0.08149542110741824,-0.0006090613835417619,0.0006090613835417619,214,1556
10003,12004,2012,2013,0.02905614250297582,-0.05632940391184783,-0.08538554641482365,0.08538554641482365,125,616
10003,13001,2012,2013,-0.09857202942455004,-0.1251687443733883,-0.02659671494883825,0.02659671494883825,77,507
10003,13002,2012,2013,0.07051255712689296,0.035859503625295136,-0.03465305350159782,0.03465305350159782,94,925
10003,13003,2012,2013,-0.29309361934198813,-0.3298594940008458,-0.03676587465885767,0.03676587465885767,5,21
10003,13004,2012,2013,0.14191015633206153,0.13424249049830567,-0.00766766583375586,0.00766766583375586,289,2019
10003,13005,2012,2013,-0.08026985581654925,-0.026898153336404326,0.05337170248014492,0.05337170248014492,44,293
10003,14001,2012,2013,-0.007369023375029175,-0.029527157682920132,-0.02215813430789096,0.02215813430789096,104,841
10003,14002,2012,2013,0.002470941512737212,0.07128786324348309,0.06881692173074587,0.06881692173074587,42,332
10003,14003,2012,2013,0.06502530261783993,0.07414795620320504,0.009122653585365112,0.009122653585365112,77,717
10003,14004,2012,2013,0.13314236113614664,0.029472169461992527,-0.10367019167415412,0.10367019167415412,61,482
10003,14005,2012,2013,0.006160140450278781,-0.011229494695184715,-0.017389635145463496,0.017389635145463496,37,262
10003,14006,2012,2013,-0.06543452281868439,-0.06826019622098813,-0.0028256734023037328,0.0028256734023037328,28,453
10003,14007,2012,2013,-0.1072038927968797,-0.017571875609721996,0.0896320171871577,0.0896320171871577,36,179
10003,15001,2012,2013,-0.053643023550860654,-0.07087122639031136,-0.01722820283945071,0.01722820283945071,105,817
10003,15002,2012,2013,-0.07322364442141482,-0.03344545974297375,0.039778184678441075,0.039778184678441075,112,1310
10003,15003,2012,2013,-0.056176432778710254,0.010382988140787355,0.06655942091949761,0.06655942091949761,38,340
10003,15004,2012,2013,-0.11442704427693245,-0.08444197939072763,0.029985064886204824,0.029985064886204824,37,321
10003,15005,2012,2013,-0.029545378317912468,0.00690949867567131,0.036454876993583775,0.036454876993583775,14,123
10003,15006,2012,2013,-0.09418937436519244,-0.07061505008050432,0.023574324284688114,0.023574324284688114,54,310
10003,15007,2012,2013,-0.1064983826968618,-0.05750523003600803,0.04899315266085378,0.04899315266085378,17,51
10003,16001,2012,2013,0.23213404285223338,0.1832316933639053,-0.048902349488328084,0.048902349488328084,79,798
10003,16002,2012,2013,-0.10549765752173992,-0.10372434918133343,0.0017733083404064959,0.0017733083404064959,24,115
10003,16003,2012,2013,0.08812874636509249,-0.0689047728834505,-0.15703351924854297,0.15703351924854297,25,162
10003,16004,2012,2013,-0.031211303439535067,-0.0049772456388693575,0.02623405780066571,0.02623405780066571,36,152
10004,10005,2012,2013,-0.03977651020404124,-0.09039454425660375,-0.0506180340525625,0.0506180340525625,59,353
10004,11001,2012,2013,-0.14260102513989006,-0.12388637103366736,0.01871465410622271,0.01871465410622271,276,1774
10004,11002,2012,2013,-0.15330571004430307,-0.10105657374751599,0.05224913629678708,0.05224913629678708,135,1384
10004,11003,2012,2013,0.04703286734716497,0.08035523360804488,0.03332236626087991,0.03332236626087991,368,3317
10004,11004,2012,2013,-0.050368310204221625,0.0009363582598913981,0.051304668464113024,0.051304668464113024,117,1447
10004,11005,2012,2013,-0.12719319637763923,-0.17009102295944303,-0.0428978265818038,0.0428978265818038,101,991
10004,11006,2012,2013,-0.10489041256630292,-0.2061395426640196,-0.10124913009771667,0.10124913009771667,43,198
10004,11007,2012,2013,-0.060635473996263914,-0.06681509163693208,-0.00617961764066817,0.00617961764066817,18,176
10004,11008,2012,2013,-0.11713690489958181,-0.09010694263868703,0.027029962260894783,0.027029962260894783,76,852
10004,12001,2012,2013,0.004568025437043891,-0.009458044912422397,-0.014026070349466287,0.014026070349466287,416,3289
10004,12002,2012,2013,0.15107744704146253,0.08601509999133145,-0.06506234705013109,0.06506234705013109,109,698
10004,12003,2012,2013,0.014754256951659677,0.004326959652396825,-0.010427297299262853,0.010427297299262853,504,3631
10004,12004,2012,2013,0.1244697900941446,0.09052354203731663,-0.03394624805682797,0.03394624805682797,718,4915
10004,13001,2012,2013,-0.16851497777014715,-0.20317027211477207,-0.034655294344624915,0.034655294344624915,197,1314
10004,13002,2012,2013,0.2910304790586072,0.25612136241207073,-0.03490911664653645,0.03490911664653645,888,7700
10004,13003,2012,2013,-0.1738761224095112,-0.12157650648088468,0.05229961592862652,0.05229961592862652,105,980
10004,13004,2012,2013,0.03772243224446735,-0.04530901862212906,-0.08303145086659641,0.08303145086659641,548,2805
10004,13005,2012,2013,-0.07584096176900054,-0.06607049204447228,0.00977046972452826,0.00977046972452826,187,857
10004,14001,2012,2013,-0.06920787864313506,-0.107142856562502,-0.03793497791936694,0.03793497791936694,262,2062
10004,14002,2012,2013,-0.05768871470552048,-0.08006951340219413,-0.022380798696673657,0.022380798696673657,100,410
10004,14003,2012,2013,0.06541572409021455,0.04322067856824267,-0.022195045521971886,0.022195045521971886,262,2040
10004,14004,2012,2013,0.288639740877796,0.2379719536610411,-0.050667787216754884,0.050667787216754884,423,4354
10004,14005,2012,2013,-0.10178222177003449,-0.15567225727597878,-0.05389003550594429,0.05389003550594429,59,336
10004,14006,2012,2013,-0.14205575889087604,-0.1534325810004656,-0.011376822109589568,0.011376822109589568,60,1036
10004,14007,2012,2013,-0.11931926517623655,-0.039921570445417776,0.07939769473081877,0.07939769473081877,141,572
10004,15001,2012,2013,-0.10927047555589467,-0.12637615648492193,-0.017105680929027256,0.017105680929027256,290,2393
10004,15002,2012,2013,-0.09154999406822359,-0.0720416119140069,0.019508382154216686,0.019508382154216686,407,4125
10004,15003,2012,2013,-0.030150531900509935,-0.020449153878546428,0.009701378021963507,0.009701378021963507,181,1012
10004,15004,2012,2013,-0.062057854489512884,-0.044499255166840924,0.01755859932267196,0.01755859932267196,234,1681
10004,15005,2012,2013,0.024800978897364285,0.06942625962136523,0.044625280724000946,0.044625280724000946,81,666
10004,15006,2012,2013,-0.07575549979922928,-0.03302286885208636,0.04273263094714293,0.04273263094714293,258,1566
10004,15007,2012,2013,-0.11831135550844613,-0.021959139678120174,0.09635221583032595,0.09635221583032595,66,266
10004,16001,2012,2013,0.22764539496286337,0.13751186264373297,-0.0901335323191304,0.0901335323191304,222,1922
10004,16002,2012,2013,-0.14797246327337926,-0.13592621631192917,0.012046246961450097,0.012046246961450097,72,376
10004,16003,2012,2013,0.23140894841160953,0.1602315754008626,-0.07117737301074692,0.07117737301074692,195,2377
10004,16004,2012,2013,-0.0598119800252362,-0.10832816667085568,-0.04851618664561948,0.04851618664561948,112,255
10005,11001,2012,2013,-0.048108789786032266,-0.06936116560697998,-0.021252375820947716,0.021252375820947716,1564,4100
10005,11002,2012,2013,-0.07112061755755922,-0.07011734966555945,0.0010032678919997678,0.0010032678919997678,784,2802
10005,11003,2012,2013,0.02168503088938585,0.03242759400918965,0.010742563119803802,0.010742563119803802,905,4180
10005,11004,2012,2013,-0.03204450077968891,-0.055676371205006264,-0.023631870425317357,0.023631870425317357,403,1694
10005,11005,2012,2013,-0.061147658535483984,0.008783001356954733,0.06993065989243871,0.06993065989243871,522,4730
10005,11006,2012,2013,-0.15085085472157833,-0.20785536404741123,-0.0570045093258329,0.0570045093258329,98,355
10005,11007,2012,2013,-0.04061667791842415,-0.0668400132033616,-0.026223335284937442,0.026223335284937442,66,293
10005,11008,2012,2013,-0.04122396683305501,0.08045815240903113,0.12168211924208613,0.12168211924208613,418,3581
10005,12001,2012,2013,0.01195720555107791,0.05582876520554943,0.043871559654471516,0.043871559654471516,1247,7012
10005,12002,2012,2013,0.06452128814889463,0.028805098470981325,-0.035716189677913304,0.035716189677913304,167,772
10005,12003,2012,2013,0.028022332813778222,0.007049303336861431,-0.02097302947691679,0.02097302947691679,1531,5901
10005,12004,2012,2013,0.023756870083138013,-0.00669013273557498,-0.030447002818712994,0.030447002818712994,1221,5082
10005,13001,2012,2013,-0.058550833621360654,-0.0920579424571994,-0.03350710883583874,0.03350710883583874,1310,4553
10005,13002,2012,2013,0.05911645378702732,0.09079082832638397,0.03167437453935665,0.03167437453935665,815,6394
10005,13003,2012,2013,-0.14700269142837893,-0.20618530567848825,-0.05918261425010932,0.05918261425010932,460,925
10005,13004,2012,2013,0.1269898917759893,0.10027813816368614,-0.026711753612303157,0.026711753612303157,2183,8504
10005,13005,2012,2013,0.006443752900304577,0.00315071398416764,-0.003293038916136937,0.003293038916136937,924,2127
10005,14001,2012,2013,0.010363223358068071,-0.02283228493528724,-0.03319550829335531,0.03319550829335531,1231,5357
10005,14002,2012,2013,-0.03602150354950075,-1.895300077066935e-05,0.036002550548730076,0.036002550548730076,356,1159
10005,14003,2012,2013,0.003274147609341349,-0.017320494101122134,-0.020594641710463484,0.020594641710463484,517,2369
10005,14004,2012,2013,0.06934173165939732,0.12703624635306823,0.057694514693670915,0.057694514693670915,354,4192
10005,14005,2012,2013,0.009175648313923996,-0.057346203367763054,-0.06652185168168705,0.06652185168168705,397,1184
10005,14006,2012,2013,-0.014942301486749793,-0.004095430457031753,0.01084687102971804,0.01084687102971804,479,4176
10005,14007,2012,2013,-0.02745054250928921,-0.028661030881950173,-0.0012104883726609637,0.0012104883726609637,807,1009
10005,15001,2012,2013,-0.030206865618409958,-0.042092374185911455,-0.011885508567501497,0.011885508567501497,1437,6254
10005,15002,2012,2013,-0.03924989066327832,-0.009333042758763867,0.02991684790451445,0.02991684790451445,1695,8995
10005,15003,2012,2013,-0.02361771035002035,0.04033786479790677,0.06395557514792712,0.06395557514792712,565,2288
10005,15004,2012,2013,-0.03220414765385524,-0.06613945212918343,-0.033935304475328186,0.033935304475328186,858,2456
10005,15005,2012,2013,0.012729229935564586,0.06411281345155442,0.05138358351598984,0.05138358351598984,213,1008
10005,15006,2012,2013,-0.06715200074883902,-0.042416033654108176,0.024735967094730846,0.024735967094730846,859,2434
10005,15007,2012,2013,-0.026469143514245223,-0.012688884451101388,0.013780259063143835,0.013780259063143835,405,462
10005,16001,2012,2013,0.10158824379197064,0.14719417560387363,0.04560593181190299,0.04560593181190299,282,3048
10005,16002,2012,2013,-0.0604158119475898,-0.08550147784374701,-0.02508566589615721,0.02508566589615721,452,937
10005,16003,2012,2013,0.06991590543543304,0.05891642080304339,-0.010999484632389644,0.010999484632389644,198,2248
10005,16004,2012,2013,0.011453389523984031,0.019180643376105474,0.007727253852121443,0.007727253852121443,530,1041
11001,11002,2012,2013,-0.32619631194720616,-0.37089804538513643,-0.04470173343793027,0.04470173343793027,2604,3373
11001,11003,2012,2013,-0.3231977777268269,-0.3847024265893627,-0.061504648862535816,0.061504648862535816,1630,2519
11001,11004,2012,2013,-0.2809626964442404,-0.3522740607242301,-0.07131136427998974,0.07131136427998974,1030,1665
11001,11005,2012,2013,-0.284312877407472,-0.4162511077110523,-0.13193823030358026,0.13193823030358026,1789,2847
11001,11006,2012,2013,-0.04608008793327675,0.030064051669498895,0.07614413960277565,0.07614413960277565,1986,9299
11001,11007,2012,2013,-0.2077141674345164,-0.27411554741259697,-0.06640137997808057,0.06640137997808057,192,349
11001,11008,2012,2013,-0.2175523132467174,-0.3429702228322742,-0.1254179095855568,0.1254179095855568,1708,1928
11001,12001,2012,2013,-0.3081512948025102,-0.41276087184699956,-0.10460957704448937,0.10460957704448937,3074,4123
11001,12002,2012,2013,-0.2379408112302822,-0.29112848394349955,-0.05318767271321734,0.05318767271321734,190,443
11001,12003,2012,2013,-0.300030242026768,-0.35109306145775754,-0.05106281943098956,0.05106281943098956,3900,6779
11001,12004,2012,2013,-0.31803609211517936,-0.3553936239540799,-0.03735753183890056,0.03735753183890056,2602,5746
11001,13001,2012,2013,0.11677307942671225,0.12349327802509262,0.00672019859838037,0.00672019859838037,17960,48293
11001,13002,2012,2013,-0.15252441379695084,-0.15952665821113762,-0.007002244414186787,0.007002244414186787,2779,12769
11001,13003,2012,2013,0.09876153466133017,0.09899403445980964,0.0002324997984794741,0.0002324997984794741,11180,23484
11001,13004,2012,2013,-0.09553005107465035,-0.053724033738434984,0.04180601733621536,0.04180601733621536,8259,25481
11001,13005,2012,2013,-0.0068326107221164485,-0.06580837525684774,-0.058975764534731294,0.058975764534731294,7278,8403
11001,14001,2012,2013,0.0052269485491578385,0.03580364216270303,0.03057669361354519,0.03057669361354519,9861,34099
11001,14002,2012,2013,0.025905378566595857,-0.026161636852993213,-0.052067015419589066,0.052067015419589066,4000,5399
11001,14003,2012,2013,-0.038730065967238006,-0.047613149451666795,-0.008883083484428789,0.008883083484428789,3666,11386
11001,14004,2012,2013,-0.14163680922555835,-0.14055316250068442,0.0010836467248739323,0.0010836467248739323,972,6632
11001,14005,2012,2013,0.026591453307069992,0.04401486039889757,0.01742340709182758,0.01742340709182758,3440,10325
11001,14006,2012,2013,0.09422693757689907,0.10169348447218601,0.007466546895286946,0.007466546895286946,5799,29507
11001,14007,2012,2013,0.06001574851612751,0.04768830169878684,-0.012327446817340666,0.012327446817340666,9041,7660
11001,15001,2012,2013,0.06946705497880266,0.09255430579640471,0.023087250817602045,0.023087250817602045,15828,48407
11001,15002,2012,2013,0.06651179516983687,0.04228501456400569,-0.024226780605831173,0.024226780605831173,18972,53532
11001,15003,2012,2013,0.021521644016562275,0.016153237834798717,-0.005368406181763558,0.005368406181763558,5703,10278
11001,15004,2012,2013,0.03408796097594983,0.017833706269671578,-0.01625425470627825,0.01625425470627825,9165,19252
11001,15005,2012,2013,0.009673286917183587,-0.0016005953127471238,-0.01127388222993071,0.01127388222993071,1698,3532
11001,15006,2012,2013,0.09954464662099663,0.08131874080385679,-0.018225905817139842,0.018225905817139842,12616,20526
11001,15007,2012,2013,0.048472725573253946,0.03938987713530634,-0.009082848437947606,0.009082848437947606,4606,3212
11001,16001,2012,2013,-0.13472219902204358,-0.1545396365912317,-0.019817437569188134,0.019817437569188134,607,3585
11001,16002,2012,2013,0.06100646818526405,0.03194023281171096,-0.029066235373553087,0.029066235373553087,6355,9447
11001,16003,2012,2013,-0.12119629154007956,-0.11573945552011546,0.005456836019964106,0.005456836019964106,535,5094
11001,16004,2012,2013,-0.03500945663871758,-0.03089106596153317,0.004118390677184409,0.004118390677184409,3640,4190
11002,11003,2012,2013,-0.22772581567353767,-0.2889425433209268,-0.06121672764738911,0.06121672764738911,1395,3109
11002,11004,2012,2013,-0.14349870417434218,-0.21028243264872187,-0.06678372847437969,0.06678372847437969,1195,2943
11002,11005,2012,2013,-0.19144418299587704,-0.2925750302600916,-0.10113084726421454,0.10113084726421454,1504,4231
11002,11006,2012,2013,-0.024904168688975215,0.02599644779530475,0.050900616484279966,0.050900616484279966,1251,6507
11002,11007,2012,2013,-0.151257819310779,-0.2276126349033328,-0.0763548155925538,0.0763548155925538,157,342
11002,11008,2012,2013,-0.1364836699451611,-0.23003786570655077,-0.09355419576138968,0.09355419576138968,1375,2736
11002,12001,2012,2013,0.15138088830106602,0.07551265454589279,-0.07586823375517324,0.07586823375517324,8618,25474
11002,12002,2012,2013,0.0237405998570276,0.060196760422789874,0.03645616056576227,0.03645616056576227,597,3195
11002,12003,2012,2013,0.13114103704828695,0.12096915911305202,-0.010171877935234927,0.010171877935234927,9257,29467
11002,12004,2012,2013,0.1005532675655548,0.06329594940137434,-0.03725731816418046,0.03725731816418046,7088,23344
11002,13001,2012,2013,0.014972876150119344,0.0511329737601722,0.03616009761005286,0.03616009761005286,8644,29601
11002,13002,2012,2013,-0.026587824648401797,-0.07979272067727365,-0.05320489602887185,0.05320489602887185,2630,11918
11002,13003,2012,2013,0.010316206378582072,0.029023162883725133,0.018706956505143063,0.018706956505143063,5282,13634
11002,13004,2012,2013,-0.008857683016298254,-0.02886205216407986,-0.020004369147781607,0.020004369147781607,6105,19136
11002,13005,2012,2013,0.02616621048027472,0.04086987631084374,0.014703665830569018,0.014703665830569018,4722,9058
11002,14001,2012,2013,0.009805449126054033,0.019431749850808363,0.00962630072475433,0.00962630072475433,5848,23186
11002,14002,2012,2013,0.026638490665179024,0.03167020422302065,0.005031713557841627,0.005031713557841627,2371,4936
11002,14003,2012,2013,5.661107782992465e-05,0.018170988793526438,0.018114377715696513,0.018114377715696513,2456,10259
11002,14004,2012,2013,-0.03807715000525414,-0.08338164191029529,-0.04530449190504115,0.04530449190504115,941,5900
11002,14005,2012,2013,0.011469081114651359,0.04488889702689967,0.03341981591224831,0.03341981591224831,1911,7407
11002,14006,2012,2013,-0.055256732881252955,-0.05443066235345976,0.0008260705277931962,0.0008260705277931962,1999,12913
11002,14007,2012,2013,0.007497650703264878,0.012640713560594138,0.00514306285732926,0.00514306285732926,4603,4701
11002,15001,2012,2013,-0.04844124960049314,-0.059795003549428044,-0.011353753948934904,0.011353753948934904,6906,23100
11002,15002,2012,2013,-0.024809944612442784,-0.02566635666934466,-0.0008564120569018764,0.0008564120569018764,9101,32126
11002,15003,2012,2013,-0.04174516868252047,-0.02843706869229845,0.01330809999022202,0.01330809999022202,2640,6015
11002,15004,2012,2013,-0.018558087496363965,0.005641504541035157,0.02419959203739912,0.02419959203739912,4585,13073
11002,15005,2012,2013,-0.04706877187444611,0.008243749920133773,0.05531252179457988,0.05531252179457988,744,2617
11002,15006,2012,2013,-0.019178898207406904,-0.013220463499571651,0.0059584347078352525,0.0059584347078352525,5480,10669
11002,15007,2012,2013,-0.0371707202608693,-0.026072239224064393,0.01109848103680491,0.01109848103680491,1952,1604
11002,16001,2012,2013,-0.08639789217244195,-0.06782777397314262,0.018570118199299337,0.018570118199299337,447,3872
11002,16002,2012,2013,-0.004675376640171171,0.058321007799409665,0.06299638443958083,0.06299638443958083,3026,7477
11002,16003,2012,2013,-0.04030892979384246,-0.10054992846923241,-0.060240998675389956,0.060240998675389956,485,3724
11002,16004,2012,2013,0.008304681682493877,-0.009853372577292439,-0.018158054259786317,0.018158054259786317,2487,3251
11003,11004,2012,2013,-0.12430679298838535,-0.20734550933209997,-0.08303871634371462,0.08303871634371462,910,2605
11003,11005,2012,2013,-0.23316457169069224,-0.43991798568625456,-0.20675341399556232,0.20675341399556232,768,1006
11003,11006,2012,2013,-0.007833885051325538,-0.04083564778788926,-0.03300176273656372,0.03300176273656372,973,4301
11003,11007,2012,2013,-0.14746641131277802,-0.23525492549692195,-0.08778851418414393,0.08778851418414393,110,275
11003,11008,2012,2013,-0.11384560047097597,-0.2480171693564616,-0.13417156888548562,0.13417156888548562,1066,2086
11003,12001,2012,2013,0.09508289212523974,0.0064429678537395564,-0.08863992427150018,0.08863992427150018,5548,18676
11003,12002,2012,2013,0.08736502757307701,0.05465865761404711,-0.0327063699590299,0.0327063699590299,605,2800
11003,12003,2012,2013,0.0945618410483282,0.06320334723553979,-0.03135849381278841,0.03135849381278841,6273,22834
11003,12004,2012,2013,0.16625074348409902,0.18780651625393632,0.021555772769837306,0.021555772769837306,6303,29089
11003,13001,2012,2013,-0.094835875627574,-0.11754960896944225,-0.022713733341868242,0.022713733341868242,4320,15398
11003,13002,2012,2013,0.23420337476521536,0.2525320290972204,0.018328654332005034,0.018328654332005034,4606,28847
11003,13003,2012,2013,-0.05428763201682338,0.026547348808481412,0.0808349808253048,0.0808349808253048,2995,12126
11003,13004,2012,2013,0.009632551054513643,-0.12595669713374336,-0.135589248188257,0.135589248188257,4663,11812
11003,13005,2012,2013,-0.0020047364002984134,-0.015195553796474625,-0.01319081739617621,0.01319081739617621,3092,6462
11003,14001,2012,2013,-0.032579116746524334,-0.08544136728310515,-0.05286225053658082,0.05286225053658082,3632,14546
11003,14002,2012,2013,-0.05659094753611969,-0.0662071897570785,-0.009616242220958804,0.009616242220958804,1174,2719
11003,14003,2012,2013,0.05328602627813526,0.043752180677866154,-0.009533845600269104,0.009533845600269104,2198,10123
11003,14004,2012,2013,0.15406879406061477,0.1505179104906907,-0.003550883569924085,0.003550883569924085,1611,13020
11003,14005,2012,2013,-0.08391567269067413,-0.11153748804458234,-0.027621815353908216,0.027621815353908216,859,3150
11003,14006,2012,2013,-0.07440686302438503,-0.056205914444897746,0.01820094857948728,0.01820094857948728,1285,11396
11003,14007,2012,2013,-0.055170129029009814,-0.03198904254705892,0.023181086481950892,0.023181086481950892,2602,3389
11003,15001,2012,2013,-0.04697773007212714,-0.051242425067548496,-0.004264694995421356,0.004264694995421356,4913,21101
11003,15002,2012,2013,-0.06088715814895671,-0.047509021005008305,0.013378137143948407,0.013378137143948407,5787,26874
11003,15003,2012,2013,-0.0065180538693922,-0.012818570578992139,-0.006300516709599939,0.006300516709599939,2178,5755
11003,15004,2012,2013,-0.02259966128187017,0.03935589338482369,0.06195555466669386,0.06195555466669386,3230,13186
11003,15005,2012,2013,-0.0003411900627514033,0.004083262327241444,0.004424452389992847,0.004424452389992847,682,2292
11003,15006,2012,2013,-0.060259391139160984,-0.041749988442744586,0.018509402696416398,0.018509402696416398,3361,8486
11003,15007,2012,2013,-0.06507767967636781,-0.008266151153278107,0.056811528523089704,0.056811528523089704,1211,1587
11003,16001,2012,2013,0.10359407395339354,0.05888665515093273,-0.04470741880246081,0.04470741880246081,883,6183
11003,16002,2012,2013,-0.05535433534901369,-0.03723136094878295,0.018122974400230737,0.018122974400230737,1745,4418
11003,16003,2012,2013,0.14670346039756718,0.21841550418290614,0.07171204378533896,0.07171204378533896,908,12035
11003,16004,2012,2013,0.01144265448997028,-0.10809417069809844,-0.11953682518806873,0.11953682518806873,1819,1660
11004,11005,2012,2013,-0.13625556501258587,-0.29085404019734984,-0.15459847518476397,0.15459847518476397,753,1973
11004,11006,2012,2013,0.035978917089433966,0.020450078683891433,-0.015528838405542533,0.015528838405542533,728,3712
11004,11007,2012,2013,-0.08956534705583047,-0.1474714224542939,-0.05790607539846343,0.05790607539846343,98,354
11004,11008,2012,2013,-0.03606560547947136,-0.19944315885984662,-0.16337755338037527,0.16337755338037527,921,1677
11004,12001,2012,2013,0.03802358100093352,-0.023944445979501915,-0.06196802698043544,0.06196802698043544,2837,10792
11004,12002,2012,2013,0.0512788459530203,0.060352402900683014,0.009073556947662716,0.009073556947662716,308,1905
11004,12003,2012,2013,0.12090127792549468,0.08144588990510758,-0.0394553880203871,0.0394553880203871,4254,16032
11004,12004,2012,2013,0.1252882919425323,0.16578514078641626,0.040496848843883965,0.040496848843883965,3569,18966
11004,13001,2012,2013,-0.06080590909276012,-0.03666620461067854,0.024139704482081574,0.024139704482081574,2824,13020
11004,13002,2012,2013,0.04427478091375791,0.041354053728457706,-0.0029207271853002037,0.0029207271853002037,1528,10777
11004,13003,2012,2013,0.0979199322620161,0.19487625963613586,0.09695632737411976,0.09695632737411976,3164,14061
11004,13004,2012,2013,-0.0559055973402177,-0.15847767928940568,-0.10257208194918797,0.10257208194918797,2142,6093
11004,13005,2012,2013,0.016424506536933933,-0.01924642418799025,-0.03567093072492418,0.03567093072492418,1993,4064
11004,14001,2012,2013,-0.027507048547442726,-0.05527909508766246,-0.027772046540219735,0.027772046540219735,2178,10226
11004,14002,2012,2013,0.011298386326368851,-0.050269714824038796,-0.061568101150407645,0.061568101150407645,968,1870
11004,14003,2012,2013,-0.02386226272881831,-0.016241646655846313,0.007620616072971997,0.007620616072971997,938,5137
11004,14004,2012,2013,0.00029227648185353803,-0.02978469451299351,-0.030076970994847047,0.030076970994847047,489,4265
11004,14005,2012,2013,-0.053709071884815225,-0.059739427401424454,-0.006030355516609229,0.006030355516609229,585,2605
11004,14006,2012,2013,-0.010729222144502703,0.037772957970188155,0.04850218011469086,0.04850218011469086,1028,10463
11004,14007,2012,2013,0.012298994978487012,0.014553501790115164,0.0022545068116281517,0.0022545068116281517,2031,2760
11004,15001,2012,2013,0.004540285737803134,0.02442688288689304,0.019886597149089906,0.019886597149089906,3481,17304
11004,15002,2012,2013,0.00572973053422682,0.006847754905763071,0.001118024371536251,0.001118024371536251,4263,20302
11004,15003,2012,2013,-0.0016213637663152296,-0.01109015353197063,-0.0094687897656554,0.0094687897656554,1326,3726
11004,15004,2012,2013,0.05348406029298603,0.12766854950456322,0.07418448921157719,0.07418448921157719,2588,11828
11004,15005,2012,2013,-0.05211365151896462,-0.054354061525484415,-0.002240410006519797,0.002240410006519797,297,1039
11004,15006,2012,2013,-0.07639465151570735,-0.057129762185337926,0.01926488933036942,0.01926488933036942,1804,4998
11004,15007,2012,2013,-0.0010869532800167113,-0.005099793794495146,-0.004012840514478435,0.004012840514478435,976,1041
11004,16001,2012,2013,-0.0666625364429034,-0.08423221536077244,-0.017569678917869036,0.017569678917869036,204,1951
11004,16002,2012,2013,-0.010463238294482856,0.023392156283735553,0.03385539457821841,0.03385539457821841,1261,3797
11004,16003,2012,2013,0.03792380151757526,0.0860030253117113,0.048079223794136046,0.048079223794136046,328,5150
11004,16004,2012,2013,0.007627380411559714,-0.1462281612982188,-0.15385554170977853,0.15385554170977853,1073,773
11005,11006,2012,2013,-0.13189587545884937,-0.27239902901955576,-0.1405031535607064,0.1405031535607064,428,1339
11005,11007,2012,2013,-0.15665138945418824,-0.30702852250850177,-0.15037713305431352,0.15037713305431352,90,179
11005,11008,2012,2013,-0.18330734470460244,-0.30150784874700887,-0.11820050404240642,0.11820050404240642,623,1933
11005,12001,2012,2013,0.11465226832615048,0.1805794930414839,0.06592722471533342,0.06592722471533342,5342,36671
11005,12002,2012,2013,0.1067134030340877,0.05008705113813112,-0.056626351895956585,0.056626351895956585,605,3429
11005,12003,2012,2013,0.10340646408281452,0.08640582991843325,-0.017000634164381273,0.017000634164381273,5849,30268
11005,12004,2012,2013,0.1087282639264666,-0.01082679875455004,-0.11955506268101665,0.11955506268101665,4901,21155
11005,13001,2012,2013,-0.03324868601292528,-0.030754276064576938,0.0024944099483483403,0.0024944099483483403,4822,26666
11005,13002,2012,2013,-0.01919642140828552,-0.06824163338242072,-0.049045211974135194,0.049045211974135194,1742,14257
11005,13003,2012,2013,-0.17925562639951234,-0.2914426187444488,-0.11218699234493648,0.11218699234493648,1483,3289
11005,13004,2012,2013,0.1843503051402382,0.20494945695851588,0.020599151818277678,0.020599151818277678,6990,39438
11005,13005,2012,2013,-0.029047251219703547,0.04276187643134317,0.07180912765104672,0.07180912765104672,2502,10281
11005,14001,2012,2013,0.057166646872404955,0.0498318186366097,-0.007334828235795253,0.007334828235795253,4464,28479
11005,14002,2012,2013,-0.010097775048639636,0.062253451989009966,0.0723512270376496,0.0723512270376496,1319,6327
11005,14003,2012,2013,0.03853399870396314,0.001354512715743215,-0.03717948598821992,0.03717948598821992,1876,10897
11005,14004,2012,2013,0.017162267239216385,-0.014313162427299318,-0.0314754296665157,0.0314754296665157,804,9094
11005,14005,2012,2013,0.03569571137421198,0.021804710000272426,-0.013891001373939553,0.013891001373939553,1389,7620
11005,14006,2012,2013,-0.023389935761807597,-0.04606756085852166,-0.02267762509671406,0.02267762509671406,1471,15185
11005,14007,2012,2013,-0.09065798346438608,-0.05955141207538657,0.031106571388999513,0.031106571388999513,1991,3771
11005,15001,2012,2013,-3.3038786292350374e-05,-0.0026143399253132672,-0.002581301139020917,0.002581301139020917,5166,31096
11005,15002,2012,2013,-0.06181632857119839,-0.013711116415160792,0.0481052121560376,0.0481052121560376,5163,37654
11005,15003,2012,2013,-0.06926468609801534,-0.002301007588740637,0.0669636785092747,0.0669636785092747,1477,7638
11005,15004,2012,2013,-0.09726764365944503,-0.12625771491810261,-0.028990071258657588,0.028990071258657588,2118,8789
11005,15005,2012,2013,-0.04647335464262107,-0.02040107909835557,0.0260722755442655,0.0260722755442655,474,2554
11005,15006,2012,2013,-0.08346245160548836,-0.025399723265006276,0.05806272834048208,0.05806272834048208,2734,11565
11005,15007,2012,2013,-0.0899811426471095,-0.052256438405699664,0.03772470424140984,0.03772470424140984,950,1564
11005,16001,2012,2013,0.1356848427761406,0.08776984396053188,-0.04791499881560872,0.04791499881560872,928,8617
11005,16002,2012,2013,-0.05438090358644882,-0.050402136480855945,0.003978767105592876,0.003978767105592876,1570,5311
11005,16003,2012,2013,-0.0005581645343520371,-0.10699193251927325,-0.10643376798492121,0.10643376798492121,393,4135
11005,16004,2012,2013,0.03629726211332308,0.1211480765854154,0.08485081447209233,0.08485081447209233,1823,6491
11006,11007,2012,2013,-0.014222939794422889,-0.02908191532286923,-0.014858975528446342,0.014858975528446342,101,573
11006,11008,2012,2013,-0.09839457951405782,-0.15017704861945347,-0.05178246910539565,0.05178246910539565,370,1481
11006,12001,2012,2013,0.022977565171504465,-0.022624926220260966,-0.045602491391765435,0.045602491391765435,1624,7331
11006,12002,2012,2013,0.06118886081053268,0.02098405790245283,-0.040204802908079845,0.040204802908079845,201,1059
11006,12003,2012,2013,0.05545350915123786,0.023663432562329362,-0.0317900765889085,0.0317900765889085,2115,9118
11006,12004,2012,2013,0.028122317628047552,-0.040173774943414155,-0.06829609257146171,0.06829609257146171,1541,6401
11006,13001,2012,2013,0.008586703569553029,0.0348565750197714,0.02626987145021837,0.02626987145021837,2212,11517
11006,13002,2012,2013,-0.024967250165415424,-0.08250800641302239,-0.05754075624760696,0.05754075624760696,658,4269
11006,13003,2012,2013,-0.0954094760921132,-0.00957934847849215,0.08583012761362105,0.08583012761362105,809,4636
11006,13004,2012,2013,0.08333980946751293,0.0025532704259527434,-0.08078653904156019,0.08078653904156019,2265,8348
11006,13005,2012,2013,-0.016738831755724222,0.04528366122439384,0.06202249298011806,0.06202249298011806,1027,3776
11006,14001,2012,2013,0.020364189850408495,0.01849388245875254,-0.0018703073916559558,0.0018703073916559558,1597,9260
11006,14002,2012,2013,-0.013382559613538715,0.017123649733078488,0.030506209346617203,0.030506209346617203,509,1850
11006,14003,2012,2013,0.032614074443350294,0.03193440655450979,-0.000679667888840503,0.000679667888840503,748,4375
11006,14004,2012,2013,-0.011644679246002503,-0.10121373366688796,-0.08956905442088546,0.08956905442088546,272,1918
11006,14005,2012,2013,0.03469145736253046,0.026071843037838688,-0.008619614324691771,0.008619614324691771,566,2768
11006,14006,2012,2013,-0.02908004486192285,-0.06838669457113207,-0.03930664970920922,0.03930664970920922,553,4500
11006,14007,2012,2013,-0.06106444117815901,0.01109359845856701,0.07215803963672603,0.07215803963672603,849,1857
11006,15001,2012,2013,-0.027684175056557576,-0.022618772121854758,0.005065402934702819,0.005065402934702819,1821,9980
11006,15002,2012,2013,-0.04794344311420965,-0.03626313207745907,0.01168031103675058,0.01168031103675058,2050,11860
11006,15003,2012,2013,-0.05568552637393911,-0.030248787081025758,0.02543673929291335,0.02543673929291335,592,2282
11006,15004,2012,2013,-0.05299507401730586,-0.042428020179689045,0.010567053837616816,0.010567053837616816,968,4128
11006,15005,2012,2013,-0.006797719164338686,0.01770052536805492,0.024498244532393607,0.024498244532393607,234,1099
11006,15006,2012,2013,-0.057473818443440274,0.0005228751403118774,0.05799669358375215,0.05799669358375215,1141,4427
11006,15007,2012,2013,-0.0778636542663647,-0.025128619701639796,0.052735034564724906,0.052735034564724906,372,620
11006,16001,2012,2013,0.06037735665502722,-0.05534472668575721,-0.11572208334078443,0.11572208334078443,273,1538
11006,16002,2012,2013,-0.037355353494976436,-0.00938860887168042,0.027966744623296014,0.027966744623296014,650,2200
11006,16003,2012,2013,-0.04019587844007652,-0.14007308371413435,-0.09987720527405783,0.09987720527405783,118,1009
11006,16004,2012,2013,-0.0019045151577437307,0.019088893682028048,0.020993408839771778,0.020993408839771778,613,1500
11007,11008,2012,2013,-0.09803143177106094,-0.21590610022144635,-0.11787466845038541,0.11787466845038541,101,200
11007,12001,2012,2013,-0.007542143911569867,-0.07701596451335553,-0.06947382060178567,0.06947382060178567,435,1578
11007,12002,2012,2013,0.030315701505920476,-0.011837988952424985,-0.04215369045834546,0.04215369045834546,53,259
11007,12003,2012,2013,0.0957812360776851,0.09696483344478547,0.0011835973671003724,0.0011835973671003724,844,4002
11007,12004,2012,2013,0.06881531631526636,0.0793586965253233,0.010543380210056949,0.010543380210056949,609,3412
11007,13001,2012,2013,0.005461703042372708,0.010821011096941592,0.005359308054568884,0.005359308054568884,680,3244
11007,13002,2012,2013,-0.023859880472158528,-0.05251343763591156,-0.028653557163753035,0.028653557163753035,199,1408
11007,13003,2012,2013,0.012537685466161455,0.09822728659113213,0.08568960112497068,0.08568960112497068,437,2463
11007,13004,2012,2013,0.0012650922776144488,-0.0374183599298518,-0.038683452207466246,0.038683452207466246,503,2048
11007,13005,2012,2013,-0.00975647051819157,-0.015295378892071488,-0.005538908373879919,0.005538908373879919,325,837
11007,14001,2012,2013,-0.0014102830760769635,0.003629695452339268,0.005039978528416231,0.005039978528416231,448,2665
11007,14002,2012,2013,-0.0032310263324288662,0.00198281844409007,0.005213844776518936,0.005213844776518936,166,518
11007,14003,2012,2013,0.01185719243465802,0.03044632229348086,0.01858912985882284,0.01858912985882284,211,1367
11007,14004,2012,2013,-0.037664168123393814,-0.04912939397595801,-0.011465225852564195,0.011465225852564195,68,740
11007,14005,2012,2013,0.03458292712343499,0.024664726616138475,-0.009918200507296516,0.009918200507296516,182,859
11007,14006,2012,2013,0.00031569391202106704,-0.03398676941514066,-0.03430246332716173,0.03430246332716173,201,1546
11007,14007,2012,2013,-0.02454927816225878,0.025053284843389305,0.04960256300564808,0.04960256300564808,308,626
11007,15001,2012,2013,0.02380684492727356,0.006166274466866989,-0.017640570460406572,0.017640570460406572,718,3408
11007,15002,2012,2013,-0.011591588422935242,0.00021741969482710853,0.011809008117762351,0.011809008117762351,729,4119
11007,15003,2012,2013,-0.02692457040680909,-0.00707562886328736,0.019848941543521733,0.019848941543521733,208,778
11007,15004,2012,2013,0.00021445732940212912,0.03104895100122664,0.03083449367182451,0.03083449367182451,389,1820
11007,15005,2012,2013,-0.004624880460568851,-0.01019062345167802,-0.00556574299110917,0.00556574299110917,73,278
11007,15006,2012,2013,-0.03405566844297664,0.003775504817484956,0.03783117326046159,0.03783117326046159,380,1371
11007,15007,2012,2013,-0.027375346305597167,-0.01052899661402169,0.016846349691575477,0.016846349691575477,151,205
11007,16001,2012,2013,0.046539153887863643,-0.0592937578411063,-0.10583291172896994,0.10583291172896994,82,423
11007,16002,2012,2013,0.008154430724872328,0.04237450732107459,0.03422007659620226,0.03422007659620226,258,915
11007,16003,2012,2013,-0.03284761080245201,-0.027210411574614447,0.00563719922783756,0.00563719922783756,37,604
11007,16004,2012,2013,-0.015384525990330102,-0.020621897469791768,-0.005237371479461666,0.005237371479461666,173,352
11008,12001,2012,2013,0.07895692182008114,0.11595803344893636,0.03700111162885522,0.03700111162885522,3561,18000
11008,12002,2012,2013,0.045463071853755394,0.04370684622148478,-0.001756225632270611,0.001756225632270611,324,1820
11008,12003,2012,2013,0.09031739940637606,0.010938839384240407,-0.07937856002213566,0.07937856002213566,4189,13236
11008,12004,2012,2013,0.057645577440824804,-0.005570901005437798,-0.0632164784462626,0.0632164784462626,3080,11415
11008,13001,2012,2013,-0.07613098093437277,-0.07491876490135059,0.0012122160330221843,0.0012122160330221843,2915,11775
11008,13002,2012,2013,0.0719139661002454,0.07342550102009306,0.0015115349198476513,0.0015115349198476513,1861,12565
11008,13003,2012,2013,0.037071402513958414,-0.10832486613393445,-0.14539626864789287,0.14539626864789287,2768,4490
11008,13004,2012,2013,-0.033945356744750105,0.05574251756814467,0.08968787431289477,0.08968787431289477,2577,15318
11008,13005,2012,2013,0.07619757956387949,0.05660055984632488,-0.019597019717554606,0.019597019717554606,2730,5955
11008,14001,2012,2013,-0.03837765089725613,-0.017385564834651302,0.020992086062604828,0.020992086062604828,2279,12391
11008,14002,2012,2013,0.0028263259448132344,-0.009453361358824916,-0.01227968730363815,0.01227968730363815,1014,2454
11008,14003,2012,2013,0.0011444907561070112,0.006124343982498315,0.004979853226391304,0.004979853226391304,1159,5932
11008,14004,2012,2013,0.034277334816004354,0.1001772479569271,0.06589991314092275,0.06589991314092275,640,7729
11008,14005,2012,2013,-0.06103770108921579,-0.04315416826456851,0.017883532824647275,0.017883532824647275,616,2984
11008,14006,2012,2013,-0.054173055907770634,-0.02386648492826659,0.030306570979504045,0.030306570979504045,903,8611
11008,14007,2012,2013,0.05611580313807196,-0.0043341213978382335,-0.06044992453591019,0.06044992453591019,2625,2617
11008,15001,2012,2013,-0.022063707620894147,-0.0284596866301013,-0.006395979009207152,0.006395979009207152,3451,15132
11008,15002,2012,2013,-0.01964320785430562,-6.414769568387216e-05,0.019579060158621747,0.019579060158621747,4268,20759
11008,15003,2012,2013,-0.012695207921407568,-0.0052619555388391335,0.007433252382568435,0.007433252382568435,1377,4006
11008,15004,2012,2013,0.004520894116002695,-0.0488446998105862,-0.0533655939265889,0.0533655939265889,2333,6263
11008,15005,2012,2013,-0.0285612129231175,0.006036619836362815,0.034597832759480314,0.034597832759480314,377,1566
11008,15006,2012,2013,-0.034792538893648986,-0.011329801415889913,0.023462737477759073,0.023462737477759073,2378,6447
11008,15007,2012,2013,0.045286550046417996,0.004663443664594659,-0.040623106381823336,0.040623106381823336,1320,1154
11008,16001,2012,2013,-0.022526752499384173,0.1429428388874664,0.16546959138685058,0.16546959138685058,299,6022
11008,16002,2012,2013,-0.017217831620081194,-0.028332071001239186,-0.011114239381157992,0.011114239381157992,1336,3075
11008,16003,2012,2013,0.03590812151957271,0.02668596988494553,-0.009222151634627182,0.009222151634627182,353,4143
11008,16004,2012,2013,0.03772243497543513,0.04816427130996274,0.01044183633452761,0.01044183633452761,1343,2643
12001,12002,2012,2013,-0.2238520762814566,-0.33405023910901754,-0.11019816282756095,0.11019816282756095,113,272
12001,12003,2012,2013,-0.3196557027556357,-0.4759618050106609,-0.15630610225502517,0.15630610225502517,1701,2353
12001,12004,2012,2013,-0.32757113254926995,-0.4637928696805525,-0.13622173713128255,0.13622173713128255,1178,2250
12001,13001,2012,2013,0.003554316991293812,-0.028684090886402284,-0.03223840787769609,0.03223840787769609,8756,32952
12001,13002,2012,2013,0.04399545824165685,0.01292698203511981,-0.03106847620653704,0.03106847620653704,3574,22963
12001,13003,2012,2013,-0.06208121441325412,-0.1523663814890284,-0.09028516707577428,0.09028516707577428,4319,9385
12001,13004,2012,2013,0.037239790323053676,0.12918380342532496,0.09194401310227128,0.09194401310227128,7301,39876
12001,13005,2012,2013,0.011649520769942119,-0.005072015089296954,-0.01672153585923907,0.01672153585923907,4702,10460
12001,14001,2012,2013,0.003239335622700071,0.02771377381409394,0.024474438191393867,0.024474438191393867,5987,32566
12001,14002,2012,2013,-0.011058249321882183,0.013730397104698262,0.024788646426580446,0.024788646426580446,2127,6271
12001,14003,2012,2013,-0.007370007620117276,-0.03367939485288131,-0.026309387232764034,0.026309387232764034,2492,11692
12001,14004,2012,2013,0.015273830130008067,0.021966746139911213,0.006692916009903146,0.006692916009903146,1274,12715
12001,14005,2012,2013,0.01025902349138468,0.03185722190938601,0.021598198418001327,0.021598198418001327,1986,9625
12001,14006,2012,2013,-0.058683181844292415,-0.03687434620846061,0.021808835635831803,0.021808835635831803,2063,19304
12001,14007,2012,2013,-0.012099113289570593,-0.03852891989715112,-0.026429806607580528,0.026429806607580528,4503,5157
12001,15001,2012,2013,-0.034471276507650916,-0.01575417892533506,0.018717097582315857,0.018717097582315857,7543,36737
12001,15002,2012,2013,-0.04959003115164412,-0.013601553945532592,0.03598847720611153,0.03598847720611153,8891,46115
12001,15003,2012,2013,-0.03550832858625029,-0.017988414225808543,0.017519914360441747,0.017519914360441747,2834,8765
12001,15004,2012,2013,-0.0713690263942617,-0.09909880904048272,-0.02772978264622103,0.02772978264622103,3972,12365
12001,15005,2012,2013,-0.000399934138604663,0.018895044109096242,0.019294978247700906,0.019294978247700906,990,3798
12001,15006,2012,2013,0.053865199680196735,0.03446658934830277,-0.019398610331893967,0.019398610331893967,7122,17374
12001,15007,2012,2013,-0.00997415035677612,-0.012587462823975104,-0.002613312467198984,0.002613312467198984,2291,2407
12001,16001,2012,2013,-0.007301117078508029,0.04690142014480421,0.05420253722331224,0.05420253722331224,735,8923
12001,16002,2012,2013,-0.05178544666016173,-0.07626677204678338,-0.02448132538662165,0.02448132538662165,2628,5816
12001,16003,2012,2013,-0.023735216520906193,-0.016073300016273176,0.007661916504633017,0.007661916504633017,558,7839
12001,16004,2012,2013,0.004139056418105972,0.09908690002039505,0.09494784360228908,0.09494784360228908,2556,7144
12002,12003,2012,2013,-0.2122699200733677,-0.3053277930134405,-0.09305787294007278,0.09305787294007278,149,387
12002,12004,2012,2013,-0.21104955880652407,-0.3049813866074026,-0.09393182780087853,0.09393182780087853,115,342
12002,13001,2012,2013,-0.07274228648119968,-0.11094957397112663,-0.03820728748992695,0.03820728748992695,535,2280
12002,13002,2012,2013,0.08177538822395909,0.04299697228737612,-0.038778415936582974,0.038778415936582974,447,3168
12002,13003,2012,2013,-0.01947102699989016,0.05923818704660464,0.07870921404649481,0.07870921404649481,440,2674
12002,13004,2012,2013,0.06513036855977619,0.01669424022007203,-0.04843612833970416,0.04843612833970416,839,3642
12002,13005,2012,2013,-0.01084344531685732,0.05638317427979247,0.06722661959664979,0.06722661959664979,391,1694
12002,14001,2012,2013,0.006676971638602579,-0.005755983686404894,-0.012432955325007473,0.012432955325007473,566,3403
12002,14002,2012,2013,-0.04515005945188023,-0.04059632852386484,0.004553730928015386,0.004553730928015386,151,519
12002,14003,2012,2013,0.08029481253973735,0.10175628148950061,0.021461468949763265,0.021461468949763265,378,2598
12002,14004,2012,2013,0.08543039406192862,0.023205731050526195,-0.06222466301140243,0.06222466301140243,191,1552
12002,14005,2012,2013,-0.011661743792554777,-0.04345949997747299,-0.031797756184918216,0.031797756184918216,162,744
12002,14006,2012,2013,-0.07545695688599297,-0.09628606279495712,-0.020829105908964154,0.020829105908964154,145,1440
12002,14007,2012,2013,-0.043493579971286084,0.024286615076810677,0.06778019504809676,0.06778019504809676,333,828
12002,15001,2012,2013,-0.027968025549542946,-0.03549914050269408,-0.007531114953151133,0.007531114953151133,661,3728
12002,15002,2012,2013,-0.03380843863789198,-0.03798372649337177,-0.004175287855479791,0.004175287855479791,787,4622
12002,15003,2012,2013,-0.03424029296656727,-0.021618545021902583,0.012621747944664686,0.012621747944664686,241,953
12002,15004,2012,2013,-0.03531440620834611,0.0036052662920854953,0.03891967250043161,0.03891967250043161,382,2091
12002,15005,2012,2013,-0.009787012777111569,0.0525770713314339,0.062364084108545464,0.062364084108545464,85,571
12002,15006,2012,2013,-0.052164876665702076,0.036557199931022535,0.08872207659672461,0.08872207659672461,415,2184
12002,15007,2012,2013,-0.08636026158673742,-0.028429989945146696,0.057930271641590717,0.057930271641590717,120,240
12002,16001,2012,2013,0.14546155892195287,0.06330271566240057,-0.08215884325955229,0.08215884325955229,183,1248
12002,16002,2012,2013,0.017962636595329592,0.05255220073779483,0.03458956414246524,0.03458956414246524,330,1282
12002,16003,2012,2013,0.011794494969158874,-0.07763541053069076,-0.08942990549984964,0.08942990549984964,64,576
12002,16004,2012,2013,-0.0024244556719456014,0.04103551924261053,0.04345997491455613,0.04345997491455613,228,713
12003,12004,2012,2013,-0.335033032510138,-0.4726021610452993,-0.1375691285351613,0.1375691285351613,1371,2183
12003,13001,2012,2013,-0.00605743375986073,0.09520532753355358,0.10126276129341431,0.10126276129341431,9781,45751
12003,13002,2012,2013,0.03016886607223971,-0.0508187438951943,-0.08098760996743401,0.08098760996743401,3886,19382
12003,13003,2012,2013,-0.012222237986494454,-0.03792491865997354,-0.02570268067347909,0.02570268067347909,5890,15426
12003,13004,2012,2013,-0.0019190706171863105,-0.09006490445653458,-0.08814583383934826,0.08814583383934826,7470,22811
12003,13005,2012,2013,0.05594098407623387,0.10502219488953615,0.04908121081330228,0.04908121081330228,6151,15706
12003,14001,2012,2013,0.00012784783682165293,-0.018089187488985723,-0.018217035325807377,0.018217035325807377,6794,29687
12003,14002,2012,2013,0.029315453589140585,0.06437187806119604,0.03505642447205545,0.03505642447205545,2854,7926
12003,14003,2012,2013,0.03100180664519292,0.04303653029701813,0.012034723651825209,0.012034723651825209,3296,15797
12003,14004,2012,2013,0.011115725978742712,-0.05826534159373852,-0.06938106757248123,0.06938106757248123,1430,9668
12003,14005,2012,2013,-0.023129852045417162,-0.003535490432089631,0.019594361613327532,0.019594361613327532,1978,8651
12003,14006,2012,2013,-0.011939892939723692,0.026591269498171574,0.03853116243789527,0.03853116243789527,2882,24227
12003,14007,2012,2013,0.003224243482071893,-0.009548208276350747,-0.01277245175842264,0.01277245175842264,5430,6071
12003,15001,2012,2013,-0.04011375850864748,-0.04532769383516604,-0.005213935326518565,0.005213935326518565,8547,35078
12003,15002,2012,2013,-0.04128409776190687,-0.020797466416868502,0.020486631345038368,0.020486631345038368,10489,46798
12003,15003,2012,2013,-0.0413285955893986,0.0007298533226845055,0.04205844891208311,0.04205844891208311,3191,9739
12003,15004,2012,2013,-0.0017957143294673092,0.01760769964978099,0.0194034139792483,0.0194034139792483,5810,19332
12003,15005,2012,2013,-0.06880857277532319,-0.04079496666578969,0.028013606109533504,0.028013606109533504,800,2908
12003,15006,2012,2013,-0.14046232427589542,-0.11794727741609996,0.022515046859795454,0.022515046859795454,4315,10192
12003,15007,2012,2013,-0.04979233169904181,-0.03999769553742437,0.009794636161617444,0.009794636161617444,2231,2139
12003,16001,2012,2013,0.02744502578154344,0.01785062023365243,-0.00959440554789101,0.00959440554789101,1000,8217
12003,16002,2012,2013,-0.0033914902398771178,0.026657901844387002,0.03004939208426412,0.03004939208426412,3643,9304
12003,16003,2012,2013,0.049029548014645055,-0.04866642630370715,-0.0976959743183522,0.0976959743183522,928,7041
12003,16004,2012,2013,-0.030868376858155737,-0.054623347244614734,-0.023754970386458997,0.023754970386458997,2551,3742
12004,13001,2012,2013,-0.1284407251981145,-0.1781935787248574,-0.049752853526742885,0.049752853526742885,5320,18975
12004,13002,2012,2013,0.152256208457691,0.1899584524333904,0.03770224397569941,0.03770224397569941,4693,34252
12004,13003,2012,2013,-0.037534200145603956,0.08181347972859424,0.1193476798741982,0.1193476798741982,4352,20733
12004,13004,2012,2013,0.11073997460881335,-0.006731165615219422,-0.11747114022403278,0.11747114022403278,8252,26883
12004,13005,2012,2013,-0.02566583180247939,-0.050158334980589046,-0.024492503178109658,0.024492503178109658,3826,8223
12004,14001,2012,2013,0.006535081395080907,-0.05124948604637975,-0.057784567441460655,0.057784567441460655,5605,24564
12004,14002,2012,2013,-0.055151241620690024,-0.05673074238117903,-0.0015795007604890096,0.0015795007604890096,1618,4277
12004,14003,2012,2013,0.02646377017890137,0.015041822628074875,-0.011421947550826496,0.011421947550826496,2636,13189
12004,14004,2012,2013,0.13908508419959015,0.13997958151214202,0.0008944973125518674,0.0008944973125518674,1972,17557
12004,14005,2012,2013,-0.02467586702599514,-0.07463355766648802,-0.04995769064049288,0.04995769064049288,1580,5788
12004,14006,2012,2013,-0.07963547673998353,-0.09811548565420859,-0.018480008914225063,0.018480008914225063,1727,14592
12004,14007,2012,2013,-0.06835940462924628,-0.008414054553837725,0.059945350075408556,0.059945350075408556,3383,5581
12004,15001,2012,2013,-0.04147811891253359,-0.0386124410122949,0.002865677900238693,0.002865677900238693,6820,32581
12004,15002,2012,2013,-0.042056335925482774,-0.012918757790713088,0.029137578134769686,0.029137578134769686,8384,43583
12004,15003,2012,2013,-0.03080648344577344,-0.012716675739744245,0.018089807706029196,0.018089807706029196,2668,8448
12004,15004,2012,2013,-0.02002803045163804,0.051256647887832,0.07128467833947004,0.07128467833947004,4413,19680
12004,15005,2012,2013,-0.025003832826186345,1.3782786933786825e-05,0.02501761561312013,0.02501761561312013,809,3275
12004,15006,2012,2013,-0.09496754126294739,-0.03155470819279603,0.06341283307015136,0.06341283307015136,4051,13085
12004,15007,2012,2013,-0.06386524843903375,-0.01016820399422282,0.05369704444481094,0.05369704444481094,1672,2301
12004,16001,2012,2013,0.11435875061037815,0.05534212683327754,-0.0590166237771006,0.0590166237771006,1209,8723
12004,16002,2012,2013,-0.04528694330427297,-0.0002855367069773062,0.045001406597295665,0.045001406597295665,2491,7664
12004,16003,2012,2013,0.1200830236087593,0.17116799502587926,0.051084971417119956,0.051084971417119956,1051,14346
12004,16004,2012,2013,-0.037677151680893396,-0.04704636589262152,-0.009369214211728122,0.009369214211728122,1989,3544
13001,13002,2012,2013,-0.34518568607520234,-0.49977868877777876,-0.15459300270257642,0.15459300270257642,743,1656
13001,13003,2012,2013,-0.35441715911573723,-0.45310555616335446,-0.09868839704761723,0.09868839704761723,1643,1664
13001,13004,2012,2013,-0.40139159739019253,-0.5557172448820419,-0.15432564749184935,0.15432564749184935,1641,1505
13001,13005,2012,2013,-0.3037421077589137,-0.41529460301782206,-0.11155249525890837,0.11155249525890837,1781,1077
13001,14001,2012,2013,0.04903295941421549,0.04850656849381648,-0.0005263909203990086,0.0005263909203990086,9795,42700
13001,14002,2012,2013,0.00183869118003918,0.03076953899979425,0.02893084781975507,0.02893084781975507,3261,8407
13001,14003,2012,2013,-0.043069090119843716,-0.07088209387063032,-0.02781300375078661,0.02781300375078661,3180,12903
13001,14004,2012,2013,-0.18730534841641433,-0.27253457540318315,-0.08522922698676882,0.08522922698676882,636,4050
13001,14005,2012,2013,0.06556187510935087,0.08355287640572734,0.01799100129637647,0.01799100129637647,3510,14305
13001,14006,2012,2013,0.11043803926130137,0.12786650467190575,0.017428465410604374,0.017428465410604374,5445,37650
13001,14007,2012,2013,-0.021380774882279942,-0.022670246845814337,-0.001289471963534395,0.001289471963534395,6397,7011
13001,15001,2012,2013,0.04963435906896616,0.07083896784852925,0.021204608779563087,0.021204608779563087,13557,55863
13001,15002,2012,2013,0.02613139939719362,0.051622325527775625,0.025490926130582004,0.025490926130582004,15631,66166
13001,15003,2012,2013,0.008472643642195804,0.02173064408643964,0.013258000444243837,0.013258000444243837,4859,12796
13001,15004,2012,2013,-0.023196185343803542,-0.018571728514036802,0.0046244568297667404,0.0046244568297667404,6929,21027
13001,15005,2012,2013,-0.004652620368380207,-0.04159385017141609,-0.03694122980303589,0.03694122980303589,1413,3559
13001,15006,2012,2013,0.05625993799732294,0.025104337571570764,-0.03115560042575218,0.03115560042575218,10224,21074
13001,15007,2012,2013,-0.008821577909303562,-0.0033738005595276887,0.005447777349775873,0.005447777349775873,3360,3179
13001,16001,2012,2013,-0.13742580293293385,-0.20994102505329187,-0.07251522212035802,0.07251522212035802,519,3293
13001,16002,2012,2013,-0.02842018203639765,-0.0352155468526636,-0.006795364816265949,0.006795364816265949,4247,8884
13001,16003,2012,2013,-0.15314010234236228,-0.21480771748050506,-0.061667615138142784,0.061667615138142784,377,3729
13001,16004,2012,2013,-0.05064118593604819,-0.03228064408031468,0.018360541855733506,0.018360541855733506,3022,5131
13002,13003,2012,2013,-0.31921548194674904,-0.4009250423231344,-0.08170956037638538,0.08170956037638538,444,1228
13002,13004,2012,2013,-0.30719597482593464,-0.510140940718873,-0.2029449658929383,0.2029449658929383,659,971
13002,13005,2012,2013,-0.23734576927874365,-0.37249684326979243,-0.13515107399104878,0.13515107399104878,658,763
13002,14001,2012,2013,-0.08111571257823265,-0.1510748145631767,-0.06995910198494405,0.06995910198494405,2174,13890
13002,14002,2012,2013,-0.08204707576531887,-0.12532847713866854,-0.04328140137334967,0.04328140137334967,745,2382
13002,14003,2012,2013,0.08952552376207737,0.05227639507314396,-0.03724912868893341,0.03724912868893341,1917,12490
13002,14004,2012,2013,0.3629004509992165,0.38661865677146035,0.023718205772243872,0.023718205772243872,2543,27434
13002,14005,2012,2013,-0.13687222130106613,-0.20861648126862634,-0.0717442599675602,0.0717442599675602,447,2165
13002,14006,2012,2013,-0.15239196233276792,-0.1357477439536519,0.016644218379116005,0.016644218379116005,591,10071
13002,14007,2012,2013,-0.07952324978635227,-0.071481535952587,0.008041713833765271,0.008041713833765271,1698,3367
13002,15001,2012,2013,-0.10024279527517066,-0.08933115978695866,0.010911635488212001,0.010911635488212001,2906,22800
13002,15002,2012,2013,-0.07261121789937496,-0.06419751237146354,0.008413705527911416,0.008413705527911416,4037,31238
13002,15003,2012,2013,0.0070114691100776495,-0.02320246914432428,-0.030213938254401933,0.030213938254401933,1713,6661
13002,15004,2012,2013,-0.05958627712132751,-0.013045719917209193,0.046540557204118316,0.046540557204118316,2035,13207
13002,15005,2012,2013,0.061702369510163134,0.024184850925328346,-0.03751751858483479,0.03751751858483479,701,3058
13002,15006,2012,2013,-0.02950422604603908,-0.027320695152373592,0.0021835308936654883,0.0021835308936654883,2779,10931
13002,15007,2012,2013,-0.060887953747160106,-0.005189694075075338,0.05569825967208477,0.05569825967208477,901,1952
13002,16001,2012,2013,0.22375850154309476,0.22705748195275752,0.003298980409662755,0.003298980409662755,1132,13039
13002,16002,2012,2013,-0.12412770371173462,-0.1579689135727506,-0.03384120986101599,0.03384120986101599,885,2833
13002,16003,2012,2013,0.2965235641593727,0.37253121485133767,0.07600765069196497,0.07600765069196497,1283,20818
13002,16004,2012,2013,0.007230061177038958,-0.11611519043593904,-0.123345251612978,0.123345251612978,1330,1952
13003,13004,2012,2013,-0.42458730856501026,-0.5197103289415321,-0.09512302037652187,0.09512302037652187,592,499
13003,13005,2012,2013,-0.2725040495783812,-0.35217760225559336,-0.07967355267721216,0.07967355267721216,1100,624
13003,14001,2012,2013,-0.058973339612743834,-0.017750518656560105,0.04122282095618373,0.04122282095618373,4342,17164
13003,14002,2012,2013,0.0808238245864632,-0.06293569302998908,-0.14375951761645228,0.14375951761645228,2728,2563
13003,14003,2012,2013,-0.010487296436531639,0.04690419473395983,0.057391491170491464,0.057391491170491464,2202,9558
13003,14004,2012,2013,-0.22426801438267982,-0.21727513729739373,0.006992877085286092,0.006992877085286092,264,2209
13003,14005,2012,2013,-0.056587271105394174,0.004669663305506741,0.061256934410900916,0.061256934410900916,1313,5226
13003,14006,2012,2013,-0.016881694661208896,0.04230100350760267,0.05918269816881157,0.05918269816881157,2201,15102
13003,14007,2012,2013,0.14069527418454447,0.11903365113672383,-0.02166162304782064,0.02166162304782064,6426,6176
13003,15001,2012,2013,0.022911225848189515,0.0337804814833613,0.010869255635171788,0.010869255635171788,7952,25384
13003,15002,2012,2013,0.054827340042354365,0.03495060053070555,-0.019876739511648818,0.019876739511648818,10459,31463
13003,15003,2012,2013,-0.017718265621593753,-0.027421741868237592,-0.00970347624664384,0.00970347624664384,2716,5002
13003,15004,2012,2013,0.10381667726214194,0.16482405600837047,0.061007378746228524,0.061007378746228524,6266,18198
13003,15005,2012,2013,-0.09997727677188438,-0.06869493173864555,0.03128234503323883,0.03128234503323883,510,1400
13003,15006,2012,2013,0.012340435429142002,0.01050679652459921,-0.0018336389045427916,0.0018336389045427916,5668,9720
13003,15007,2012,2013,0.029536540872583564,-0.0002807886731629433,-0.029817329545746507,0.029817329545746507,2405,1545
13003,16001,2012,2013,-0.33044007356618643,-0.2835283778670413,0.046911695699145106,0.046911695699145106,51,708
13003,16002,2012,2013,0.13509106763042514,0.17497622353941278,0.03988515590898764,0.03988515590898764,4543,9639
13003,16003,2012,2013,-0.14325911492603735,-0.07945907639223733,0.06380003853380002,0.06380003853380002,229,3407
13003,16004,2012,2013,-0.021611560378778358,-0.1626060611655944,-0.14099450078681602,0.14099450078681602,2059,1055
13004,13005,2012,2013,-0.3432379456089976,-0.4307928393099035,-0.08755489370090586,0.08755489370090586,898,639
13004,14001,2012,2013,0.08303857392627026,0.07765344360078562,-0.005385130325484641,0.005385130325484641,8208,37730
13004,14002,2012,2013,-0.03301705106729486,0.07582054507654082,0.10883759614383567,0.10883759614383567,2137,8236
13004,14003,2012,2013,0.034084123770575514,-0.013396814687534833,-0.04748093845811035,0.04748093845811035,3203,12945
13004,14004,2012,2013,0.03853114065863212,-0.02852720587785916,-0.06705834653649129,0.06705834653649129,1549,10826
13004,14005,2012,2013,0.0686570944995906,0.03560221901013019,-0.033054875489460414,0.033054875489460414,2730,10006
13004,14006,2012,2013,-0.013697080824376923,-0.06953298931800776,-0.05583590849363084,0.05583590849363084,2746,17745
13004,14007,2012,2013,-0.11682254011374384,-0.04529772897622539,0.07152481113751845,0.07152481113751845,3361,5131
13004,15001,2012,2013,-0.021508446511035107,-0.02159129854053633,-8.285202950122222e-05,8.285202950122222e-05,8634,37146
13004,15002,2012,2013,-0.05152488222522714,-0.024510076278720917,0.02701480594650622,0.02701480594650622,9775,46135
13004,15003,2012,2013,-0.03680752286391768,-0.005944834921484526,0.030862687942433156,0.030862687942433156,3112,9438
13004,15004,2012,2013,-0.0453760730178938,-0.10050364080422629,-0.05512756778633249,0.05512756778633249,4827,12651
13004,15005,2012,2013,-0.014628073732289004,0.043286156295333014,0.05791423002762202,0.05791423002762202,1016,4356
13004,15006,2012,2013,-0.1050411979893296,-0.016912312008318015,0.08812888598101158,0.08812888598101158,4719,15016
13004,15007,2012,2013,-0.08086560547321059,-0.032074892543654636,0.04879071292955595,0.04879071292955595,1859,2223
13004,16001,2012,2013,0.13969620153592882,0.08190154963690321,-0.057794651899025606,0.057794651899025606,1560,10385
13004,16002,2012,2013,-0.039125257118469786,-0.00829390659699692,0.030831350521472865,0.030831350521472865,3055,8061
13004,16003,2012,2013,0.004166214537156619,-0.16017146760179823,-0.16433768213895486,0.16433768213895486,714,4009
13004,16004,2012,2013,0.056658659426166595,0.14699485448462,0.09033619505845339,0.09033619505845339,3402,8699
13005,14001,2012,2013,-0.02470293220642949,0.0036535156326727956,0.028356447839102284,0.028356447839102284,4129,11559
13005,14002,2012,2013,0.028630295100426133,0.01584637993950113,-0.012783915160925002,0.012783915160925002,1907,2422
13005,14003,2012,2013,-0.0030584648014681504,0.0386298374303142,0.041688302231782354,0.041688302231782354,1922,5908
13005,14004,2012,2013,-0.031453214034239625,-0.052353525236196935,-0.02090031120195731,0.02090031120195731,766,3424
13005,14005,2012,2013,-0.030907599098793752,-0.02151048292792938,0.009397116170864372,0.009397116170864372,1250,2874
13005,14006,2012,2013,-0.03257107365420872,-0.012004815708744678,0.020566257945464045,0.020566257945464045,1735,7792
13005,14007,2012,2013,0.0860538583675692,0.0667155383172963,-0.01933832005027289,0.01933832005027289,4738,3223
13005,15001,2012,2013,-0.03519957783884618,-0.026363502147094632,0.00883607569175155,0.00883607569175155,5654,13120
13005,15002,2012,2013,-0.019497474061514527,-0.018292340288884355,0.0012051337726301722,0.0012051337726301722,7288,16884
13005,15003,2012,2013,-0.02526110194543215,0.0010828185218287384,0.02634392046726089,0.02634392046726089,2223,3568
13005,15004,2012,2013,-0.014098696360400812,-0.017257808408210923,-0.0031591120478101104,0.0031591120478101104,3679,6200
13005,15005,2012,2013,-0.008521221582545957,0.00940690907351171,0.017928130656057667,0.017928130656057667,720,1381
13005,15006,2012,2013,-0.005672910140114418,-0.0007651868733821207,0.004907723266732297,0.004907723266732297,4531,5828
13005,15007,2012,2013,0.0757688226970026,0.04749766974777888,-0.028271152949223714,0.028271152949223714,2448,1283
13005,16001,2012,2013,-0.07376725150337861,-0.007651760284109341,0.06611549121926927,0.06611549121926927,376,2686
13005,16002,2012,2013,0.008341091014053406,0.03259713330754202,0.024256042293488614,0.024256042293488614,2524,3590
13005,16003,2012,2013,-0.019556836280394282,-0.05549691967668093,-0.035940083396286654,0.035940083396286654,431,2353
13005,16004,2012,2013,0.034333790075147454,0.054945533264938055,0.0206117431897906,0.0206117431897906,2196,2379
14001,14002,2012,2013,-0.315437509937222,-0.40851567194112015,-0.09307816200389812,0.09307816200389812,337,324
14001,14003,2012,2013,-0.3034208736474576,-0.47242366795815754,-0.16900279431069992,0.16900279431069992,458,619
14001,14004,2012,2013,-0.3010054750217259,-0.4875915489092983,-0.18658607388757237,0.18658607388757237,155,403
14001,14005,2012,2013,-0.2771203150644485,-0.4315049459058859,-0.1543846308414374,0.1543846308414374,372,458
14001,14006,2012,2013,-0.30347818961093476,-0.5232646357695574,-0.21978644615862264,0.21978644615862264,475,862
14001,14007,2012,2013,-0.34454370310218874,-0.3874683574191613,-0.042924654316972566,0.042924654316972566,806,442
14001,15001,2012,2013,-0.005587062471922618,0.0065202503063817065,0.012107312778304324,0.012107312778304324,8150,41543
14001,15002,2012,2013,0.004111163881563096,0.014829719268252156,0.01071855538668906,0.01071855538668906,10212,52569
14001,15003,2012,2013,-0.02210139730925256,-0.0033334220098201017,0.018767975299432457,0.018767975299432457,2970,9940
14001,15004,2012,2013,-0.02515776270936924,-0.026945223375141384,-0.0017874606657721434,0.0017874606657721434,4662,17341
14001,15005,2012,2013,-0.02905801234238531,-0.02257065616737184,0.006487356175013469,0.006487356175013469,852,3317
14001,15006,2012,2013,-0.03745276536835062,0.034520445217544514,0.07197321058589513,0.07197321058589513,5369,18542
14001,15007,2012,2013,-0.05118849333787998,-0.025102632818040066,0.026085860519839917,0.026085860519839917,1910,2410
14001,16001,2012,2013,-0.015476925842072983,-0.06816668443199964,-0.05268975858992665,0.05268975858992665,700,5883
14001,16002,2012,2013,-0.007138302415661434,0.008511532169189751,0.015649834584851186,0.015649834584851186,3116,8987
14001,16003,2012,2013,-0.0668183620357139,-0.126995214796243,-0.060176852760529115,0.060176852760529115,431,5037
14001,16004,2012,2013,-0.004718421566192142,0.05251671782820349,0.05723513939439563,0.05723513939439563,2454,6329
14002,14003,2012,2013,-0.23798642314054486,-0.35376983081251046,-0.1157834076719656,0.1157834076719656,206,167
14002,14004,2012,2013,-0.2648517010137511,-0.3931183563901073,-0.12826665537635618,0.12826665537635618,57,82
14002,14005,2012,2013,-0.24543793023167268,-0.30855017405089563,-0.06311224381922295,0.06311224381922295,130,148
14002,14006,2012,2013,-0.25133691972425043,-0.40138551654143195,-0.15004859681718152,0.15004859681718152,190,203
14002,14007,2012,2013,-0.21150253435617034,-0.2795815660348292,-0.06807903167865886,0.06807903167865886,550,130
14002,15001,2012,2013,0.010633807432225723,0.002353237142730829,-0.008280570289494894,0.008280570289494894,3234,8067
14002,15002,2012,2013,0.005810164593949269,-0.0037373611623684033,-0.009547525756317673,0.009547525756317673,3874,9802
14002,15003,2012,2013,-0.021558056673113096,0.014653812747346227,0.03621186942045932,0.03621186942045932,1094,2129
14002,15004,2012,2013,0.028767835326343878,-0.019154156011680176,-0.04792199133802405,0.04792199133802405,2144,3369
14002,15005,2012,2013,-0.06638974078976537,-0.011760307710107644,0.05462943307965772,0.05462943307965772,244,671
14002,15006,2012,2013,-0.012879553286275804,-0.03477180943204232,-0.021892256145766516,0.021892256145766516,2156,2710
14002,15007,2012,2013,0.017314653135379648,-0.002615824137772941,-0.01993047727315259,0.01993047727315259,970,528
14002,16001,2012,2013,-0.09745850464832952,-0.06967812918188199,0.02778037546644753,0.02778037546644753,147,1010
14002,16002,2012,2013,0.02617568831969954,0.0046820270943674185,-0.02149366122533212,0.02149366122533212,1355,1743
14002,16003,2012,2013,-0.07043014392349718,-0.1037894680232104,-0.03335932409971322,0.03335932409971322,147,916
14002,16004,2012,2013,0.015751280198102614,0.019344526787764795,0.0035932465896621815,0.0035932465896621815,1014,1109
14003,14004,2012,2013,-0.2228422612787688,-0.3990600592367444,-0.17621779795797562,0.17621779795797562,104,288
14003,14005,2012,2013,-0.22212157561142756,-0.3736891020342491,-0.15156752642282154,0.15156752642282154,192,232
14003,14006,2012,2013,-0.2963471080709681,-0.4605929663224556,-0.16424585825148752,0.16424585825148752,153,387
14003,14007,2012,2013,-0.25897655878534726,-0.3134308900185798,-0.05445433123323257,0.05445433123323257,469,281
14003,15001,2012,2013,-0.03199469594274372,-0.03791759815177765,-0.00592290220903393,0.00592290220903393,3181,15737
14003,15002,2012,2013,-0.03418192459115865,-0.021890014324533184,0.012291910266625468,0.012291910266625468,3878,20806
14003,15003,2012,2013,-0.04563402722340842,-0.02435114375263508,0.021282883470773336,0.021282883470773336,1125,3922
14003,15004,2012,2013,-0.03406525163220539,0.005013857675494387,0.039079109307699776,0.039079109307699776,1900,8461
14003,15005,2012,2013,-0.004117437785969288,0.04860559785045838,0.05272303563642766,0.05272303563642766,417,2110
14003,15006,2012,2013,-0.0065775132145732265,0.025218605150897334,0.03179611836547056,0.03179611836547056,2553,8042
14003,15007,2012,2013,-0.0632348433826934,-0.0012134684267018163,0.06202137495599159,0.06202137495599159,740,1195
14003,16001,2012,2013,0.05162331253742479,0.011931202167560538,-0.03969211036986425,0.03969211036986425,441,3675
14003,16002,2012,2013,-0.014112704242654225,0.022173785320153745,0.03628648956280797,0.03628648956280797,1298,4221
14003,16003,2012,2013,0.015226057781661854,-0.009836260597244097,-0.025062318378905952,0.025062318378905952,300,3736
14003,16004,2012,2013,0.002211134608321925,-0.022007242660610514,-0.024218377268932438,0.024218377268932438,1094,1959
14004,14005,2012,2013,-0.28930475590005583,-0.41099795946206913,-0.1216932035620133,0.1216932035620133,35,117
14004,14006,2012,2013,-0.2833143793937294,-0.47575380823700153,-0.19243942884327214,0.19243942884327214,59,251
14004,14007,2012,2013,-0.29397755784030266,-0.3709369464587276,-0.07695938861842494,0.07695938861842494,119,118
14004,15001,2012,2013,-0.0939609989192299,-0.0742400999354137,0.01972089898381621,0.01972089898381621,1053,12110
14004,15002,2012,2013,-0.07264369593062542,-0.04196054642335997,0.030683149507265445,0.030683149507265445,1459,17209
14004,15003,2012,2013,-0.010263497241348738,-0.018671757037767172,-0.008408259796418434,0.008408259796418434,612,3570
14004,15004,2012,2013,-0.05789011363418078,-0.03737790698222098,0.020512206651959797,0.020512206651959797,753,6264
14004,15005,2012,2013,0.046073615786399916,0.0654173979498066,0.01934378216340668,0.01934378216340668,263,2054
14004,15006,2012,2013,-0.058643924903441225,-0.009530553214325369,0.04911337168911586,0.04911337168911586,905,6182
14004,15007,2012,2013,-0.08963886159258337,0.018799161231750024,0.1084380228243334,0.1084380228243334,273,1195
14004,16001,2012,2013,0.273989715737845,0.24177028792324473,-0.03221942781460024,0.03221942781460024,651,8182
14004,16002,2012,2013,-0.13157720268744502,-0.1457966347268114,-0.014219432039366375,0.014219432039366375,286,1455
14004,16003,2012,2013,0.2699981981503433,0.26446423595868457,-0.005533962191658748,0.005533962191658748,554,9687
14004,16004,2012,2013,0.0022487085168355126,-0.05217324418228157,-0.054421952699117086,0.054421952699117086,507,1451
14005,14006,2012,2013,-0.22917340609676434,-0.39824542104720173,-0.1690720149504374,0.1690720149504374,187,387
14005,14007,2012,2013,-0.2916622005923403,-0.2931104174396103,-0.0014482168472699786,0.0014482168472699786,237,186
14005,15001,2012,2013,0.010817957906768405,0.016988997246533834,0.006171039339765429,0.006171039339765429,2770,12232
14005,15002,2012,2013,0.0022237393545722324,0.009848692821799855,0.007624953467227622,0.007624953467227622,3270,14805
14005,15003,2012,2013,-0.010827010924126553,0.010284051890195505,0.021111062814322058,0.021111062814322058,983,2982
14005,15004,2012,2013,-0.0217491555438193,-0.016547076567913852,0.005202078975905449,0.005202078975905449,1476,4942
14005,15005,2012,2013,-0.0003011021083193754,-0.005052959225770724,-0.004751857117451349,0.004751857117451349,316,1011
14005,15006,2012,2013,0.0029808900379326027,0.007639406544824817,0.004658516506892214,0.004658516506892214,1967,4830
14005,15007,2012,2013,-0.0340122012469682,0.0021299387221722526,0.03614213996914045,0.03614213996914045,635,784
14005,16001,2012,2013,-0.07712632729103831,-0.15664229651586317,-0.07951596922482486,0.07951596922482486,144,826
14005,16002,2012,2013,-0.0016391866534951728,0.02135395728699354,0.022993143940488712,0.022993143940488712,1019,2727
14005,16003,2012,2013,-0.11554970700974436,-0.16350518445382362,-0.047955477444079256,0.047955477444079256,87,907
14005,16004,2012,2013,-0.037478858027794236,0.02749616286711601,0.06497502089491025,0.06497502089491025,658,1658
14006,14007,2012,2013,-0.2887668482258259,-0.3831624780354077,-0.09439562980958183,0.09439562980958183,384,271
14006,15001,2012,2013,0.062296035295382184,0.07417159509560185,0.011875559800219669,0.011875559800219669,4535,35525
14006,15002,2012,2013,0.0751547086726663,0.07263788946069909,-0.002516819211967211,0.002516819211967211,5684,43403
14006,15003,2012,2013,0.03310452295819225,0.017408675782002468,-0.015695847176189784,0.015695847176189784,1658,7760
14006,15004,2012,2013,0.050528909588765415,0.05300901681654119,0.0024801072277757727,0.0024801072277757727,2739,16249
14006,15005,2012,2013,-0.002459116388223407,-0.05804233303220433,-0.05558321664398092,0.05558321664398092,432,1936
14006,15006,2012,2013,-0.05398724737060078,-0.05790174345718775,-0.00391449608658697,0.00391449608658697,2153,9502
14006,15007,2012,2013,-0.0007102549782124594,-0.025803563598694252,-0.025093308620481793,0.025093308620481793,1050,1708
14006,16001,2012,2013,-0.04411719857255661,-0.09353643326902489,-0.04941923469646828,0.04941923469646828,256,3610
14006,16002,2012,2013,-0.052335124442222825,-0.04542124734027655,0.006913877101946277,0.006913877101946277,1107,5079
14006,16003,2012,2013,-0.11516907336211184,-0.08773074056879065,0.027438332793321182,0.027438332793321182,126,4255
14006,16004,2012,2013,-0.06775396369297407,-0.06370530488653604,0.004048658806438024,0.004048658806438024,785,2604
14007,15001,2012,2013,0.0004262649501892546,-0.008934949205433432,-0.009361214155622686,0.009361214155622686,6559,7997
14007,15002,2012,2013,0.01712351716712261,0.006317092412165469,-0.01080642475495714,0.01080642475495714,8383,10571
14007,15003,2012,2013,-0.028889131202776457,-0.008306536148855343,0.020582595053921113,0.020582595053921113,2273,1951
14007,15004,2012,2013,0.02731511515505535,0.027368559095632083,5.3443940576731325e-05,5.3443940576731325e-05,4403,4367
14007,15005,2012,2013,-0.06391762305878969,0.02465870555359418,0.08857632861238388,0.08857632861238388,550,878
14007,15006,2012,2013,0.014812407488094426,0.014977689635343702,0.00016528214724927624,0.00016528214724927624,5027,3618
14007,15007,2012,2013,0.08173006832508303,0.06895620664032602,-0.012773861684757012,0.012773861684757012,2588,861
14007,16001,2012,2013,-0.18905696332619298,-0.06495997328528384,0.12409699004090914,0.12409699004090914,171,1084
14007,16002,2012,2013,0.04882337036459736,0.09179881269837493,0.04297544233377758,0.04297544233377758,3044,2817
14007,16003,2012,2013,-0.0684121688523688,-0.05962655008805691,0.008785618764311887,0.008785618764311887,332,1277
14007,16004,2012,2013,0.028510055618951244,0.013193190677625059,-0.015316864941326185,0.015316864941326185,2223,1109
15001,15002,2012,2013,0.06528066894236889,0.00601942309260098,-0.05926124584976791,0.05926124584976791,16267,65101
15001,15003,2012,2013,0.05590857256195079,0.001697308361124847,-0.05421126420082594,0.05421126420082594,5421,12805
15001,15004,2012,2013,0.034698210312924485,-0.03108700506710334,-0.06578521538002782,0.06578521538002782,7853,21777
15001,15005,2012,2013,-0.0011520108424935176,-0.05342954678381359,-0.05227753594132008,0.05227753594132008,1378,3616
15001,15006,2012,2013,-0.011600031431729031,-0.05466615317831597,-0.04306612174658694,0.04306612174658694,8231,17525
15001,15007,2012,2013,-0.03226710104013322,-0.05895318435233886,-0.026686083312205636,0.026686083312205636,2947,2558
15001,16001,2012,2013,-0.0905484269568372,-0.083375717181049,0.007172709775788197,0.007172709775788197,660,7065
15001,16002,2012,2013,-0.001423169567756536,-0.01375624567113636,-0.012333076103379824,0.012333076103379824,4473,10425
15001,16003,2012,2013,-0.07054772622413001,-0.045861453295939804,0.024686272928190207,0.024686272928190207,607,9464
15001,16004,2012,2013,-0.02821737801179561,-0.030808173682512558,-0.002590795670716947,0.002590795670716947,3161,5569
15002,15003,2012,2013,0.08038621335933226,0.03238347318690994,-0.048002740172422315,0.048002740172422315,7009,17613
15002,15004,2012,2013,0.1052144881152213,0.043713131278094855,-0.061501356837126445,0.061501356837126445,11260,33452
15002,15005,2012,2013,0.007791316803171533,-0.03625826044928185,-0.044049577252453384,0.044049577252453384,1749,4948
15002,15006,2012,2013,-0.012930609955997487,-0.03952404852403942,-0.026593438568041937,0.026593438568041937,10037,23177
15002,15007,2012,2013,-0.006240933299033166,-0.0850289501434073,-0.07878801684437414,0.07878801684437414,3979,2801
15002,16001,2012,2013,-0.08426749236637203,-0.06634592965418735,0.017921562712184674,0.017921562712184674,851,9640
15002,16002,2012,2013,-0.015510352749851871,-0.022590464101412258,-0.007080111351560387,0.007080111351560387,5219,12600
15002,16003,2012,2013,-0.06376581304482692,-0.047439740583342195,0.01632607246148473,0.01632607246148473,781,11831
15002,16004,2012,2013,-0.04523849089342302,-0.020854828592002092,0.02438366230142093,0.02438366230142093,3645,7284
15003,15004,2012,2013,0.05869359846296692,-0.01564071151721476,-0.07433430998018167,0.07433430998018167,3441,5502
15003,15005,2012,2013,0.09157474942888646,0.022730570651331203,-0.06884417877755526,0.06884417877755526,857,1319
15003,15006,2012,2013,0.03392015258833318,-0.02742472118657755,-0.061344873774910734,0.061344873774910734,3742,4547
15003,15007,2012,2013,0.058555962172270576,0.02125222638883009,-0.037303735783440484,0.037303735783440484,1678,976
15003,16001,2012,2013,-0.058950101469205346,-0.014237614006467848,0.044712487462737496,0.044712487462737496,290,2287
15003,16002,2012,2013,-0.04822303553629793,-0.041908387383527826,0.006314648152770101,0.006314648152770101,1409,2159
15003,16003,2012,2013,-0.020319830826518625,-0.01663918040338164,0.0036806504231369844,0.0036806504231369844,306,2555
15003,16004,2012,2013,-0.038010843486771265,-0.023176231823047705,0.01483461166372356,0.01483461166372356,1144,1373
15004,15005,2012,2013,0.01360073531970493,-0.03355234965787949,-0.04715308497758442,0.04715308497758442,908,1803
15004,15006,2012,2013,-0.019984498126786585,-0.058957639416129304,-0.03897314128934272,0.03897314128934272,4875,7624
15004,15007,2012,2013,0.039307031320160064,-0.02394771177423014,-0.0632547430943902,0.0632547430943902,2389,1402
15004,16001,2012,2013,-0.08496588647061708,-0.09152578476913384,-0.006559898298516761,0.006559898298516761,399,2918
15004,16002,2012,2013,0.006044435966236759,0.05503127966186841,0.04898684369563165,0.04898684369563165,2818,6443
15004,16003,2012,2013,-0.04247087271252204,0.006364094074153304,0.04883496678667534,0.04883496678667534,426,5395
15004,16004,2012,2013,-0.02474398667971589,-0.08827920740867258,-0.06353522072895669,0.06353522072895669,1938,1812
15005,15006,2012,2013,0.04963657311028176,0.04365850108488354,-0.005978072025398219,0.005978072025398219,1275,2394
15005,15007,2012,2013,0.085815305101506,0.09108585384257419,0.005270548741068179,0.005270548741068179,628,580
15005,16001,2012,2013,0.04007672274608076,-0.007289591053683053,-0.04736631379976382,0.04736631379976382,166,868
15005,16002,2012,2013,-0.02839460511604688,-0.02736081684822226,0.0010337882678246209,0.0010337882678246209,456,838
15005,16003,2012,2013,0.03664323494323776,0.00010399800142264316,-0.03653923694181512,0.03653923694181512,136,1027
15005,16004,2012,2013,0.003523887867557338,0.03078932895526926,0.027265441087711922,0.027265441087711922,427,707
15006,15007,2012,2013,0.024044818432816858,0.003952108440548469,-0.02009270999226839,0.02009270999226839,2675,1443
15006,16001,2012,2013,-0.20600729191928582,-0.21044616527826537,-0.00443887335897955,0.00443887335897955,206,1148
15006,16002,2012,2013,-0.09093251843646201,-0.18511874602245737,-0.09418622758599536,0.09418622758599536,2272,1549
15006,16003,2012,2013,-0.1335568940632238,-0.19300520250935352,-0.05944830844612972,0.05944830844612972,286,1520
15006,16004,2012,2013,-0.10248433271049494,-0.1519426653514652,-0.04945833264097026,0.04945833264097026,1638,1021
15007,16001,2012,2013,-0.16517747079111897,-0.05340051628489488,0.11177695450622409,0.11177695450622409,92,466
15007,16002,2012,2013,-0.02444458472251753,-0.0401975130822053,-0.015752928359687772,0.015752928359687772,1147,564
15007,16003,2012,2013,-0.06985237194011477,-0.027231166009029972,0.0426212059310848,0.0426212059310848,159,636
15007,16004,2012,2013,-0.01000018083861749,-0.014634087668432352,-0.004633906829814861,0.004633906829814861,958,387
16001,16002,2012,2013,-0.2441502470756435,-0.323376074407339,-0.0792258273316955,0.0792258273316955,64,162
16001,16003,2012,2013,-0.02752924788541293,-0.25418733776648617,-0.22665808988107322,0.22665808988107322,66,353
16001,16004,2012,2013,-0.18943079439180552,-0.27057479294483705,-0.08114399855303153,0.08114399855303153,79,137
16002,16003,2012,2013,-0.17510447970473783,-0.297988838326521,-0.12288435862178318,0.12288435862178318,97,257
16002,16004,2012,2013,-0.17866310593096435,-0.2645205349214413,-0.08585742899047694,0.08585742899047694,502,166
16003,16004,2012,2013,-0.0920346244644072,-0.300596064639632,-0.20856144017522482,0.20856144017522482,143,115
10001,10002,2013,2014,-0.41574043487512935,-0.466155859925982,-0.05041542505085267,0.05041542505085267,416,476
10001,10003,2013,2014,-0.255201796782209,-0.3530228265220545,-0.09782102973984552,0.09782102973984552,58,72
10001,10004,2013,2014,-0.2373898206622131,-0.22004170842785994,0.017348112234353147,0.017348112234353147,389,693
10001,10005,2013,2014,-0.353240742607238,-0.38529364080852707,-0.03205289820128909,0.03205289820128909,228,331
10001,11001,2013,2014,-0.03275145104708668,0.005577187363741883,0.038328638410828564,0.038328638410828564,15783,25615
10001,11002,2013,2014,-0.04955870407749225,-0.0904213223127911,-0.040862618235298846,0.040862618235298846,10282,17169
10001,11003,2013,2014,-0.22520861425516703,-0.18009942786222513,0.0451091863929419,0.0451091863929419,3749,8015
10001,11004,2013,2014,-0.2472008266599661,-0.27230756895412905,-0.02510674229416296,0.02510674229416296,1821,2839
10001,11005,2013,2014,0.21585626782764109,0.2269746846672779,0.011118416839636824,0.011118416839636824,26198,58071
10001,11006,2013,2014,-0.1342159789730702,-0.15604405953841805,-0.02182808056534785,0.02182808056534785,2413,3993
10001,11007,2013,2014,-0.045826222581814006,-0.05238893133177206,-0.006562708749958054,0.006562708749958054,1127,1526
10001,11008,2013,2014,0.04476811484641035,-0.01359668920804972,-0.05836480405446007,0.05836480405446007,8947,17728
10001,12001,2013,2014,0.09729567125792897,0.004566426123452507,-0.09272924513447646,0.09272924513447646,23023,41985
10001,12002,2013,2014,-0.054219914490152496,-0.088272843000691,-0.03405292851053851,0.03405292851053851,1454,2900
10001,12003,2013,2014,0.03560894568921121,0.07931419151240193,0.04370524582319072,0.04370524582319072,19831,49796
10001,12004,2013,2014,-0.142906630727052,-0.14783211225367449,-0.004925481526622477,0.004925481526622477,9266,10114
10001,13001,2013,2014,-0.017832243789307128,0.034810255621247836,0.05264249941055496,0.05264249941055496,20423,44511
10001,13002,2013,2014,-0.20990251184600592,-0.1456030522582226,0.06429945958778333,0.06429945958778333,5225,14070
10001,13003,2013,2014,-0.3740368567824282,-0.38095543875745785,-0.006918581975029647,0.006918581975029647,1061,1990
10001,13004,2013,2014,0.2802250046465879,0.24340106910358056,-0.036823935543007336,0.036823935543007336,36107,53155
10001,13005,2013,2014,0.003500952132733885,-0.022435481819263633,-0.025936433951997517,0.025936433951997517,6574,15673
10001,14001,2013,2014,0.07088010408974739,0.03492905326964092,-0.03595105082010647,0.03595105082010647,22759,34312
10001,14002,2013,2014,0.10889851286473196,0.10576246368072029,-0.003136049184011669,0.003136049184011669,5790,10815
10001,14003,2013,2014,0.009039237084731944,-0.006264872878904474,-0.015304109963636417,0.015304109963636417,8338,15534
10001,14004,2013,2014,-0.10008971574090057,-0.11698835834334673,-0.016898642602446154,0.016898642602446154,4482,8172
10001,14005,2013,2014,0.06956299150436394,0.1008102712992055,0.031247279794841556,0.031247279794841556,6924,16632
10001,14006,2013,2014,-0.03963800221005621,-0.03228627807854214,0.0073517241315140675,0.0073517241315140675,11381,29779
10001,14007,2013,2014,-0.04592257447276117,-0.1017991825642068,-0.05587660809144562,0.05587660809144562,2953,4319
10001,15001,2013,2014,-0.01877111932304481,-0.023178072398980717,-0.0044069530759359085,0.0044069530759359085,21929,45611
10001,15002,2013,2014,-0.018451000772348243,-0.03287518502759352,-0.014424184255245276,0.014424184255245276,27432,59718
10001,15003,2013,2014,0.00031217919610133243,-0.04031291542325369,-0.04062509461935502,0.04062509461935502,5726,11700
10001,15004,2013,2014,-0.15613768652490262,-0.15479537154066994,0.0013423149842326787,0.0013423149842326787,5358,12037
10001,15005,2013,2014,-0.0028565858856585496,0.04663174894572868,0.049488334831387225,0.049488334831387225,2074,3773
10001,15006,2013,2014,-0.019146461920050022,-0.07965866331838758,-0.06051220139833756,0.06051220139833756,8730,12517
10001,15007,2013,2014,-0.03364273676241776,-0.0890384631649587,-0.05539572640254094,0.05539572640254094,1281,1965
10001,16001,2013,2014,0.008304854383225268,-0.01465758727508234,-0.02296244165830761,0.02296244165830761,4677,9149
10001,16002,2013,2014,-0.0682879646627925,-0.056497078772793106,0.011790885889999388,0.011790885889999388,3536,9335
10001,16003,2013,2014,-0.255743259871192,-0.21372895048632487,0.04201430938486714,0.04201430938486714,1076,1334
10001,16004,2013,2014,0.11091402497706009,0.027515916076339294,-0.08339810890072079,0.08339810890072079,4768,5309
10002,10003,2013,2014,-0.2276843906717961,-0.3048816685472929,-0.07719727787549677,0.07719727787549677,54,70
10002,10004,2013,2014,-0.14313394373529206,-0.1307465346014037,0.01238740913388836,0.01238740913388836,596,831
10002,10005,2013,2014,-0.2993771829505254,-0.32911200945127556,-0.029734826500750156,0.029734826500750156,266,316
10002,11001,2013,2014,-0.023327598915208813,0.006775550994739336,0.030103149909948147,0.030103149909948147,11962,16226
10002,11002,2013,2014,0.02015973132413354,-0.02113222492814051,-0.041291956252274054,0.041291956252274054,9919,13942
10002,11003,2013,2014,0.004022186829829371,0.036704127705381735,0.032681940875552366,0.032681940875552366,8343,13167
10002,11004,2013,2014,0.0029341679444431245,-0.033098524976652235,-0.03603269292109536,0.03603269292109536,5370,6938
10002,11005,2013,2014,-0.04785132309722603,-0.037516453375788815,0.010334869721437212,0.010334869721437212,8587,17888
10002,11006,2013,2014,-0.23322188051200865,-0.24942934521523233,-0.01620746470322368,0.01620746470322368,824,1126
10002,11007,2013,2014,-0.058989225967801054,-0.06583452452588595,-0.006845298558084897,0.006845298558084897,751,850
10002,11008,2013,2014,-0.04072047771402975,-0.016825123260737644,0.023895354453292106,0.023895354453292106,4588,10928
10002,12001,2013,2014,0.02802330639991498,0.00368469218892586,-0.02433861421098912,0.02433861421098912,14004,26386
10002,12002,2013,2014,-0.019752237434260012,-0.01691857454330141,0.0028336628909586027,0.0028336628909586027,1308,2703
10002,12003,2013,2014,0.06615405022645784,0.03249987756189518,-0.033654172664562665,0.033654172664562665,16344,28137
10002,12004,2013,2014,-0.07111638767420694,-0.0761337057299978,-0.005017318055790851,0.005017318055790851,9056,8535
10002,13001,2013,2014,0.061136647434860227,0.043651815550523276,-0.01748483188433695,0.01748483188433695,19381,29229
10002,13002,2013,2014,-0.09865315919373424,-0.028660973376481248,0.069992185817253,0.069992185817253,6502,14044
10002,13003,2013,2014,-0.15737529763871905,-0.17828436154714863,-0.020909063908429587,0.020909063908429587,3543,4857
10002,13004,2013,2014,0.08734389901042229,0.07056974170738069,-0.016774157303041604,0.016774157303041604,17361,22580
10002,13005,2013,2014,-0.00934453159885083,-0.0013296396440398428,0.008014891954810987,0.008014891954810987,4583,10685
10002,14001,2013,2014,0.018546146320529398,-0.011327523790245429,-0.029873670110774825,0.029873670110774825,14478,18605
10002,14002,2013,2014,0.059864213403365035,0.037149291925727,-0.022714921477638032,0.022714921477638032,3552,5234
10002,14003,2013,2014,-0.05420878269241534,-0.03847867962928392,0.01573010306313142,0.01573010306313142,4626,8430
10002,14004,2013,2014,-0.08732536192855142,-0.02589983302668383,0.06142552890186759,0.06142552890186759,3433,7728
10002,14005,2013,2014,0.039708892365075577,0.029117191226445783,-0.010591701138629794,0.010591701138629794,4586,8144
10002,14006,2013,2014,0.04363339510849239,0.01805213721649323,-0.025581257891999158,0.025581257891999158,11453,22122
10002,14007,2013,2014,-0.04307528513232122,-0.0058539137706070865,0.037221371361714134,0.037221371361714134,2185,4445
10002,15001,2013,2014,-0.0039026247532564545,-0.0030932248634454778,0.0008093998898109768,0.0008093998898109768,16939,30293
10002,15002,2013,2014,-0.017466394983263238,-0.0278070492199561,-0.010340654236692861,0.010340654236692861,20217,37553
10002,15003,2013,2014,0.02208651938802904,-0.010078559483238943,-0.03216507887126798,0.03216507887126798,4677,8310
10002,15004,2013,2014,-0.03250447272462822,-0.03508660905479756,-0.002582136330169342,0.002582136330169342,6935,12389
10002,15005,2013,2014,0.02760951189185467,0.026334653252257194,-0.001274858639597476,0.001274858639597476,1814,2164
10002,15006,2013,2014,-0.06818913260948274,-0.07555833924745975,-0.007369206637977008,0.007369206637977008,5117,7718
10002,15007,2013,2014,-0.03641054093907079,-0.03227644999966634,0.00413409093940445,0.00413409093940445,920,1722
10002,16001,2013,2014,-0.04632500189296854,-0.004840449235583862,0.041484552657384675,0.041484552657384675,2616,5995
10002,16002,2013,2014,-0.03987654172097174,-0.03600555143086355,0.003870990290108192,0.003870990290108192,2981,6331
10002,16003,2013,2014,-0.09160893096836954,-0.04245959934207773,0.049149331626291815,0.049149331626291815,2310,2539
10002,16004,2013,2014,-0.008424032283969285,-0.017225221464292204,-0.008801189180322919,0.008801189180322919,2024,2647
10003,10004,2013,2014,0.022830614777499713,-0.03272103450361207,-0.05555164928111178,0.05555164928111178,139,198
10003,10005,2013,2014,-0.24830473641637943,-0.244122934531189,0.004181801885190434,0.004181801885190434,14,50
10003,11001,2013,2014,-0.1054142215158238,-0.06506449459989197,0.04034972691593183,0.04034972691593183,470,1349
10003,11002,2013,2014,-0.018975824310253443,-0.03801349667320743,-0.019037672362953985,0.019037672362953985,604,1541
10003,11003,2013,2014,-0.06142657279447328,-0.05653110872764484,0.004895464066828441,0.004895464066828441,397,1006
10003,11004,2013,2014,-0.2120323997550701,-0.22505956938611915,-0.013027169631049051,0.013027169631049051,59,155
10003,11005,2013,2014,0.12396450320376684,0.11267829145084159,-0.011286211752925254,0.011286211752925254,1572,4668
10003,11006,2013,2014,-0.08333382212141162,-0.11397455420699382,-0.030640732085582198,0.030640732085582198,137,299
10003,11007,2013,2014,-0.021110963531306485,-0.00894778368734841,0.012163179843958075,0.012163179843958075,68,158
10003,11008,2013,2014,0.050044854715546996,0.026228475414141483,-0.023816379301405514,0.023816379301405514,578,1765
10003,12001,2013,2014,0.0034319665672337962,-0.019970115129487487,-0.023402081696721283,0.023402081696721283,968,3001
10003,12002,2013,2014,0.11173889035066922,0.07145842537945345,-0.040280464971215776,0.040280464971215776,254,632
10003,12003,2013,2014,0.08149542110741824,0.06552159404591455,-0.015973827061503687,0.015973827061503687,1556,4537
10003,12004,2013,2014,-0.05632940391184783,-0.058948566379483036,-0.0026191624676352027,0.0026191624676352027,616,1046
10003,13001,2013,2014,-0.1251687443733883,-0.1285481932062889,-0.0033794488329006167,0.0033794488329006167,507,1469
10003,13002,2013,2014,0.035859503625295136,0.08112286113398634,0.045263357508691204,0.045263357508691204,925,3144
10003,13003,2013,2014,-0.3298594940008458,-0.3551053396415162,-0.025245845640670395,0.025245845640670395,21,51
10003,13004,2013,2014,0.13424249049830567,0.15581574471263107,0.021573254214325405,0.021573254214325405,2019,4944
10003,13005,2013,2014,-0.026898153336404326,-0.06938487079317918,-0.04248671745677485,0.04248671745677485,293,865
10003,14001,2013,2014,-0.029527157682920132,-0.009782251528863722,0.01974490615405641,0.01974490615405641,841,2356
10003,14002,2013,2014,0.07128786324348309,0.05199366412733058,-0.01929419911615251,0.01929419911615251,332,798
10003,14003,2013,2014,0.07414795620320504,0.08782856075506566,0.013680604551860626,0.013680604551860626,717,2146
10003,14004,2013,2014,0.029472169461992527,0.03310052812682876,0.003628358664836233,0.003628358664836233,482,1375
10003,14005,2013,2014,-0.011229494695184715,-0.02712806171041502,-0.015898567015230305,0.015898567015230305,262,762
10003,14006,2013,2014,-0.06826019622098813,-0.06869106603458841,-0.00043086981360028476,0.00043086981360028476,453,1764
10003,14007,2013,2014,-0.017571875609721996,-0.07582197212052946,-0.05825009651080747,0.05825009651080747,179,328
10003,15001,2013,2014,-0.07087122639031136,-0.057672152845448466,0.013199073544862897,0.013199073544862897,817,2855
10003,15002,2013,2014,-0.03344545974297375,-0.033113387226452316,0.0003320725165214325,0.0003320725165214325,1310,4425
10003,15003,2013,2014,0.010382988140787355,-0.03564407803913675,-0.04602706617992411,0.04602706617992411,340,879
10003,15004,2013,2014,-0.08444197939072763,-0.06674811063193,0.017693868758797637,0.017693868758797637,321,1197
10003,15005,2013,2014,0.00690949867567131,0.004367966063287983,-0.0025415326123833263,0.0025415326123833263,123,247
10003,15006,2013,2014,-0.07061505008050432,-0.072577162505297,-0.0019621124247926752,0.0019621124247926752,310,857
10003,15007,2013,2014,-0.05750523003600803,-0.06445463656930112,-0.0069494065332930885,0.0069494065332930885,51,156
10003,16001,2013,2014,0.1832316933639053,0.17870273598829547,-0.004528957375609821,0.004528957375609821,798,2221
10003,16002,2013,2014,-0.10372434918133343,-0.1607909620214431,-0.05706661284010968,0.05706661284010968,115,271
10003,16003,2013,2014,-0.0689047728834505,-0.03994887433995048,0.028955898543500017,0.028955898543500017,162,304
10003,16004,2013,2014,-0.0049772456388693575,-0.038785537563450476,-0.03380829192458112,0.03380829192458112,152,276
10004,10005,2013,2014,-0.09039454425660375,-0.08997860403752896,0.0004159402190747896,0.0004159402190747896,353,459
10004,11001,2013,2014,-0.12388637103366736,-0.07784478771508092,0.04604158331858643,0.04604158331858643,1774,2219
10004,11002,2013,2014,-0.10105657374751599,-0.057055448081890905,0.044001125665625085,0.044001125665625085,1384,2411
10004,11003,2013,2014,0.08035523360804488,0.12180531978597084,0.04145008617792596,0.04145008617792596,3317,4637
10004,11004,2013,2014,0.0009363582598913981,0.019670008161018455,0.018733649901127056,0.018733649901127056,1447,2003
10004,11005,2013,2014,-0.17009102295944303,-0.17277377049945405,-0.0026827475400110212,0.0026827475400110212,991,1567
10004,11006,2013,2014,-0.2061395426640196,-0.24657453512685726,-0.04043499246283766,0.04043499246283766,198,155
10004,11007,2013,2014,-0.06681509163693208,-0.02969214504442253,0.03712294659250955,0.03712294659250955,176,230
10004,11008,2013,2014,-0.09010694263868703,-0.06479208364780319,0.025314858990883843,0.025314858990883843,852,1748
10004,12001,2013,2014,-0.009458044912422397,-0.008418939971840848,0.0010391049405815492,0.0010391049405815492,3289,5512
10004,12002,2013,2014,0.08601509999133145,0.059160074619135285,-0.02685502537219616,0.02685502537219616,698,969
10004,12003,2013,2014,0.004326959652396825,-0.01508925981210988,-0.019416219464506706,0.019416219464506706,3631,5176
10004,12004,2013,2014,0.09052354203731663,0.09273620658147826,0.0022126645441616216,0.0022126645441616216,4915,4253
10004,13001,2013,2014,-0.20317027211477207,-0.16407910030587763,0.03909117180889443,0.03909117180889443,1314,2151
10004,13002,2013,2014,0.25612136241207073,0.22832014266401696,-0.027801219748053774,0.027801219748053774,7700,9370
10004,13003,2013,2014,-0.12157650648088468,-0.0882216889682875,0.03335481751259718,0.03335481751259718,980,1517
10004,13004,2013,2014,-0.04530901862212906,-0.0545049800954561,-0.00919596147332704,0.00919596147332704,2805,2879
10004,13005,2013,2014,-0.06607049204447228,-0.030837228395291877,0.035233263649180405,0.035233263649180405,857,1973
10004,14001,2013,2014,-0.107142856562502,-0.07211296316774526,0.035029893394756734,0.035029893394756734,2062,2866
10004,14002,2013,2014,-0.08006951340219413,-0.07722280329279613,0.002846710109398007,0.002846710109398007,410,551
10004,14003,2013,2014,0.04322067856824267,0.059997299219843515,0.01677662065160085,0.01677662065160085,2040,3063
10004,14004,2013,2014,0.2379719536610411,0.1897315663633133,-0.04824038729772781,0.04824038729772781,4354,4943
10004,14005,2013,2014,-0.15567225727597878,-0.14994906331826857,0.005723193957710204,0.005723193957710204,336,533
10004,14006,2013,2014,-0.1534325810004656,-0.10542941875297422,0.04800316224749139,0.04800316224749139,1036,2517
10004,14007,2013,2014,-0.039921570445417776,-0.010035073662420851,0.029886496782996923,0.029886496782996923,572,944
10004,15001,2013,2014,-0.12637615648492193,-0.10621264509284788,0.02016351139207405,0.02016351139207405,2393,3863
10004,15002,2013,2014,-0.0720416119140069,-0.05746878458025932,0.014572827333747582,0.014572827333747582,4125,6873
10004,15003,2013,2014,-0.020449153878546428,-0.051746451205881255,-0.03129729732733483,0.03129729732733483,1012,1385
10004,15004,2013,2014,-0.044499255166840924,-0.02584370736176647,0.018655547805074453,0.018655547805074453,1681,2726
10004,15005,2013,2014,0.06942625962136523,0.05017525704040106,-0.01925100258096417,0.01925100258096417,666,585
10004,15006,2013,2014,-0.03302286885208636,0.0022901613044459257,0.03531303015653228,0.03531303015653228,1566,2430
10004,15007,2013,2014,-0.021959139678120174,-0.009749232594501132,0.012209907083619041,0.012209907083619041,266,429
10004,16001,2013,2014,0.13751186264373297,0.10282603536829032,-0.03468582727544264,0.03468582727544264,1922,2431
10004,16002,2013,2014,-0.13592621631192917,-0.11814504133540259,0.01778117497652658,0.01778117497652658,376,732
10004,16003,2013,2014,0.1602315754008626,0.15560561426573033,-0.004625961135132278,0.004625961135132278,2377,1810
10004,16004,2013,2014,-0.10832816667085568,-0.07373589552320758,0.034592271147648096,0.034592271147648096,255,367
10005,11001,2013,2014,-0.06936116560697998,-0.03592392211330368,0.0334372434936763,0.0334372434936763,4100,5877
10005,11002,2013,2014,-0.07011734966555945,-0.07048251300431241,-0.0003651633387529579,0.0003651633387529579,2802,4694
10005,11003,2013,2014,0.03242759400918965,0.03507827932526628,0.00265068531607663,0.00265068531607663,4180,5945
10005,11004,2013,2014,-0.055676371205006264,-0.07976066048136975,-0.024084289276363482,0.024084289276363482,1694,2256
10005,11005,2013,2014,0.008783001356954733,-0.006047919853226627,-0.01483092121018136,0.01483092121018136,4730,8847
10005,11006,2013,2014,-0.20785536404741123,-0.22599649577735806,-0.01814113172994683,0.01814113172994683,355,477
10005,11007,2013,2014,-0.0668400132033616,-0.03487998807290734,0.031960025130454255,0.031960025130454255,293,453
10005,11008,2013,2014,0.08045815240903113,0.06600647256961265,-0.014451679839418488,0.014451679839418488,3581,7042
10005,12001,2013,2014,0.05582876520554943,0.033473564285599604,-0.022355200919949823,0.022355200919949823,7012,13177
10005,12002,2013,2014,0.028805098470981325,0.027884247887650006,-0.0009208505833313181,0.0009208505833313181,772,1559
10005,12003,2013,2014,0.007049303336861431,-0.006759088435152354,-0.013808391772013786,0.013808391772013786,5901,10873
10005,12004,2013,2014,-0.00669013273557498,-0.01986688086864722,-0.01317674813307224,0.01317674813307224,5082,4790
10005,13001,2013,2014,-0.0920579424571994,-0.0762098420549282,0.015848100402271192,0.015848100402271192,4553,7954
10005,13002,2013,2014,0.09079082832638397,0.0954232711758369,0.004632442849452939,0.004632442849452939,6394,10427
10005,13003,2013,2014,-0.20618530567848825,-0.18787297787215568,0.018312327806332573,0.018312327806332573,925,1675
10005,13004,2013,2014,0.10027813816368614,0.07923414770298778,-0.021043990460698353,0.021043990460698353,8504,10896
10005,13005,2013,2014,0.00315071398416764,0.012193694627349387,0.009042980643181747,0.009042980643181747,2127,5046
10005,14001,2013,2014,-0.02283228493528724,-0.03449707910338984,-0.011664794168102597,0.011664794168102597,5357,7313
10005,14002,2013,2014,-1.895300077066935e-05,-0.02895768409160724,-0.02893873109083657,0.02893873109083657,1159,1613
10005,14003,2013,2014,-0.017320494101122134,-0.014241276982070351,0.0030792171190517827,0.0030792171190517827,2369,4109
10005,14004,2013,2014,0.12703624635306823,0.1117966882688485,-0.015239558084219729,0.015239558084219729,4192,6513
10005,14005,2013,2014,-0.057346203367763054,-0.0642409198746748,-0.006894716506911744,0.006894716506911744,1184,2173
10005,14006,2013,2014,-0.004095430457031753,-0.004403494053625127,-0.0003080635965933736,0.0003080635965933736,4176,9003
10005,14007,2013,2014,-0.028661030881950173,-0.012738200120711017,0.015922830761239154,0.015922830761239154,1009,1876
10005,15001,2013,2014,-0.042092374185911455,-0.04403766875975999,-0.0019452945738485383,0.0019452945738485383,6254,11251
10005,15002,2013,2014,-0.009333042758763867,-0.025151562974825223,-0.015818520216061355,0.015818520216061355,8995,16383
10005,15003,2013,2014,0.04033786479790677,-0.01952297456596979,-0.05986083936387656,0.05986083936387656,2288,3461
10005,15004,2013,2014,-0.06613945212918343,-0.06507018720028929,0.0010692649288941425,0.0010692649288941425,2456,4539
10005,15005,2013,2014,0.06411281345155442,0.04960675172849452,-0.014506061723059904,0.014506061723059904,1008,1131
10005,15006,2013,2014,-0.042416033654108176,-0.03244166624633663,0.009974367407771544,0.009974367407771544,2434,4065
10005,15007,2013,2014,-0.012688884451101388,0.017549133555074613,0.030238018006176003,0.030238018006176003,462,1038
10005,16001,2013,2014,0.14719417560387363,0.12252054187627988,-0.02467363372759375,0.02467363372759375,3048,4995
10005,16002,2013,2014,-0.08550147784374701,-0.07698828713917878,0.008513190704568227,0.008513190704568227,937,2117
10005,16003,2013,2014,0.05891642080304339,0.077984905955591,0.01906848515254761,0.01906848515254761,2248,2241
10005,16004,2013,2014,0.019180643376105474,-0.0009562998617197049,-0.020136943237825177,0.020136943237825177,1041,1281
11001,11002,2013,2014,-0.37089804538513643,-0.3794047302071773,-0.008506684822040866,0.008506684822040866,3373,3425
11001,11003,2013,2014,-0.3847024265893627,-0.4131905918663111,-0.028488165276948363,0.028488165276948363,2519,1539
11001,11004,2013,2014,-0.3522740607242301,-0.37420339163114935,-0.02192933090691923,0.02192933090691923,1665,1314
11001,11005,2013,2014,-0.4162511077110523,-0.4644112255762747,-0.048160117865222396,0.048160117865222396,2847,2583
11001,11006,2013,2014,0.030064051669498895,0.04287205437643903,0.012808002706940137,0.012808002706940137,9299,11683
11001,11007,2013,2014,-0.27411554741259697,-0.3144027954959181,-0.040287248083321126,0.040287248083321126,349,163
11001,11008,2013,2014,-0.3429702228322742,-0.38214884615803235,-0.039178623325758166,0.039178623325758166,1928,2208
11001,12001,2013,2014,-0.41276087184699956,-0.5038686905539187,-0.09110781870691914,0.09110781870691914,4123,2660
11001,12002,2013,2014,-0.29112848394349955,-0.35764308606050943,-0.06651460211700988,0.06651460211700988,443,325
11001,12003,2013,2014,-0.35109306145775754,-0.4040657217834881,-0.05297266032573056,0.05297266032573056,6779,6485
11001,12004,2013,2014,-0.3553936239540799,-0.33845380664392316,0.016939817310156757,0.016939817310156757,5746,3343
11001,13001,2013,2014,0.12349327802509262,0.07195007929988599,-0.05154319872520663,0.05154319872520663,48293,53012
11001,13002,2013,2014,-0.15952665821113762,-0.13251157781549913,0.02701508039563849,0.02701508039563849,12769,16442
11001,13003,2013,2014,0.09899403445980964,0.08144057855034204,-0.017553455909467608,0.017553455909467608,23484,26852
11001,13004,2013,2014,-0.053724033738434984,0.005584097162758417,0.0593081309011934,0.0593081309011934,25481,31077
11001,13005,2013,2014,-0.06580837525684774,-0.07357484343583988,-0.007766468178992139,0.007766468178992139,8403,13873
11001,14001,2013,2014,0.03580364216270303,0.010759356330512929,-0.0250442858321901,0.0250442858321901,34099,34637
11001,14002,2013,2014,-0.026161636852993213,-0.013637693334270909,0.012523943518722304,0.012523943518722304,5399,7068
11001,14003,2013,2014,-0.047613149451666795,-0.0395868677032284,0.008026281748438398,0.008026281748438398,11386,14825
11001,14004,2013,2014,-0.14055316250068442,-0.09945461557879756,0.04109854692188686,0.04109854692188686,6632,9785
11001,14005,2013,2014,0.04401486039889757,0.03970967282835195,-0.00430518757054562,0.00430518757054562,10325,14430
11001,14006,2013,2014,0.10169348447218601,0.05772617353645148,-0.043967310935734534,0.043967310935734534,29507,42309
11001,14007,2013,2014,0.04768830169878684,0.05527660409242341,0.007588302393636566,0.007588302393636566,7660,10032
11001,15001,2013,2014,0.09255430579640471,0.06376709809216895,-0.028787207704235762,0.028787207704235762,48407,61885
11001,15002,2013,2014,0.04228501456400569,0.0264122176905147,-0.015872796873490993,0.015872796873490993,53532,74856
11001,15003,2013,2014,0.016153237834798717,-0.0058171170020443,-0.021970354836843016,0.021970354836843016,10278,14687
11001,15004,2013,2014,0.017833706269671578,-0.02207295534883245,-0.03990666161850403,0.03990666161850403,19252,22886
11001,15005,2013,2014,-0.0016005953127471238,0.042850317561404755,0.04445091287415188,0.04445091287415188,3532,4010
11001,15006,2013,2014,0.08131874080385679,0.07426351994460682,-0.007055220859249964,0.007055220859249964,20526,24226
11001,15007,2013,2014,0.03938987713530634,0.021040065330624618,-0.01834981180468172,0.01834981180468172,3212,4036
11001,16001,2013,2014,-0.1545396365912317,-0.12509637636138815,0.02944326022984356,0.02944326022984356,3585,5790
11001,16002,2013,2014,0.03194023281171096,-0.029843884412028152,-0.06178411722373911,0.06178411722373911,9447,11468
11001,16003,2013,2014,-0.11573945552011546,-0.10647003302764539,0.009269422492470064,0.009269422492470064,5094,3122
11001,16004,2013,2014,-0.03089106596153317,-0.029729761721199857,0.0011613042403333142,0.0011613042403333142,4190,4327
11002,11003,2013,2014,-0.2889425433209268,-0.2745592073876523,0.014383335933274455,0.014383335933274455,3109,4714
11002,11004,2013,2014,-0.21028243264872187,-0.20323546277674082,0.007046969871981057,0.007046969871981057,2943,4837
11002,11005,2013,2014,-0.2925750302600916,-0.2957991521640345,-0.0032241219039429447,0.0032241219039429447,4231,9398
11002,11006,2013,2014,0.02599644779530475,0.02107008624760948,-0.004926361547695272,0.004926361547695272,6507,10262
11002,11007,2013,2014,-0.2276126349033328,-0.2712712825082827,-0.04365864760494989,0.04365864760494989,342,253
11002,11008,2013,2014,-0.23003786570655077,-0.2735799398335992,-0.043542074127048414,0.043542074127048414,2736,4958
11002,12001,2013,2014,0.07551265454589279,0.056094950931351785,-0.019417703614541003,0.019417703614541003,25474,50183
11002,12002,2013,2014,0.060196760422789874,0.043678817689210926,-0.01651794273357895,0.01651794273357895,3195,6069
11002,12003,2013,2014,0.12096915911305202,0.08474335134640365,-0.03622580776664837,0.03622580776664837,29467,52423
11002,12004,2013,2014,0.06329594940137434,0.049367351136399416,-0.013928598264974924,0.013928598264974924,23344,23510
11002,13001,2013,2014,0.0511329737601722,0.04519378563827457,-0.005939188121897629,0.005939188121897629,29601,47605
11002,13002,2013,2014,-0.07979272067727365,-0.03907998395790523,0.04071273671936842,0.04071273671936842,11918,22754
11002,13003,2013,2014,0.029023162883725133,0.03755995846417625,0.008536795580451118,0.008536795580451118,13634,22419
11002,13004,2013,2014,-0.02886205216407986,-0.08037843203333563,-0.051516379869255766,0.051516379869255766,19136,22096
11002,13005,2013,2014,0.04086987631084374,0.0356620527681582,-0.005207823542685536,0.005207823542685536,9058,20231
11002,14001,2013,2014,0.019431749850808363,0.011558729946675486,-0.007873019904132876,0.007873019904132876,23186,33300
11002,14002,2013,2014,0.03167020422302065,0.017972902814093698,-0.013697301408926953,0.013697301408926953,4936,7831
11002,14003,2013,2014,0.018170988793526438,0.03276064432104828,0.014589655527521839,0.014589655527521839,10259,18698
11002,14004,2013,2014,-0.08338164191029529,-0.06523591768356612,0.018145724226729165,0.018145724226729165,5900,10952
11002,14005,2013,2014,0.04488889702689967,0.026751198563740003,-0.018137698463159664,0.018137698463159664,7407,13179
11002,14006,2013,2014,-0.05443066235345976,-0.0349612979584801,0.019469364394979656,0.019469364394979656,12913,30803
11002,14007,2013,2014,0.012640713560594138,0.021552405025650763,0.008911691465056625,0.008911691465056625,4701,8355
11002,15001,2013,2014,-0.059795003549428044,-0.024804605670235083,0.03499039787919296,0.03499039787919296,23100,47359
11002,15002,2013,2014,-0.02566635666934466,-0.006295356213634642,0.019371000455710018,0.019371000455710018,32126,66557
11002,15003,2013,2014,-0.02843706869229845,-0.01887679367850626,0.00956027501379219,0.00956027501379219,6015,13355
11002,15004,2013,2014,0.005641504541035157,0.017902596299887236,0.01226109175885208,0.01226109175885208,13073,25154
11002,15005,2013,2014,0.008243749920133773,-0.01143707236873166,-0.019680822288865432,0.019680822288865432,2617,2887
11002,15006,2013,2014,-0.013220463499571651,-0.017292670190158007,-0.0040722066905863556,0.0040722066905863556,10669,16896
11002,15007,2013,2014,-0.026072239224064393,-0.027632296870290354,-0.0015600576462259617,0.0015600576462259617,1604,2979
11002,16001,2013,2014,-0.06782777397314262,-0.05769148760881483,0.010136286364327785,0.010136286364327785,3872,7825
11002,16002,2013,2014,0.058321007799409665,0.03037788651611638,-0.027943121283293286,0.027943121283293286,7477,14032
11002,16003,2013,2014,-0.10054992846923241,-0.06805133591779618,0.03249859255143624,0.03249859255143624,3724,3736
11002,16004,2013,2014,-0.009853372577292439,-0.026602915975575465,-0.016749543398283027,0.016749543398283027,3251,4212
11003,11004,2013,2014,-0.20734550933209997,-0.269920490656786,-0.06257498132468606,0.06257498132468606,2605,2061
11003,11005,2013,2014,-0.43991798568625456,-0.487575721285812,-0.04765773559955744,0.04765773559955744,1006,1050
11003,11006,2013,2014,-0.04083564778788926,-0.009240752421472535,0.03159489536641672,0.03159489536641672,4301,6733
11003,11007,2013,2014,-0.23525492549692195,-0.2735165838828233,-0.03826165838590134,0.03826165838590134,275,166
11003,11008,2013,2014,-0.2480171693564616,-0.32101470494152845,-0.07299753558506686,0.07299753558506686,2086,2288
11003,12001,2013,2014,0.0064429678537395564,0.03850489528928514,0.03206192743554558,0.03206192743554558,18676,36334
11003,12002,2013,2014,0.05465865761404711,0.03988296081698314,-0.014775696797063968,0.014775696797063968,2800,4520
11003,12003,2013,2014,0.06320334723553979,0.04456755948499734,-0.01863578775054245,0.01863578775054245,22834,35948
11003,12004,2013,2014,0.18780651625393632,0.13200374661739986,-0.055802769636536464,0.055802769636536464,29089,23421
11003,13001,2013,2014,-0.11754960896944225,-0.09436139101664011,0.02318821795280214,0.02318821795280214,15398,22734
11003,13002,2013,2014,0.2525320290972204,0.18437715934326415,-0.06815486975395624,0.06815486975395624,28847,34324
11003,13003,2013,2014,0.026547348808481412,0.0352168304096414,0.00866948160115999,0.00866948160115999,12126,16837
11003,13004,2013,2014,-0.12595669713374336,-0.10802255390515615,0.017934143228587204,0.017934143228587204,11812,14351
11003,13005,2013,2014,-0.015195553796474625,-0.004872764774653599,0.010322789021821027,0.010322789021821027,6462,13085
11003,14001,2013,2014,-0.08544136728310515,-0.04584018999506863,0.039601177288036526,0.039601177288036526,14546,20444
11003,14002,2013,2014,-0.0662071897570785,-0.0657915676622826,0.00041562209479589773,0.00041562209479589773,2719,3830
11003,14003,2013,2014,0.043752180677866154,0.025767653541304354,-0.0179845271365618,0.0179845271365618,10123,13769
11003,14004,2013,2014,0.1505179104906907,0.12487422053509922,-0.025643689955591464,0.025643689955591464,13020,17238
11003,14005,2013,2014,-0.11153748804458234,-0.1094062584019695,0.0021312296426128363,0.0021312296426128363,3150,5161
11003,14006,2013,2014,-0.056205914444897746,-0.01857544305392874,0.037630471390969006,0.037630471390969006,11396,24210
11003,14007,2013,2014,-0.03198904254705892,-0.01846206561778425,0.01352697692927467,0.01352697692927467,3389,5191
11003,15001,2013,2014,-0.051242425067548496,-0.030010787455182538,0.021231637612365958,0.021231637612365958,21101,34671
11003,15002,2013,2014,-0.047509021005008305,-0.03397470221190253,0.013534318793105772,0.013534318793105772,26874,46110
11003,15003,2013,2014,-0.012818570578992139,-0.020467226593193822,-0.0076486560142016834,0.0076486560142016834,5755,9886
11003,15004,2013,2014,0.03935589338482369,0.05489985492450665,0.01554396153968296,0.01554396153968296,13186,21540
11003,15005,2013,2014,0.004083262327241444,-0.019332494222576522,-0.023415756549817965,0.023415756549817965,2292,2058
11003,15006,2013,2014,-0.041749988442744586,-0.001804935441323111,0.039945053001421475,0.039945053001421475,8486,13420
11003,15007,2013,2014,-0.008266151153278107,0.0006380884719628194,0.008904239625240926,0.008904239625240926,1587,2609
11003,16001,2013,2014,0.05888665515093273,0.04555469277624697,-0.013331962374685757,0.013331962374685757,6183,9296
11003,16002,2013,2014,-0.03723136094878295,0.002621004509726514,0.03985236545850947,0.03985236545850947,4418,9435
11003,16003,2013,2014,0.21841550418290614,0.17974058062744083,-0.03867492355546531,0.03867492355546531,12035,8862
11003,16004,2013,2014,-0.10809417069809844,-0.04943246839617418,0.058661702301924266,0.058661702301924266,1660,2748
11004,11005,2013,2014,-0.29085404019734984,-0.3498574567700171,-0.05900341657266728,0.05900341657266728,1973,2493
11004,11006,2013,2014,0.020450078683891433,0.06831724882599977,0.04786717014210833,0.04786717014210833,3712,6888
11004,11007,2013,2014,-0.1474714224542939,-0.13386767798855065,0.01360374446574325,0.01360374446574325,354,434
11004,11008,2013,2014,-0.19944315885984662,-0.2516816788272182,-0.05223851996737158,0.05223851996737158,1677,2481
11004,12001,2013,2014,-0.023944445979501915,-0.03253120104103805,-0.008586755061536135,0.008586755061536135,10792,20529
11004,12002,2013,2014,0.060352402900683014,0.055166846489395606,-0.005185556411287408,0.005185556411287408,1905,3528
11004,12003,2013,2014,0.08144588990510758,0.05506356728987419,-0.02638232261523339,0.02638232261523339,16032,26858
11004,12004,2013,2014,0.16578514078641626,0.17515215491625855,0.009367014129842283,0.009367014129842283,18966,19912
11004,13001,2013,2014,-0.03666620461067854,-0.0319949068776114,0.0046712977330671465,0.0046712977330671465,13020,20026
11004,13002,2013,2014,0.041354053728457706,-0.041166862993854095,-0.0825209167223118,0.0825209167223118,10777,11738
11004,13003,2013,2014,0.19487625963613586,0.26587248249989975,0.07099622286376389,0.07099622286376389,14061,25600
11004,13004,2013,2014,-0.15847767928940568,-0.1967518974331516,-0.03827421814374593,0.03827421814374593,6093,6095
11004,13005,2013,2014,-0.01924642418799025,-0.024158096683347865,-0.004911672495357615,0.004911672495357615,4064,8537
11004,14001,2013,2014,-0.05527909508766246,-0.016245463302771823,0.03903363178489064,0.03903363178489064,10226,16127
11004,14002,2013,2014,-0.050269714824038796,-0.05979831912870718,-0.009528604304668384,0.009528604304668384,1870,2761
11004,14003,2013,2014,-0.016241646655846313,-0.008702287585502998,0.007539359070343315,0.007539359070343315,5137,8518
11004,14004,2013,2014,-0.02978469451299351,-0.07573995077961966,-0.04595525626662615,0.04595525626662615,4265,5296
11004,14005,2013,2014,-0.059739427401424454,-0.05312026896105659,0.006619158440367867,0.006619158440367867,2605,4842
11004,14006,2013,2014,0.037772957970188155,0.05053569364500423,0.012762735674816075,0.012762735674816075,10463,21934
11004,14007,2013,2014,0.014553501790115164,0.040737591833321464,0.0261840900432063,0.0261840900432063,2760,4965
11004,15001,2013,2014,0.02442688288689304,0.025782864134323596,0.0013559812474305578,0.0013559812474305578,17304,29401
11004,15002,2013,2014,0.006847754905763071,0.026953118308112173,0.020105363402349103,0.020105363402349103,20302,39043
11004,15003,2013,2014,-0.01109015353197063,-0.010350403386387883,0.0007397501455827463,0.0007397501455827463,3726,7333
11004,15004,2013,2014,0.12766854950456322,0.13427980218910082,0.006611252684537605,0.006611252684537605,11828,20440
11004,15005,2013,2014,-0.054354061525484415,-0.09669732096239739,-0.04234325943691297,0.04234325943691297,1039,855
11004,15006,2013,2014,-0.057129762185337926,-0.02654427905306798,0.030585483132269945,0.030585483132269945,4998,8557
11004,15007,2013,2014,-0.005099793794495146,0.006696823519344309,0.011796617313839455,0.011796617313839455,1041,1927
11004,16001,2013,2014,-0.08423221536077244,-0.16851363575634992,-0.08428142039557748,0.08428142039557748,1951,2010
11004,16002,2013,2014,0.023392156283735553,0.06642939949964025,0.04303724321590469,0.04303724321590469,3797,8905
11004,16003,2013,2014,0.0860030253117113,0.05495630298770432,-0.031046722324006987,0.031046722324006987,5150,3813
11004,16004,2013,2014,-0.1462281612982188,-0.10342264894986837,0.042805512348350436,0.042805512348350436,773,1345
11005,11006,2013,2014,-0.27239902901955576,-0.2930728486639486,-0.020673819644392855,0.020673819644392855,1339,2373
11005,11007,2013,2014,-0.30702852250850177,-0.35460424539048213,-0.047575722881980365,0.047575722881980365,179,145
11005,11008,2013,2014,-0.30150784874700887,-0.4294619181938607,-0.12795406944685184,0.12795406944685184,1933,2162
11005,12001,2013,2014,0.1805794930414839,0.124831536051268,-0.05574795699021591,0.05574795699021591,36671,77497
11005,12002,2013,2014,0.05008705113813112,0.044367168856181846,-0.005719882281949272,0.005719882281949272,3429,8151
11005,12003,2013,2014,0.08640582991843325,0.11041592124423542,0.024010091325802174,0.024010091325802174,30268,73309
11005,12004,2013,2014,-0.01082679875455004,-0.05855143741020765,-0.04772463865565761,0.04772463865565761,21155,21916
11005,13001,2013,2014,-0.030754276064576938,-0.0018845161154944176,0.02886975994908252,0.02886975994908252,26666,56795
11005,13002,2013,2014,-0.06824163338242072,-0.032861226150793475,0.03538040723162724,0.03538040723162724,14257,31885
11005,13003,2013,2014,-0.2914426187444488,-0.3255173708855128,-0.03407475214106398,0.03407475214106398,3289,5400
11005,13004,2013,2014,0.20494945695851588,0.19283433637768296,-0.012115120580832917,0.012115120580832917,39438,63569
11005,13005,2013,2014,0.04276187643134317,0.018145053890289035,-0.024616822541054132,0.024616822541054132,10281,25657
11005,14001,2013,2014,0.0498318186366097,0.030204567849887152,-0.01962725078672255,0.01962725078672255,28479,47335
11005,14002,2013,2014,0.062253451989009966,0.05581408568661552,-0.006439366302394445,0.006439366302394445,6327,12296
11005,14003,2013,2014,0.001354512715743215,-0.0026512117685899405,-0.004005724484333156,0.004005724484333156,10897,22283
11005,14004,2013,2014,-0.014313162427299318,-0.012379279656453237,0.001933882770846081,0.001933882770846081,9094,18669
11005,14005,2013,2014,0.021804710000272426,0.03384327355483041,0.012038563554557985,0.012038563554557985,7620,18191
11005,14006,2013,2014,-0.04606756085852166,-0.026701698564104762,0.019365862294416895,0.019365862294416895,15185,43275
11005,14007,2013,2014,-0.05955141207538657,-0.10567047901291592,-0.046119066937529346,0.046119066937529346,3771,6219
11005,15001,2013,2014,-0.0026143399253132672,-0.010031359041366253,-0.007417019116052985,0.007417019116052985,31096,67115
11005,15002,2013,2014,-0.013711116415160792,-0.019860871258584756,-0.006149754843423965,0.006149754843423965,37654,87866
11005,15003,2013,2014,-0.002301007588740637,0.013076501045947696,0.015377508634688333,0.015377508634688333,7638,20469
11005,15004,2013,2014,-0.12625771491810261,-0.10102623205475346,0.025231482863349156,0.025231482863349156,8789,22609
11005,15005,2013,2014,-0.02040107909835557,-0.002298664296757278,0.018102414801598292,0.018102414801598292,2554,4122
11005,15006,2013,2014,-0.025399723265006276,-0.05326775869757019,-0.02786803543256391,0.02786803543256391,11565,20203
11005,15007,2013,2014,-0.052256438405699664,-0.0629780858660479,-0.01072164746034824,0.01072164746034824,1564,3351
11005,16001,2013,2014,0.08776984396053188,0.09036449406386039,0.0025946501033285163,0.0025946501033285163,8617,19159
11005,16002,2013,2014,-0.050402136480855945,-0.022762064497684007,0.02764007198317194,0.02764007198317194,5311,15460
11005,16003,2013,2014,-0.10699193251927325,-0.10696729813290234,2.4634386370903094e-05,2.4634386370903094e-05,4135,4176
11005,16004,2013,2014,0.1211480765854154,0.07351962201506401,-0.04762845457035139,0.04762845457035139,6491,9049
11006,11007,2013,2014,-0.02908191532286923,-0.04701086440917583,-0.0179289490863066,0.0179289490863066,573,587
11006,11008,2013,2014,-0.15017704861945347,-0.1614837398531772,-0.011306691233723742,0.011306691233723742,1481,2986
11006,12001,2013,2014,-0.022624926220260966,-0.0362310743740385,-0.01360614815377753,0.01360614815377753,7331,13975
11006,12002,2013,2014,0.02098405790245283,-0.01486735230156552,-0.03585141020401835,0.03585141020401835,1059,1680
11006,12003,2013,2014,0.023663432562329362,0.02594936149417581,0.002285928931846447,0.002285928931846447,9118,17261
11006,12004,2013,2014,-0.040173774943414155,-0.033650928900495355,0.006522846042918799,0.006522846042918799,6401,6316
11006,13001,2013,2014,0.0348565750197714,0.04883483040021067,0.013978255380439272,0.013978255380439272,11517,18792
11006,13002,2013,2014,-0.08250800641302239,-0.07296852838270299,0.009539478030319404,0.009539478030319404,4269,6928
11006,13003,2013,2014,-0.00957934847849215,0.010439916237764304,0.020019264716256452,0.020019264716256452,4636,7704
11006,13004,2013,2014,0.0025532704259527434,-0.033941762887076676,-0.03649503331302942,0.03649503331302942,8348,9432
11006,13005,2013,2014,0.04528366122439384,0.022759218712563922,-0.022524442511829917,0.022524442511829917,3776,7382
11006,14001,2013,2014,0.01849388245875254,0.011890215042782943,-0.006603667415969596,0.006603667415969596,9260,12595
11006,14002,2013,2014,0.017123649733078488,0.018397218949485657,0.0012735692164071687,0.0012735692164071687,1850,2983
11006,14003,2013,2014,0.03193440655450979,0.03906290953880034,0.007128502984290547,0.007128502984290547,4375,7410
11006,14004,2013,2014,-0.10121373366688796,-0.10396935433764679,-0.0027556206707588238,0.0027556206707588238,1918,3043
11006,14005,2013,2014,0.026071843037838688,0.03541860677783826,0.00934676373999957,0.00934676373999957,2768,5265
11006,14006,2013,2014,-0.06838669457113207,-0.04148003490650137,0.026906659664630697,0.026906659664630697,4500,10790
11006,14007,2013,2014,0.01109359845856701,0.025240483296946604,0.014146884838379593,0.014146884838379593,1857,3249
11006,15001,2013,2014,-0.022618772121854758,0.011296706238992362,0.03391547836084712,0.03391547836084712,9980,19719
11006,15002,2013,2014,-0.03626313207745907,-0.021413554401429672,0.014849577676029398,0.014849577676029398,11860,23445
11006,15003,2013,2014,-0.030248787081025758,-0.02499908189713103,0.00524970518389473,0.00524970518389473,2282,4743
11006,15004,2013,2014,-0.042428020179689045,-0.02398340678530408,0.018444613394384964,0.018444613394384964,4128,7936
11006,15005,2013,2014,0.01770052536805492,-0.001724269235057724,-0.019424794603112645,0.019424794603112645,1099,1136
11006,15006,2013,2014,0.0005228751403118774,-0.008601172607002723,-0.0091240477473146,0.0091240477473146,4427,6467
11006,15007,2013,2014,-0.025128619701639796,-0.02043417375342597,0.004694445948213825,0.004694445948213825,620,1135
11006,16001,2013,2014,-0.05534472668575721,-0.09322854939644824,-0.03788382271069103,0.03788382271069103,1538,2211
11006,16002,2013,2014,-0.00938860887168042,-0.03462276111176143,-0.025234152240081006,0.025234152240081006,2200,3877
11006,16003,2013,2014,-0.14007308371413435,-0.12803500017652722,0.01203808353760713,0.01203808353760713,1009,840
11006,16004,2013,2014,0.019088893682028048,-0.009930265813356725,-0.02901915949538477,0.02901915949538477,1500,1699
11007,11008,2013,2014,-0.21590610022144635,-0.27473213963668486,-0.05882603941523851,0.05882603941523851,200,171
11007,12001,2013,2014,-0.07701596451335553,-0.09349696891444859,-0.016481004401093055,0.016481004401093055,1578,2195
11007,12002,2013,2014,-0.011837988952424985,-0.03610308605650345,-0.02426509710407846,0.02426509710407846,259,326
11007,12003,2013,2014,0.09696483344478547,0.09483680504569564,-0.0021280283990898347,0.0021280283990898347,4002,5803
11007,12004,2013,2014,0.0793586965253233,0.09186769439098458,0.012508997865661273,0.012508997865661273,3412,2886
11007,13001,2013,2014,0.010821011096941592,-0.012271804687972784,-0.023092815784914376,0.023092815784914376,3244,3447
11007,13002,2013,2014,-0.05251343763591156,-0.018886090331322606,0.03362734730458895,0.03362734730458895,1408,2040
11007,13003,2013,2014,0.09822728659113213,0.0868011015936883,-0.011426184997443828,0.011426184997443828,2463,2790
11007,13004,2013,2014,-0.0374183599298518,-0.027530537621154313,0.009887822308697485,0.009887822308697485,2048,2182
11007,13005,2013,2014,-0.015295378892071488,-0.019964802615214106,-0.004669423723142618,0.004669423723142618,837,1374
11007,14001,2013,2014,0.003629695452339268,0.002034591419032616,-0.001595104033306652,0.001595104033306652,2665,2843
11007,14002,2013,2014,0.00198281844409007,-0.002590071455161609,-0.004572889899251679,0.004572889899251679,518,620
11007,14003,2013,2014,0.03044632229348086,0.03235113017425143,0.0019048078807705725,0.0019048078807705725,1367,1763
11007,14004,2013,2014,-0.04912939397595801,-0.006342052859002516,0.042787341116955493,0.042787341116955493,740,1210
11007,14005,2013,2014,0.024664726616138475,-0.012818758507528727,-0.0374834851236672,0.0374834851236672,859,951
11007,14006,2013,2014,-0.03398676941514066,-0.0210454856096163,0.012941283805524357,0.012941283805524357,1546,2675
11007,14007,2013,2014,0.025053284843389305,0.01635964089650232,-0.008693643946886986,0.008693643946886986,626,743
11007,15001,2013,2014,0.006166274466866989,0.013878303182268195,0.007712028715401206,0.007712028715401206,3408,4755
11007,15002,2013,2014,0.00021741969482710853,0.0010804275349421126,0.0008630078401150041,0.0008630078401150041,4119,5942
11007,15003,2013,2014,-0.00707562886328736,-0.0027650479056067372,0.004310580957680622,0.004310580957680622,778,1238
11007,15004,2013,2014,0.03104895100122664,0.04232886861872524,0.011279917617498605,0.011279917617498605,1820,2629
11007,15005,2013,2014,-0.01019062345167802,-0.022122404217242417,-0.011931780765564396,0.011931780765564396,278,225
11007,15006,2013,2014,0.003775504817484956,0.011535245858089056,0.0077597410406041005,0.0077597410406041005,1371,1692
11007,15007,2013,2014,-0.01052899661402169,0.002767262871435011,0.0132962594854567,0.0132962594854567,205,310
11007,16001,2013,2014,-0.0592937578411063,-0.02065099043469735,0.03864276740640895,0.03864276740640895,423,772
11007,16002,2013,2014,0.04237450732107459,0.03816477769434241,-0.004209729626732182,0.004209729626732182,915,1383
11007,16003,2013,2014,-0.027210411574614447,0.006564293650931118,0.033774705225545563,0.033774705225545563,604,491
11007,16004,2013,2014,-0.020621897469791768,-0.025042760053160487,-0.004420862583368719,0.004420862583368719,352,349
11008,12001,2013,2014,0.11595803344893636,0.10493236715565052,-0.011025666293285843,0.011025666293285843,18000,44785
11008,12002,2013,2014,0.04370684622148478,0.030436764458803094,-0.013270081762681688,0.013270081762681688,1820,4449
11008,12003,2013,2014,0.010938839384240407,0.020805248797937177,0.00986640941369677,0.00986640941369677,13236,34572
11008,12004,2013,2014,-0.005570901005437798,0.004831984395045085,0.010402885400482884,0.010402885400482884,11415,15640
11008,13001,2013,2014,-0.07491876490135059,-0.054478586156451514,0.020440178744899076,0.020440178744899076,11775,27215
11008,13002,2013,2014,0.07342550102009306,0.09860052055044742,0.025175019530354364,0.025175019530354364,12565,27826
11008,13003,2013,2014,-0.10832486613393445,-0.09923373881557468,0.009091127318359774,0.009091127318359774,4490,9935
11008,13004,2013,2014,0.05574251756814467,-0.002592134040922775,-0.058334651609067444,0.058334651609067444,15318,22444
11008,13005,2013,2014,0.05660055984632488,0.0600571201793664,0.0034565603330415223,0.0034565603330415223,5955,17249
11008,14001,2013,2014,-0.017385564834651302,-0.018880767890733664,-0.0014952030560823615,0.0014952030560823615,12391,23296
11008,14002,2013,2014,-0.009453361358824916,-0.0199232223710503,-0.010469861012225383,0.010469861012225383,2454,5058
11008,14003,2013,2014,0.006124343982498315,0.003644146835307888,-0.0024801971471904273,0.0024801971471904273,5932,13020
11008,14004,2013,2014,0.1001772479569271,0.096813097439754,-0.003364150517173106,0.003364150517173106,7729,16122
11008,14005,2013,2014,-0.04315416826456851,-0.04628826525318789,-0.0031340969886193767,0.0031340969886193767,2984,7405
11008,14006,2013,2014,-0.02386648492826659,-0.026038274338583224,-0.002171789410316635,0.002171789410316635,8611,24367
11008,14007,2013,2014,-0.0043341213978382335,0.018255611108274804,0.022589732506113038,0.022589732506113038,2617,6401
11008,15001,2013,2014,-0.0284596866301013,-0.025768375620441982,0.002691311009659317,0.002691311009659317,15132,36297
11008,15002,2013,2014,-6.414769568387216e-05,-0.013125255313839422,-0.01306110761815555,0.01306110761815555,20759,50478
11008,15003,2013,2014,-0.0052619555388391335,0.0008145178560282634,0.006076473394867397,0.006076473394867397,4006,11182
11008,15004,2013,2014,-0.0488446998105862,-0.027685752210064744,0.021158947600521456,0.021158947600521456,6263,16498
11008,15005,2013,2014,0.006036619836362815,0.0033762603155512174,-0.0026603595208115976,0.0026603595208115976,1566,2426
11008,15006,2013,2014,-0.011329801415889913,-0.00538492459510708,0.005944876820782833,0.005944876820782833,6447,13657
11008,15007,2013,2014,0.004663443664594659,0.05630074087750374,0.05163729721290908,0.05163729721290908,1154,3618
11008,16001,2013,2014,0.1429428388874664,0.10752700060826123,-0.035415838279205164,0.035415838279205164,6022,12212
11008,16002,2013,2014,-0.028332071001239186,-0.03488570184994261,-0.006553630848703421,0.006553630848703421,3075,8234
11008,16003,2013,2014,0.02668596988494553,0.0566036185132867,0.02991764862834117,0.02991764862834117,4143,5461
11008,16004,2013,2014,0.04816427130996274,0.025126390649006895,-0.023037880660955842,0.023037880660955842,2643,4254
12001,12002,2013,2014,-0.33405023910901754,-0.4448139173991868,-0.11076367829016925,0.11076367829016925,272,238
12001,12003,2013,2014,-0.4759618050106609,-0.621181796410952,-0.14521999140029107,0.14521999140029107,2353,1618
12001,12004,2013,2014,-0.4637928696805525,-0.5322822115171468,-0.06848934183659433,0.06848934183659433,2250,1044
12001,13001,2013,2014,-0.028684090886402284,-0.02782669172340715,0.000857399162995133,0.000857399162995133,32952,67720
12001,13002,2013,2014,0.01292698203511981,0.03971329159267959,0.02678630955755978,0.02678630955755978,22963,49847
12001,13003,2013,2014,-0.1523663814890284,-0.10908515979436688,0.04328122169466152,0.04328122169466152,9385,23217
12001,13004,2013,2014,0.12918380342532496,0.0806573310392659,-0.04852647238605906,0.04852647238605906,39876,61453
12001,13005,2013,2014,-0.005072015089296954,-0.0008627662188389922,0.004209248870457962,0.004209248870457962,10460,30527
12001,14001,2013,2014,0.02771377381409394,0.01428795477007079,-0.013425819044023148,0.013425819044023148,32566,57298
12001,14002,2013,2014,0.013730397104698262,0.008849943228441662,-0.0048804538762566,0.0048804538762566,6271,12863
12001,14003,2013,2014,-0.03367939485288131,-0.026780068999299536,0.0068993258535817725,0.0068993258535817725,11692,26079
12001,14004,2013,2014,0.021966746139911213,0.044778178986088414,0.0228114328461772,0.0228114328461772,12715,28634
12001,14005,2013,2014,0.03185722190938601,0.03288434944964594,0.0010271275402599297,0.0010271275402599297,9625,22811
12001,14006,2013,2014,-0.03687434620846061,-0.0345919997186138,0.0022823464898468135,0.0022823464898468135,19304,54070
12001,14007,2013,2014,-0.03852891989715112,-0.03159786579466759,0.006931054102483528,0.006931054102483528,5157,11441
12001,15001,2013,2014,-0.01575417892533506,0.005637862112852985,0.021392041038188044,0.021392041038188044,36737,88197
12001,15002,2013,2014,-0.013601553945532592,0.0043887422756014255,0.017990296221134017,0.017990296221134017,46115,117121
12001,15003,2013,2014,-0.017988414225808543,0.0063217802652714055,0.024310194491079948,0.024310194491079948,8765,25298
12001,15004,2013,2014,-0.09909880904048272,-0.06941431623714979,0.029684492803332935,0.029684492803332935,12365,32832
12001,15005,2013,2014,0.018895044109096242,0.02374778321034189,0.004852739101245649,0.004852739101245649,3798,5929
12001,15006,2013,2014,0.03446658934830277,0.048805503629526716,0.014338914281223948,0.014338914281223948,17374,35919
12001,15007,2013,2014,-0.012587462823975104,0.011785247185104153,0.024372710009079257,0.024372710009079257,2407,6307
12001,16001,2013,2014,0.04690142014480421,0.03981788292428071,-0.007083537220523496,0.007083537220523496,8923,20166
12001,16002,2013,2014,-0.07626677204678338,-0.07973964176563958,-0.0034728697188562,0.0034728697188562,5816,15759
12001,16003,2013,2014,-0.016073300016273176,-0.00992607669208005,0.006147223324193126,0.006147223324193126,7839,8804
12001,16004,2013,2014,0.09908690002039505,0.07119761053033255,-0.027889289490062502,0.027889289490062502,7144,11186
12002,12003,2013,2014,-0.3053277930134405,-0.4465790915423922,-0.14125129852895174,0.14125129852895174,387,220
12002,12004,2013,2014,-0.3049813866074026,-0.4009392285987886,-0.09595784199138602,0.09595784199138602,342,117
12002,13001,2013,2014,-0.11094957397112663,-0.08310872645893819,0.027840847512188446,0.027840847512188446,2280,5494
12002,13002,2013,2014,0.04299697228737612,0.05792206878810596,0.014925096500729845,0.014925096500729845,3168,6703
12002,13003,2013,2014,0.05923818704660464,0.05331415750590852,-0.005924029540696124,0.005924029540696124,2674,5028
12002,13004,2013,2014,0.01669424022007203,-0.0018028604035351273,-0.018497100623607158,0.018497100623607158,3642,5688
12002,13005,2013,2014,0.05638317427979247,0.009354658340327065,-0.0470285159394654,0.0470285159394654,1694,3667
12002,14001,2013,2014,-0.005755983686404894,0.0059293452052707925,0.011685328891675686,0.011685328891675686,3403,6478
12002,14002,2013,2014,-0.04059632852386484,-0.020693283061053582,0.01990304546281126,0.01990304546281126,519,1240
12002,14003,2013,2014,0.10175628148950061,0.07043046045006526,-0.03132582103943535,0.03132582103943535,2598,4642
12002,14004,2013,2014,0.023205731050526195,-0.0037032819844776193,-0.026909013035003815,0.026909013035003815,1552,2766
12002,14005,2013,2014,-0.04345949997747299,-0.043440217627657055,1.9282349815935573e-05,1.9282349815935573e-05,744,1787
12002,14006,2013,2014,-0.09628606279495712,-0.04121022581196691,0.05507583698299021,0.05507583698299021,1440,5515
12002,14007,2013,2014,0.024286615076810677,0.026457203366784754,0.002170588289974077,0.002170588289974077,828,1745
12002,15001,2013,2014,-0.03549914050269408,-0.03038437738993633,0.005114763112757749,0.005114763112757749,3728,8684
12002,15002,2013,2014,-0.03798372649337177,-0.021274650408560768,0.016709076084811002,0.016709076084811002,4622,12140
12002,15003,2013,2014,-0.021618545021902583,-0.00870609736573508,0.012912447656167503,0.012912447656167503,953,2689
12002,15004,2013,2014,0.0036052662920854953,0.010294319975701696,0.0066890536836162005,0.0066890536836162005,2091,4888
12002,15005,2013,2014,0.0525770713314339,0.029712353874100466,-0.02286471745733343,0.02286471745733343,571,740
12002,15006,2013,2014,0.036557199931022535,0.018573484446435026,-0.01798371548458751,0.01798371548458751,2184,3896
12002,15007,2013,2014,-0.028429989945146696,-0.00902598284864226,0.019404007096504437,0.019404007096504437,240,638
12002,16001,2013,2014,0.06330271566240057,0.048523693565099967,-0.014779022097300608,0.014779022097300608,1248,2619
12002,16002,2013,2014,0.05255220073779483,0.04924037654910228,-0.0033118241886925526,0.0033118241886925526,1282,3188
12002,16003,2013,2014,-0.07763541053069076,-0.0730616929128741,0.004573717617816664,0.004573717617816664,576,626
12002,16004,2013,2014,0.04103551924261053,0.04172109356029517,0.0006855743176846438,0.0006855743176846438,713,1236
12003,12004,2013,2014,-0.4726021610452993,-0.5394965773261935,-0.06689441628089421,0.06689441628089421,2183,884
12003,13001,2013,2014,0.09520532753355358,0.09293411710576603,-0.002271210427787551,0.002271210427787551,45751,85739
12003,13002,2013,2014,-0.0508187438951943,-0.028947770038378385,0.021870973856815915,0.021870973856815915,19382,40001
12003,13003,2013,2014,-0.03792491865997354,-0.059500246042609825,-0.021575327382636282,0.021575327382636282,15426,26991
12003,13004,2013,2014,-0.09006490445653458,-0.09746134530481794,-0.007396440848283364,0.007396440848283364,22811,36497
12003,13005,2013,2014,0.10502219488953615,0.06866727231953237,-0.03635492257000378,0.03635492257000378,15706,36515
12003,14001,2013,2014,-0.018089187488985723,-0.012271025129912252,0.005818162359073471,0.005818162359073471,29687,51941
12003,14002,2013,2014,0.06437187806119604,0.03752365162840227,-0.02684822643279377,0.02684822643279377,7926,13981
12003,14003,2013,2014,0.04303653029701813,0.04051806980580774,-0.002518460491210392,0.002518460491210392,15797,31452
12003,14004,2013,2014,-0.05826534159373852,-0.07088879856000807,-0.012623456966269549,0.012623456966269549,9668,18537
12003,14005,2013,2014,-0.003535490432089631,-0.010115556448401333,-0.006580066016311702,0.006580066016311702,8651,19049
12003,14006,2013,2014,0.026591269498171574,0.03287428010623819,0.0062830106080666165,0.0062830106080666165,24227,62297
12003,14007,2013,2014,-0.009548208276350747,-0.024434012720556175,-0.014885804444205428,0.014885804444205428,6071,11446
12003,15001,2013,2014,-0.04532769383516604,-0.03280011675872967,0.012527577076436376,0.012527577076436376,35078,78666
12003,15002,2013,2014,-0.020797466416868502,-0.017531586140391957,0.0032658802764765453,0.0032658802764765453,46798,109125
12003,15003,2013,2014,0.0007298533226845055,0.006275587641131815,0.005545734318447309,0.005545734318447309,9739,24567
12003,15004,2013,2014,0.01760769964978099,0.03763488374957702,0.02002718409979603,0.02002718409979603,19332,43955
12003,15005,2013,2014,-0.04079496666578969,-0.05385107395583647,-0.013056107290046783,0.013056107290046783,2908,3873
12003,15006,2013,2014,-0.11794727741609996,-0.12148696036583584,-0.0035396829497358756,0.0035396829497358756,10192,19374
12003,15007,2013,2014,-0.03999769553742437,-0.05478981621308751,-0.014792120675663142,0.014792120675663142,2139,4375
12003,16001,2013,2014,0.01785062023365243,0.02182849662250161,0.00397787638884918,0.00397787638884918,8217,18395
12003,16002,2013,2014,0.026657901844387002,0.05327865943004463,0.02662075758565763,0.02662075758565763,9304,24879
12003,16003,2013,2014,-0.04866642630370715,-0.03544399778847696,0.013222428515230186,0.013222428515230186,7041,7598
12003,16004,2013,2014,-0.054623347244614734,-0.061581328182408114,-0.00695798093779338,0.00695798093779338,3742,6002
12004,13001,2013,2014,-0.1781935787248574,-0.1811621357126596,-0.0029685569878022122,0.0029685569878022122,18975,16782
12004,13002,2013,2014,0.1899584524333904,0.10936965363518532,-0.08058879879820509,0.08058879879820509,34252,29269
12004,13003,2013,2014,0.08181347972859424,0.1360549936147208,0.05424151388612655,0.05424151388612655,20733,24644
12004,13004,2013,2014,-0.006731165615219422,0.015264697655984712,0.021995863271204133,0.021995863271204133,26883,24358
12004,13005,2013,2014,-0.050158334980589046,-0.043032486180531467,0.00712584880005758,0.00712584880005758,8223,11776
12004,14001,2013,2014,-0.05124948604637975,-0.01800861540319018,0.03324087064318957,0.03324087064318957,24564,23870
12004,14002,2013,2014,-0.05673074238117903,-0.06841817109532586,-0.011687428714146825,0.011687428714146825,4277,3993
12004,14003,2013,2014,0.015041822628074875,0.002456681207375094,-0.012585141420699782,0.012585141420699782,13189,13231
12004,14004,2013,2014,0.13997958151214202,0.13149814504336296,-0.008481436468779052,0.008481436468779052,17557,18459
12004,14005,2013,2014,-0.07463355766648802,-0.09406949024909976,-0.01943593258261174,0.01943593258261174,5788,5948
12004,14006,2013,2014,-0.09811548565420859,-0.06428456634413987,0.03383091931006872,0.03383091931006872,14592,21684
12004,14007,2013,2014,-0.008414054553837725,0.007368095969948232,0.015782150523785957,0.015782150523785957,5581,6209
12004,15001,2013,2014,-0.0386124410122949,-0.02744444464018893,0.011167996372105967,0.011167996372105967,32581,36894
12004,15002,2013,2014,-0.012918757790713088,-0.011027667433272022,0.0018910903574410661,0.0018910903574410661,43583,51849
12004,15003,2013,2014,-0.012716675739744245,-0.019155886123386496,-0.006439210383642251,0.006439210383642251,8448,10491
12004,15004,2013,2014,0.051256647887832,0.067376868203826,0.016120220315994006,0.016120220315994006,19680,23580
12004,15005,2013,2014,1.3782786933786825e-05,-0.02335673990815246,-0.023370522695086247,0.023370522695086247,3275,2120
12004,15006,2013,2014,-0.03155470819279603,0.000223541796092634,0.03177824998888867,0.03177824998888867,13085,14260
12004,15007,2013,2014,-0.01016820399422282,0.024399874783975022,0.03456807877819784,0.03456807877819784,2301,3130
12004,16001,2013,2014,0.05534212683327754,0.011035156456386504,-0.04430697037689104,0.04430697037689104,8723,8437
12004,16002,2013,2014,-0.0002855367069773062,0.05281638504581895,0.05310192175279626,0.05310192175279626,7664,12204
12004,16003,2013,2014,0.17116799502587926,0.17123691509104538,6.892006516612259e-05,6.892006516612259e-05,14346,8977
12004,16004,2013,2014,-0.04704636589262152,-0.018823209084475448,0.02822315680814607,0.02822315680814607,3544,3451
13001,13002,2013,2014,-0.49977868877777876,-0.5767743864458926,-0.07699569766811387,0.07699569766811387,1656,939
13001,13003,2013,2014,-0.45310555616335446,-0.5584171096421103,-0.10531155347875587,0.10531155347875587,1664,655
13001,13004,2013,2014,-0.5557172448820419,-0.6070389301297054,-0.05132168524766356,0.05132168524766356,1505,756
13001,13005,2013,2014,-0.41529460301782206,-0.5426290365942872,-0.12733443357646512,0.12733443357646512,1077,671
13001,14001,2013,2014,0.04850656849381648,0.037202711617000304,-0.011303856876816176,0.011303856876816176,42700,59116
13001,14002,2013,2014,0.03076953899979425,0.05526515829450134,0.024495619294707092,0.024495619294707092,8407,14991
13001,14003,2013,2014,-0.07088209387063032,-0.05884897599684523,0.012033117873785096,0.012033117873785096,12903,22647
13001,14004,2013,2014,-0.27253457540318315,-0.24131518181044284,0.031219393592740313,0.031219393592740313,4050,8158
13001,14005,2013,2014,0.08355287640572734,0.1084167284331188,0.024863852027391456,0.024863852027391456,14305,28221
13001,14006,2013,2014,0.12786650467190575,0.07541839608134512,-0.05244810859056062,0.05244810859056062,37650,68888
13001,14007,2013,2014,-0.022670246845814337,-0.06076022807493022,-0.03808998122911589,0.03808998122911589,7011,9782
13001,15001,2013,2014,0.07083896784852925,0.06408392206304052,-0.006755045785488731,0.006755045785488731,55863,96672
13001,15002,2013,2014,0.051622325527775625,0.04274672157450043,-0.008875603953275198,0.008875603953275198,66166,122202
13001,15003,2013,2014,0.02173064408643964,0.024883404749193084,0.0031527606627534434,0.0031527606627534434,12796,26215
13001,15004,2013,2014,-0.018571728514036802,-0.02987922889103706,-0.011307500377000259,0.011307500377000259,21027,36274
13001,15005,2013,2014,-0.04159385017141609,-0.021361033391169616,0.020232816780246476,0.020232816780246476,3559,4625
13001,15006,2013,2014,0.025104337571570764,0.002890488209779713,-0.02221384936179105,0.02221384936179105,21074,30493
13001,15007,2013,2014,-0.0033738005595276887,-0.03398965849366239,-0.0306158579341347,0.0306158579341347,3179,4902
13001,16001,2013,2014,-0.20994102505329187,-0.19686799517116035,0.01307302988213152,0.01307302988213152,3293,6779
13001,16002,2013,2014,-0.0352155468526636,-0.034206694672634,0.0010088521800296,0.0010088521800296,8884,18383
13001,16003,2013,2014,-0.21480771748050506,-0.20374692968675845,0.011060787793746613,0.011060787793746613,3729,2907
13001,16004,2013,2014,-0.03228064408031468,-0.028147092756367887,0.004133551323946796,0.004133551323946796,5131,7105
13002,13003,2013,2014,-0.4009250423231344,-0.5080767007415218,-0.10715165841838736,0.10715165841838736,1228,507
13002,13004,2013,2014,-0.510140940718873,-0.5535316141064914,-0.043390673387618484,0.043390673387618484,971,589
13002,13005,2013,2014,-0.37249684326979243,-0.4799755859983284,-0.10747874272853597,0.10747874272853597,763,620
13002,14001,2013,2014,-0.1510748145631767,-0.10976235730298423,0.041312457260192476,0.041312457260192476,13890,22786
13002,14002,2013,2014,-0.12532847713866854,-0.12766951469712956,-0.0023410375584610177,0.0023410375584610177,2382,3831
13002,14003,2013,2014,0.05227639507314396,0.05728632863346157,0.005009933560317613,0.005009933560317613,12490,21080
13002,14004,2013,2014,0.38661865677146035,0.3518925566706842,-0.03472610010077615,0.03472610010077615,27434,41131
13002,14005,2013,2014,-0.20861648126862634,-0.2194916452758129,-0.010875164007186577,0.010875164007186577,2165,3893
13002,14006,2013,2014,-0.1357477439536519,-0.08274663880076026,0.05300110515289165,0.05300110515289165,10071,27191
13002,14007,2013,2014,-0.071481535952587,-0.07766020223462104,-0.006178666282034048,0.006178666282034048,3367,5376
13002,15001,2013,2014,-0.08933115978695866,-0.10509473178023122,-0.015763571993272565,0.015763571993272565,22800,38610
13002,15002,2013,2014,-0.06419751237146354,-0.06842128468251005,-0.004223772311046509,0.004223772311046509,31238,59021
13002,15003,2013,2014,-0.02320246914432428,-0.03106733234548424,-0.00786486320115996,0.00786486320115996,6661,13192
13002,15004,2013,2014,-0.013045719917209193,-0.014407435893262427,-0.0013617159760532342,0.0013617159760532342,13207,23383
13002,15005,2013,2014,0.024184850925328346,0.026146160722516396,0.0019613097971880496,0.0019613097971880496,3058,3665
13002,15006,2013,2014,-0.027320695152373592,0.024171713389728306,0.051492408542101895,0.051492408542101895,10931,20401
13002,15007,2013,2014,-0.005189694075075338,0.017312744093830577,0.022502438168905917,0.022502438168905917,1952,3939
13002,16001,2013,2014,0.22705748195275752,0.2555152883963195,0.028457806443561967,0.028457806443561967,13039,24987
13002,16002,2013,2014,-0.1579689135727506,-0.11764855258017377,0.04032036099257684,0.04032036099257684,2833,7539
13002,16003,2013,2014,0.37253121485133767,0.29761061715211373,-0.07492059769922393,0.07492059769922393,20818,16998
13002,16004,2013,2014,-0.11611519043593904,-0.05002823409728693,0.06608695633865211,0.06608695633865211,1952,3856
13003,13004,2013,2014,-0.5197103289415321,-0.5755083479642257,-0.055798019022693546,0.055798019022693546,499,210
13003,13005,2013,2014,-0.35217760225559336,-0.4874647580205097,-0.13528715576491634,0.13528715576491634,624,323
13003,14001,2013,2014,-0.017750518656560105,-0.0031116533972205145,0.01463886525933959,0.01463886525933959,17164,24903
13003,14002,2013,2014,-0.06293569302998908,-0.09118523552864975,-0.02824954249866067,0.02824954249866067,2563,3471
13003,14003,2013,2014,0.04690419473395983,0.02827068421946438,-0.018633510514495445,0.018633510514495445,9558,14509
13003,14004,2013,2014,-0.21727513729739373,-0.16714800877533154,0.05012712852206219,0.05012712852206219,2209,4885
13003,14005,2013,2014,0.004669663305506741,-0.049666519137848954,-0.054336182443355696,0.054336182443355696,5226,7379
13003,14006,2013,2014,0.04230100350760267,0.06419485576592701,0.02189385225832434,0.02189385225832434,15102,32884
13003,14007,2013,2014,0.11903365113672383,0.11853370886784464,-0.000499942268879186,0.000499942268879186,6176,9895
13003,15001,2013,2014,0.0337804814833613,0.05008603451702557,0.016305553033664266,0.016305553033664266,25384,45612
13003,15002,2013,2014,0.03495060053070555,0.05583587179512823,0.020885271264422682,0.020885271264422682,31463,60800
13003,15003,2013,2014,-0.027421741868237592,-0.025616336574142043,0.0018054052940955495,0.0018054052940955495,5002,10109
13003,15004,2013,2014,0.16482405600837047,0.1621339055625779,-0.002690150445792572,0.002690150445792572,18198,30964
13003,15005,2013,2014,-0.06869493173864555,-0.10229962203894336,-0.03360469030029781,0.03360469030029781,1400,1256
13003,15006,2013,2014,0.01050679652459921,0.024067135471391034,0.013560338946791824,0.013560338946791824,9720,15496
13003,15007,2013,2014,-0.0002807886731629433,0.00635830176311319,0.0066390904362761335,0.0066390904362761335,1545,2814
13003,16001,2013,2014,-0.2835283778670413,-0.28728992006051574,-0.0037615421934744098,0.0037615421934744098,708,1288
13003,16002,2013,2014,0.17497622353941278,0.15342384607696305,-0.02155237746244973,0.02155237746244973,9639,17307
13003,16003,2013,2014,-0.07945907639223733,-0.05835349383421117,0.021105582558026158,0.021105582558026158,3407,3043
13003,16004,2013,2014,-0.1626060611655944,-0.1131773752732187,0.0494286858923757,0.0494286858923757,1055,1933
13004,13005,2013,2014,-0.4307928393099035,-0.5332231970850393,-0.10243035777513582,0.10243035777513582,639,355
13004,14001,2013,2014,0.07765344360078562,0.053305009919373224,-0.024348433681412394,0.024348433681412394,37730,43526
13004,14002,2013,2014,0.07582054507654082,0.08170606599745141,0.005885520920910589,0.005885520920910589,8236,11786
13004,14003,2013,2014,-0.013396814687534833,-0.012274417318567364,0.0011223973689674684,0.0011223973689674684,12945,18474
13004,14004,2013,2014,-0.02852720587785916,-0.03192731849878999,-0.0034001126209308313,0.0034001126209308313,10826,14824
13004,14005,2013,2014,0.03560221901013019,0.06138455470778848,0.02578233569765829,0.02578233569765829,10006,17356
13004,14006,2013,2014,-0.06953298931800776,-0.062084720492520326,0.007448268825487436,0.007448268825487436,17745,33094
13004,14007,2013,2014,-0.04529772897622539,-0.10933258800078369,-0.0640348590245583,0.0640348590245583,5131,5144
13004,15001,2013,2014,-0.02159129854053633,-0.015079621733562936,0.006511676806973394,0.006511676806973394,37146,56842
13004,15002,2013,2014,-0.024510076278720917,-0.02874367209399207,-0.004233595815271152,0.004233595815271152,46135,73728
13004,15003,2013,2014,-0.005944834921484526,0.010934296758553756,0.01687913168003828,0.01687913168003828,9438,17486
13004,15004,2013,2014,-0.10050364080422629,-0.08909162224366461,0.011412018560561676,0.011412018560561676,12651,20035
13004,15005,2013,2014,0.043286156295333014,0.05989346545683039,0.01660730916149738,0.01660730916149738,4356,4841
13004,15006,2013,2014,-0.016912312008318015,-0.04735796325480255,-0.030445651246484535,0.030445651246484535,15016,17619
13004,15007,2013,2014,-0.032074892543654636,-0.04712737875576479,-0.015052486212110153,0.015052486212110153,2223,3126
13004,16001,2013,2014,0.08190154963690321,0.07137369186634224,-0.010527857770560978,0.010527857770560978,10385,15592
13004,16002,2013,2014,-0.00829390659699692,-0.009860318463704448,-0.0015664118667075271,0.0015664118667075271,8061,13949
13004,16003,2013,2014,-0.16017146760179823,-0.1257764753601917,0.034394992241606526,0.034394992241606526,4009,3142
13004,16004,2013,2014,0.14699485448462,0.09212103713711779,-0.0548738173475022,0.0548738173475022,8699,8488
13005,14001,2013,2014,0.0036535156326727956,-0.004409387258836828,-0.008062902891509623,0.008062902891509623,11559,22430
13005,14002,2013,2014,0.01584637993950113,-0.016909004445242484,-0.03275538438474361,0.03275538438474361,2422,4698
13005,14003,2013,2014,0.0386298374303142,0.01112741633318034,-0.027502421097133863,0.027502421097133863,5908,12301
13005,14004,2013,2014,-0.052353525236196935,-0.0380660980300441,0.014287427206152836,0.014287427206152836,3424,8623
13005,14005,2013,2014,-0.02151048292792938,-0.04650902626653706,-0.024998543338607678,0.024998543338607678,2874,6748
13005,14006,2013,2014,-0.012004815708744678,-0.013351067699163756,-0.001346251990419078,0.001346251990419078,7792,23294
13005,14007,2013,2014,0.0667155383172963,0.15831609299667984,0.09160055467938354,0.09160055467938354,3223,10524
13005,15001,2013,2014,-0.026363502147094632,-0.015423794383178265,0.010939707763916368,0.010939707763916368,13120,34272
13005,15002,2013,2014,-0.018292340288884355,-0.00893476858567193,0.009357571703212424,0.009357571703212424,16884,46734
13005,15003,2013,2014,0.0010828185218287384,-0.00411531556197892,-0.005198134083807658,0.005198134083807658,3568,10031
13005,15004,2013,2014,-0.017257808408210923,-0.008719711225009709,0.008538097183201214,0.008538097183201214,6200,16239
13005,15005,2013,2014,0.00940690907351171,-0.013202272857711831,-0.022609181931223542,0.022609181931223542,1381,2017
13005,15006,2013,2014,-0.0007651868733821207,-0.0025762413739822175,-0.0018110545006000968,0.0018110545006000968,5828,12650
13005,15007,2013,2014,0.04749766974777888,0.07828440904939042,0.030786739301611542,0.030786739301611542,1283,3717
13005,16001,2013,2014,-0.007651760284109341,-0.028693545648666413,-0.021041785364557072,0.021041785364557072,2686,6287
13005,16002,2013,2014,0.03259713330754202,0.025347936047641566,-0.007249197259900454,0.007249197259900454,3590,9839
13005,16003,2013,2014,-0.05549691967668093,-0.053482120554479005,0.002014799122201927,0.002014799122201927,2353,2817
13005,16004,2013,2014,0.054945533264938055,0.059449626340974,0.004504093076035942,0.004504093076035942,2379,4627
14001,14002,2013,2014,-0.40851567194112015,-0.48688201857891994,-0.07836634663779979,0.07836634663779979,324,146
14001,14003,2013,2014,-0.47242366795815754,-0.5306790574685103,-0.05825538951035275,0.05825538951035275,619,388
14001,14004,2013,2014,-0.4875915489092983,-0.5381927614578705,-0.05060121254857225,0.05060121254857225,403,253
14001,14005,2013,2014,-0.4315049459058859,-0.5203498265837139,-0.08884488067782798,0.08884488067782798,458,226
14001,14006,2013,2014,-0.5232646357695574,-0.6066964158152361,-0.08343178004567875,0.08343178004567875,862,578
14001,14007,2013,2014,-0.3874683574191613,-0.4414962336219862,-0.0540278762028249,0.0540278762028249,442,319
14001,15001,2013,2014,0.0065202503063817065,0.006804000438928324,0.0002837501325466179,0.0002837501325466179,41543,65919
14001,15002,2013,2014,0.014829719268252156,0.005107743865246852,-0.009721975403005303,0.009721975403005303,52569,87394
14001,15003,2013,2014,-0.0033334220098201017,0.0019869918035988273,0.005320413813418929,0.005320413813418929,9940,18563
14001,15004,2013,2014,-0.026945223375141384,-0.015292106573830122,0.011653116801311262,0.011653116801311262,17341,28839
14001,15005,2013,2014,-0.02257065616737184,-0.027380378413798874,-0.004809722246427034,0.004809722246427034,3317,3397
14001,15006,2013,2014,0.034520445217544514,0.006097699571130006,-0.028422745646414508,0.028422745646414508,18542,23561
14001,15007,2013,2014,-0.025102632818040066,-0.029584407996008952,-0.0044817751779688865,0.0044817751779688865,2410,3798
14001,16001,2013,2014,-0.06816668443199964,-0.06799168383969748,0.00017500059230216025,0.00017500059230216025,5883,9695
14001,16002,2013,2014,0.008511532169189751,0.004914473792879338,-0.0035970583763104136,0.0035970583763104136,8987,16223
14001,16003,2013,2014,-0.126995214796243,-0.10186862400981217,0.02512659078643084,0.02512659078643084,5037,4030
14001,16004,2013,2014,0.05251671782820349,0.024481041260901677,-0.028035676567301812,0.028035676567301812,6329,6928
14002,14003,2013,2014,-0.35376983081251046,-0.4382568251115245,-0.08448699429901402,0.08448699429901402,167,94
14002,14004,2013,2014,-0.3931183563901073,-0.4453771625543398,-0.05225880616423251,0.05225880616423251,82,65
14002,14005,2013,2014,-0.30855017405089563,-0.40805597743072414,-0.0995058033798285,0.0995058033798285,148,84
14002,14006,2013,2014,-0.40138551654143195,-0.49951926646884065,-0.0981337499274087,0.0981337499274087,203,135
14002,14007,2013,2014,-0.2795815660348292,-0.3581904778259172,-0.07860891179108798,0.07860891179108798,130,85
14002,15001,2013,2014,0.002353237142730829,0.004901076306920155,0.002547839164189326,0.002547839164189326,8067,14848
14002,15002,2013,2014,-0.0037373611623684033,-0.010622533724479532,-0.006885172562111129,0.006885172562111129,9802,18678
14002,15003,2013,2014,0.014653812747346227,-0.006537007630344377,-0.021190820377690604,0.021190820377690604,2129,4001
14002,15004,2013,2014,-0.019154156011680176,-0.04058160753109294,-0.021427451519412763,0.021427451519412763,3369,5585
14002,15005,2013,2014,-0.011760307710107644,-0.011947736195632691,-0.00018742848552504715,0.00018742848552504715,671,815
14002,15006,2013,2014,-0.03477180943204232,-0.03558286892095856,-0.0008110594889162437,0.0008110594889162437,2710,4318
14002,15007,2013,2014,-0.002615824137772941,-0.04339137908479507,-0.040775554947022126,0.040775554947022126,528,739
14002,16001,2013,2014,-0.06967812918188199,-0.07895935319076543,-0.00928122400888344,0.00928122400888344,1010,1820
14002,16002,2013,2014,0.0046820270943674185,-0.018189707742361744,-0.022871734836729163,0.022871734836729163,1743,3241
14002,16003,2013,2014,-0.1037894680232104,-0.11467558995730176,-0.010886121934091358,0.010886121934091358,916,692
14002,16004,2013,2014,0.019344526787764795,0.01215092628410877,-0.0071936005036560245,0.0071936005036560245,1109,1497
14003,14004,2013,2014,-0.3990600592367444,-0.4648630888917436,-0.06580302965499918,0.06580302965499918,288,219
14003,14005,2013,2014,-0.3736891020342491,-0.466438191119841,-0.09274908908559187,0.09274908908559187,232,148
14003,14006,2013,2014,-0.4605929663224556,-0.5408637924669752,-0.08027082614451964,0.08027082614451964,387,381
14003,14007,2013,2014,-0.3134308900185798,-0.387588980841819,-0.07415809082323915,0.07415809082323915,281,214
14003,15001,2013,2014,-0.03791759815177765,-0.03276930482993841,0.005148293321839241,0.005148293321839241,15737,30147
14003,15002,2013,2014,-0.021890014324533184,-0.029121545666878263,-0.007231531342345079,0.007231531342345079,20806,41026
14003,15003,2013,2014,-0.02435114375263508,-0.02951010821407634,-0.005158964461441259,0.005158964461441259,3922,8334
14003,15004,2013,2014,0.005013857675494387,-0.0010297965418431022,-0.006043654217337489,0.006043654217337489,8461,15575
14003,15005,2013,2014,0.04860559785045838,0.0213777612071211,-0.027227836643337278,0.027227836643337278,2110,2297
14003,15006,2013,2014,0.025218605150897334,0.02078260752372258,-0.004435997627174754,0.004435997627174754,8042,12948
14003,15007,2013,2014,-0.0012134684267018163,-0.009955439896210026,-0.00874197146950821,0.00874197146950821,1195,2161
14003,16001,2013,2014,0.011931202167560538,0.02060643470288362,0.00867523253532308,0.00867523253532308,3675,7379
14003,16002,2013,2014,0.022173785320153745,0.0026237573258177144,-0.01955002799433603,0.01955002799433603,4221,8314
14003,16003,2013,2014,-0.009836260597244097,-0.017685287246920103,-0.007849026649676006,0.007849026649676006,3736,3209
14003,16004,2013,2014,-0.022007242660610514,-0.009380352759994569,0.012626889900615945,0.012626889900615945,1959,3030
14004,14005,2013,2014,-0.41099795946206913,-0.4920899037727517,-0.08109194431068256,0.08109194431068256,117,73
14004,14006,2013,2014,-0.47575380823700153,-0.5384779232711223,-0.06272411503412079,0.06272411503412079,251,292
14004,14007,2013,2014,-0.3709369464587276,-0.41436275680022133,-0.04342581034149373,0.04342581034149373,118,116
14004,15001,2013,2014,-0.0742400999354137,-0.08110567456625765,-0.00686557463084396,0.00686557463084396,12110,21871
14004,15002,2013,2014,-0.04196054642335997,-0.05113670965810276,-0.009176163234742789,0.009176163234742789,17209,33082
14004,15003,2013,2014,-0.018671757037767172,-0.02554808278868412,-0.006876325750916949,0.006876325750916949,3570,7345
14004,15004,2013,2014,-0.03737790698222098,-0.030175671196841492,0.007202235785379488,0.007202235785379488,6264,11999
14004,15005,2013,2014,0.0654173979498066,0.06645806625645448,0.0010406683066478822,0.0010406683066478822,2054,2568
14004,15006,2013,2014,-0.009530553214325369,0.05543909106761706,0.06496964428194243,0.06496964428194243,6182,12935
14004,15007,2013,2014,0.018799161231750024,0.045200187753701895,0.02640102652195187,0.02640102652195187,1195,2568
14004,16001,2013,2014,0.24177028792324473,0.2398059164210993,-0.001964371502145429,0.001964371502145429,8182,14842
14004,16002,2013,2014,-0.1457966347268114,-0.1213316523485552,0.0244649823782562,0.0244649823782562,1455,3767
14004,16003,2013,2014,0.26446423595868457,0.27725755643992256,0.01279332048123799,0.01279332048123799,9687,10065
14004,16004,2013,2014,-0.05217324418228157,0.0037962106684279184,0.05596945485070949,0.05596945485070949,1451,2830
14005,14006,2013,2014,-0.39824542104720173,-0.5214374271783376,-0.1231920061311359,0.1231920061311359,387,256
14005,14007,2013,2014,-0.2931104174396103,-0.40410754480970723,-0.11099712737009693,0.11099712737009693,186,97
14005,15001,2013,2014,0.016988997246533834,0.030466287397304212,0.013477290150770378,0.013477290150770378,12232,26431
14005,15002,2013,2014,0.009848692821799855,0.011148519182484056,0.0012998263606842017,0.0012998263606842017,14805,32966
14005,15003,2013,2014,0.010284051890195505,0.010633239110393468,0.0003491872201979631,0.0003491872201979631,2982,7131
14005,15004,2013,2014,-0.016547076567913852,-0.0398895897792933,-0.023342513211379447,0.023342513211379447,4942,9382
14005,15005,2013,2014,-0.005052959225770724,-0.017206099302280894,-0.01215314007651017,0.01215314007651017,1011,1300
14005,15006,2013,2014,0.007639406544824817,-0.017536273316630126,-0.02517567986145494,0.02517567986145494,4830,7850
14005,15007,2013,2014,0.0021299387221722526,-0.03924396035836603,-0.04137389908053828,0.04137389908053828,784,1274
14005,16001,2013,2014,-0.15664229651586317,-0.1670796823478489,-0.010437385831985724,0.010437385831985724,826,1748
14005,16002,2013,2014,0.02135395728699354,-0.027975402826443226,-0.04932936011343676,0.04932936011343676,2727,5105
14005,16003,2013,2014,-0.16350518445382362,-0.19637880240693165,-0.03287361795310803,0.03287361795310803,907,631
14005,16004,2013,2014,0.02749616286711601,0.002267663020102557,-0.02522849984701345,0.02522849984701345,1658,2307
14006,14007,2013,2014,-0.3831624780354077,-0.4703953752531081,-0.08723289721770039,0.08723289721770039,271,238
14006,15001,2013,2014,0.07417159509560185,0.0503038341332753,-0.023867760962326554,0.023867760962326554,35525,77727
14006,15002,2013,2014,0.07263788946069909,0.07171128782451748,-0.0009266016361816065,0.0009266016361816065,43403,106297
14006,15003,2013,2014,0.017408675782002468,0.05118248784407568,0.033773812062073215,0.033773812062073215,7760,23527
14006,15004,2013,2014,0.05300901681654119,0.06402348821268189,0.011014471396140701,0.011014471396140701,16249,39133
14006,15005,2013,2014,-0.05804233303220433,-0.01157555077934152,0.04646678225286281,0.04646678225286281,1936,3967
14006,15006,2013,2014,-0.05790174345718775,-0.04088300801038452,0.017018735446803233,0.017018735446803233,9502,21386
14006,15007,2013,2014,-0.025803563598694252,-0.02691260676837709,-0.0011090431696828378,0.0011090431696828378,1708,4134
14006,16001,2013,2014,-0.09353643326902489,-0.03845967187168024,0.055076761397344645,0.055076761397344645,3610,11888
14006,16002,2013,2014,-0.04542124734027655,0.04404712333892204,0.08946837067919858,0.08946837067919858,5079,19979
14006,16003,2013,2014,-0.08773074056879065,-0.0620800493633613,0.025650691205429357,0.025650691205429357,4255,5405
14006,16004,2013,2014,-0.06370530488653604,-0.03699378223624554,0.026711522650290503,0.026711522650290503,2604,5525
14007,15001,2013,2014,-0.008934949205433432,0.004358415806116301,0.013293365011549733,0.013293365011549733,7997,15572
14007,15002,2013,2014,0.006317092412165469,0.01204529496136377,0.0057282025491983005,0.0057282025491983005,10571,21302
14007,15003,2013,2014,-0.008306536148855343,-0.03432606771133243,-0.02601953156247709,0.02601953156247709,1951,3627
14007,15004,2013,2014,0.027368559095632083,0.035182925855113636,0.007814366759481554,0.007814366759481554,4367,8373
14007,15005,2013,2014,0.02465870555359418,-0.005595957236733252,-0.030254662790327434,0.030254662790327434,878,895
14007,15006,2013,2014,0.014977689635343702,0.016674113912411626,0.0016964242770679244,0.0016964242770679244,3618,5904
14007,15007,2013,2014,0.06895620664032602,0.14858397239402948,0.07962776575370346,0.07962776575370346,861,2444
14007,16001,2013,2014,-0.06495997328528384,-0.11916985017732167,-0.05420987689203782,0.05420987689203782,1084,1465
14007,16002,2013,2014,0.09179881269837493,0.04153628958690742,-0.05026252311146751,0.05026252311146751,2817,4639
14007,16003,2013,2014,-0.05962655008805691,-0.054530089270703894,0.005096460817353016,0.005096460817353016,1277,1136
14007,16004,2013,2014,0.013193190677625059,0.009971713838039286,-0.0032214768395857733,0.0032214768395857733,1109,1552
15001,15002,2013,2014,0.00601942309260098,-0.004573411453154441,-0.010592834545755422,0.010592834545755422,65101,135318
15001,15003,2013,2014,0.001697308361124847,-0.008633300001167084,-0.01033060836229193,0.01033060836229193,12805,28263
15001,15004,2013,2014,-0.03108700506710334,-0.0321467987900614,-0.0010597937229580613,0.0010597937229580613,21777,43656
15001,15005,2013,2014,-0.05342954678381359,-0.07355460316610567,-0.020125056382292075,0.020125056382292075,3616,4251
15001,15006,2013,2014,-0.05466615317831597,-0.047126583677896794,0.007539569500419174,0.007539569500419174,17525,31377
15001,15007,2013,2014,-0.05895318435233886,-0.10736356053610562,-0.04841037618376676,0.04841037618376676,2558,4002
15001,16001,2013,2014,-0.083375717181049,-0.08722311339692188,-0.003847396215872878,0.003847396215872878,7065,14583
15001,16002,2013,2014,-0.01375624567113636,0.0008232989260120214,0.014579544597148381,0.014579544597148381,10425,25185
15001,16003,2013,2014,-0.045861453295939804,-0.06130024992201111,-0.015438796626071304,0.015438796626071304,9464,8199
15001,16004,2013,2014,-0.030808173682512558,-0.019355192261675366,0.011452981420837192,0.011452981420837192,5569,8954
15002,15003,2013,2014,0.03238347318690994,0.05331890204473965,0.02093542885782971,0.02093542885782971,17613,44961
15002,15004,2013,2014,0.043713131278094855,0.029676337317248825,-0.01403679396084603,0.01403679396084603,33452,68356
15002,15005,2013,2014,-0.03625826044928185,-0.03593948304335742,0.00031877740592442527,0.00031877740592442527,4948,7002
15002,15006,2013,2014,-0.03952404852403942,-0.029647312115344125,0.009876736408695297,0.009876736408695297,23177,44660
15002,15007,2013,2014,-0.0850289501434073,-0.09322306521021319,-0.008194115066805882,0.008194115066805882,2801,5960
15002,16001,2013,2014,-0.06634592965418735,-0.05503982193363177,0.011306107720555583,0.011306107720555583,9640,22588
15002,16002,2013,2014,-0.022590464101412258,0.013843486723370062,0.03643395082478232,0.03643395082478232,12600,34921
15002,16003,2013,2014,-0.047439740583342195,-0.040146999436800584,0.007292741146541611,0.007292741146541611,11831,12213
15002,16004,2013,2014,-0.020854828592002092,-0.005863577706887247,0.014991250885114845,0.014991250885114845,7284,12693
15003,15004,2013,2014,-0.01564071151721476,0.03283515792310135,0.04847586944031611,0.04847586944031611,5502,15416
15003,15005,2013,2014,0.022730570651331203,-0.015522224716337027,-0.03825279536766823,0.03825279536766823,1319,1604
15003,15006,2013,2014,-0.02742472118657755,0.005527977315964137,0.03295269850254169,0.03295269850254169,4547,10587
15003,15007,2013,2014,0.02125222638883009,-0.014541398354630114,-0.035793624743460206,0.035793624743460206,976,1823
15003,16001,2013,2014,-0.014237614006467848,0.020827105631388555,0.0350647196378564,0.0350647196378564,2287,6434
15003,16002,2013,2014,-0.041908387383527826,0.031066786148071325,0.07297517353159916,0.07297517353159916,2159,8205
15003,16003,2013,2014,-0.01663918040338164,-0.012855197619454728,0.003783982783926913,0.003783982783926913,2555,2857
15003,16004,2013,2014,-0.023176231823047705,0.03714645960704358,0.06032269143009129,0.06032269143009129,1373,3383
15004,15005,2013,2014,-0.03355234965787949,-0.074870215480396,-0.041317865822516515,0.041317865822516515,1803,1854
15004,15006,2013,2014,-0.058957639416129304,-0.05926928336542508,-0.00031164394929577427,0.00031164394929577427,7624,13418
15004,15007,2013,2014,-0.02394771177423014,-0.053977667702803975,-0.030029955928573836,0.030029955928573836,1402,2402
15004,16001,2013,2014,-0.09152578476913384,-0.044560659376455654,0.046965125392678185,0.046965125392678185,2918,7832
15004,16002,2013,2014,0.05503127966186841,0.07297978881601738,0.017948509154148973,0.017948509154148973,6443,15542
15004,16003,2013,2014,0.006364094074153304,0.023832018971412624,0.017467924897259318,0.017467924897259318,5395,5664
15004,16004,2013,2014,-0.08827920740867258,-0.03946209345445179,0.04881711395422079,0.04881711395422079,1812,3698
15005,15006,2013,2014,0.04365850108488354,0.042854175306758176,-0.0008043257781253643,0.0008043257781253643,2394,2803
15005,15007,2013,2014,0.09108585384257419,0.06288609147296599,-0.028199762369608194,0.028199762369608194,580,660
15005,16001,2013,2014,-0.007289591053683053,0.02687434240230594,0.03416393345598899,0.03416393345598899,868,1471
15005,16002,2013,2014,-0.02736081684822226,-0.03816155653902462,-0.010800739690802363,0.010800739690802363,838,1193
15005,16003,2013,2014,0.00010399800142264316,0.006179141817930938,0.006075143816508295,0.006075143816508295,1027,684
15005,16004,2013,2014,0.03078932895526926,0.07546559690374258,0.04467626794847332,0.04467626794847332,707,975
15006,15007,2013,2014,0.003952108440548469,0.027865931384420277,0.02391382294387181,0.02391382294387181,1443,2905
15006,16001,2013,2014,-0.21044616527826537,-0.20985762608893277,0.0005885391893326042,0.0005885391893326042,1148,2148
15006,16002,2013,2014,-0.18511874602245737,-0.21142573288027022,-0.026306986857812853,0.026306986857812853,1549,2744
15006,16003,2013,2014,-0.19300520250935352,-0.1398105560838371,0.05319464642551641,0.05319464642551641,1520,1637
15006,16004,2013,2014,-0.1519426653514652,-0.12318988066459227,0.028752784686872923,0.028752784686872923,1021,1636
15007,16001,2013,2014,-0.05340051628489488,-0.027924387765200686,0.025476128519694195,0.025476128519694195,466,1173
15007,16002,2013,2014,-0.0401975130822053,-0.020195217308454676,0.020002295773750626,0.020002295773750626,564,1517
15007,16003,2013,2014,-0.027231166009029972,0.02963900367495283,0.0568701696839828,0.0568701696839828,636,901
15007,16004,2013,2014,-0.014634087668432352,0.055012734354962685,0.06964682202339503,0.06964682202339503,387,961
16001,16002,2013,2014,-0.323376074407339,-0.43749152395648194,-0.11411544954914293,0.11411544954914293,162,105
16001,16003,2013,2014,-0.25418733776648617,-0.3008009689278333,-0.04661363116134715,0.04661363116134715,353,177
16001,16004,2013,2014,-0.27057479294483705,-0.3372599544521442,-0.06668516150730713,0.06668516150730713,137,96
16002,16003,2013,2014,-0.297988838326521,-0.37056606462641883,-0.07257722629989782,0.07257722629989782,257,97
16002,16004,2013,2014,-0.2645205349214413,-0.36063915867247437,-0.09611862375103308,0.09611862375103308,166,95
16003,16004,2013,2014,-0.300596064639632,-0.2996844991617926,0.0009115654778394378,0.0009115654778394378,115,62
10001,10002,2014,2015,-0.466155859925982,-0.44759761247860924,0.018558247447372778,0.018558247447372778,476,960
10001,10003,2014,2015,-0.3530228265220545,-0.29234331693855875,0.06067950958349577,0.06067950958349577,72,132
10001,10004,2014,2015,-0.22004170842785994,-0.19821173393790353,0.02182997448995641,0.02182997448995641,693,1026
10001,10005,2014,2015,-0.38529364080852707,-0.4068473549922026,-0.02155371418367552,0.02155371418367552,331,353
10001,11001,2014,2015,0.005577187363741883,0.001517027046106019,-0.004060160317635864,0.004060160317635864,25615,19813
10001,11002,2014,2015,-0.0904213223127911,-0.03835679432783221,0.052064527984958885,0.052064527984958885,17169,22478
10001,11003,2014,2015,-0.18009942786222513,-0.1963192051729327,-0.01621977731070756,0.01621977731070756,8015,10541
10001,11004,2014,2015,-0.27230756895412905,-0.2967515164080098,-0.024443947453880732,0.024443947453880732,2839,3563
10001,11005,2014,2015,0.2269746846672779,0.27041846810200354,0.04344378343472563,0.04344378343472563,58071,55851
10001,11006,2014,2015,-0.15604405953841805,-0.18680560176420577,-0.030761542225787725,0.030761542225787725,3993,3628
10001,11007,2014,2015,-0.05238893133177206,-0.014106908451810595,0.038282022879961464,0.038282022879961464,1526,1312
10001,11008,2014,2015,-0.01359668920804972,-0.0015657237343377904,0.01203096547371193,0.01203096547371193,17728,11069
10001,12001,2014,2015,0.004566426123452507,0.010484682977014308,0.005918256853561801,0.005918256853561801,41985,35102
10001,12002,2014,2015,-0.088272843000691,-0.11203837144803651,-0.023765528447345502,0.023765528447345502,2900,2897
10001,12003,2014,2015,0.07931419151240193,0.07077271912527418,-0.008541472387127755,0.008541472387127755,49796,57370
10001,12004,2014,2015,-0.14783211225367449,-0.16911566354120244,-0.021283551287527958,0.021283551287527958,10114,6524
10001,12005,2014,2015,-0.09509590612212662,-0.011142038196276896,0.08395386792584973,0.08395386792584973,199,44
10001,13001,2014,2015,0.034810255621247836,0.10811327283307769,0.07330301721182986,0.07330301721182986,44511,48906
10001,13002,2014,2015,-0.1456030522582226,-0.11027606849440341,0.03532698376381918,0.03532698376381918,14070,17859
10001,13003,2014,2015,-0.38095543875745785,-0.36379015347236493,0.017165285285092924,0.017165285285092924,1990,4141
10001,13004,2014,2015,0.24340106910358056,0.21726664254001332,-0.026134426563567237,0.026134426563567237,53155,39190
10001,13005,2014,2015,-0.022435481819263633,0.021399913860550155,0.04383539567981379,0.04383539567981379,15673,10459
10001,14001,2014,2015,0.03492905326964092,0.04922088251097093,0.01429182924133001,0.01429182924133001,34312,37134
10001,14002,2014,2015,0.10576246368072029,0.10532519093566839,-0.0004372727450518976,0.0004372727450518976,10815,8298
10001,14003,2014,2015,-0.006264872878904474,0.018039730803896453,0.024304603682800928,0.024304603682800928,15534,17359
10001,14004,2014,2015,-0.11698835834334673,-0.09388190807360182,0.023106450269744908,0.023106450269744908,8172,8667
10001,14005,2014,2015,0.1008102712992055,0.09373533079512235,-0.007074940504083152,0.007074940504083152,16632,12941
10001,14006,2014,2015,-0.03228627807854214,-0.048006356033962506,-0.015720077955420367,0.015720077955420367,29779,27628
10001,14007,2014,2015,-0.1017991825642068,-0.10907104523385172,-0.007271862669644927,0.007271862669644927,4319,2539
10001,15001,2014,2015,-0.023178072398980717,-0.00917921901037649,0.013998853388604227,0.013998853388604227,45611,42483
10001,15002,2014,2015,-0.03287518502759352,-0.017374234104082068,0.01550095092351145,0.01550095092351145,59718,59526
10001,15003,2014,2015,-0.04031291542325369,-0.02107894065271737,0.019233974770536316,0.019233974770536316,11700,10429
10001,15004,2014,2015,-0.15479537154066994,-0.15148168680047677,0.003313684740193168,0.003313684740193168,12037,15543
10001,15005,2014,2015,0.04663174894572868,0.013052354866564028,-0.033579394079164646,0.033579394079164646,3773,1816
10001,15006,2014,2015,-0.07965866331838758,-0.03187570911897907,0.04778295419940851,0.04778295419940851,12517,10993
10001,15007,2014,2015,-0.0890384631649587,-0.04289881368068184,0.04613964948427686,0.04613964948427686,1965,837
10001,16001,2014,2015,-0.01465758727508234,0.01088095304876816,0.0255385403238505,0.0255385403238505,9149,8115
10001,16002,2014,2015,-0.056497078772793106,-0.09661515943985269,-0.04011808066705958,0.04011808066705958,9335,13432
10001,16003,2014,2015,-0.21372895048632487,-0.19430207025009438,0.019426880236230487,0.019426880236230487,1334,949
10001,16004,2014,2015,0.027515916076339294,0.0737105907367083,0.046194674660369,0.046194674660369,5309,3659
10002,10003,2014,2015,-0.3048816685472929,-0.2690235034120051,0.03585816513528778,0.03585816513528778,70,113
10002,10004,2014,2015,-0.1307465346014037,-0.13483855715707066,-0.004092022555666958,0.004092022555666958,831,1145
10002,10005,2014,2015,-0.32911200945127556,-0.35531918615248115,-0.026207176701205592,0.026207176701205592,316,396
10002,11001,2014,2015,0.006775550994739336,0.024467656058367728,0.017692105063628394,0.017692105063628394,16226,15802
10002,11002,2014,2015,-0.02113222492814051,-0.04392842146571139,-0.022796196537570878,0.022796196537570878,13942,15931
10002,11003,2014,2015,0.036704127705381735,0.0028066447670882008,-0.03389748293829353,0.03389748293829353,13167,17354
10002,11004,2014,2015,-0.033098524976652235,-0.09301509366327756,-0.05991656868662533,0.05991656868662533,6938,8054
10002,11005,2014,2015,-0.037516453375788815,0.0051547245103548646,0.04267117788614368,0.04267117788614368,17888,21743
10002,11006,2014,2015,-0.24942934521523233,-0.2918341264688474,-0.04240478125361505,0.04240478125361505,1126,1092
10002,11007,2014,2015,-0.06583452452588595,-0.041091931740005756,0.024742592785880195,0.024742592785880195,850,798
10002,11008,2014,2015,-0.016825123260737644,0.020836860186103246,0.037661983446840894,0.037661983446840894,10928,8918
10002,12001,2014,2015,0.00368469218892586,0.05861825581489356,0.054933563625967706,0.054933563625967706,26386,29820
10002,12002,2014,2015,-0.01691857454330141,-0.004311765147723182,0.012606809395578226,0.012606809395578226,2703,3788
10002,12003,2014,2015,0.03249987756189518,-0.02967486718363581,-0.06217474474553099,0.06217474474553099,28137,32567
10002,12004,2014,2015,-0.0761337057299978,-0.07984485282802142,-0.003711147098023629,0.003711147098023629,8535,7238
10002,12005,2014,2015,-0.025622851285353587,0.00037016328397007566,0.025993014569323663,0.025993014569323663,222,36
10002,13001,2014,2015,0.043651815550523276,0.05162903915156666,0.00797722360104338,0.00797722360104338,29229,31761
10002,13002,2014,2015,-0.028660973376481248,0.005714541218452434,0.03437551459493368,0.03437551459493368,14044,19733
10002,13003,2014,2015,-0.17828436154714863,-0.16614500304211813,0.012139358505030506,0.012139358505030506,4857,9344
10002,13004,2014,2015,0.07056974170738069,0.07929113047210226,0.008721388764721574,0.008721388764721574,22580,20656
10002,13005,2014,2015,-0.0013296396440398428,0.0012975585180314442,0.002627198162071287,0.002627198162071287,10685,7066
10002,14001,2014,2015,-0.011327523790245429,0.0073996922006080885,0.018727215990853516,0.018727215990853516,18605,24274
10002,14002,2014,2015,0.037149291925727,0.0327455389093828,-0.0044037530163442,0.0044037530163442,5234,4537
10002,14003,2014,2015,-0.03847867962928392,-0.019599811221952916,0.018878868407331002,0.018878868407331002,8430,11024
10002,14004,2014,2015,-0.02589983302668383,0.0012078839692989376,0.027107716995982765,0.027107716995982765,7728,9530
10002,14005,2014,2015,0.029117191226445783,0.016800319944391868,-0.012316871282053915,0.012316871282053915,8144,7116
10002,14006,2014,2015,0.01805213721649323,0.012863478166681028,-0.005188659049812201,0.005188659049812201,22122,24504
10002,14007,2014,2015,-0.0058539137706070865,-0.0825619965351115,-0.07670808276450441,0.07670808276450441,4445,2121
10002,15001,2014,2015,-0.0030932248634454778,0.0005246795499812716,0.0036179044134267493,0.0036179044134267493,30293,31962
10002,15002,2014,2015,-0.0278070492199561,-0.01608974574943255,0.011717303470523549,0.011717303470523549,37553,43541
10002,15003,2014,2015,-0.010078559483238943,0.006044119768413911,0.016122679251652852,0.016122679251652852,8310,8549
10002,15004,2014,2015,-0.03508660905479756,-0.06592833840423576,-0.0308417293494382,0.0308417293494382,12389,15616
10002,15005,2014,2015,0.026334653252257194,0.027174249639820045,0.0008395963875628513,0.0008395963875628513,2164,1454
10002,15006,2014,2015,-0.07555833924745975,-0.010315148014018751,0.065243191233441,0.065243191233441,7718,8768
10002,15007,2014,2015,-0.03227644999966634,0.0006656796072033864,0.03294212960686973,0.03294212960686973,1722,818
10002,16001,2014,2015,-0.004840449235583862,0.014160806488642829,0.01900125572422669,0.01900125572422669,5995,6058
10002,16002,2014,2015,-0.03600555143086355,-0.08611153282848827,-0.05010598139762472,0.05010598139762472,6331,9991
10002,16003,2014,2015,-0.04245959934207773,-0.05032934783105651,-0.007869748488978784,0.007869748488978784,2539,1827
10002,16004,2014,2015,-0.017225221464292204,-0.0015539869953616493,0.015671234468930553,0.015671234468930553,2647,1821
10003,10004,2014,2015,-0.03272103450361207,0.004371334973754591,0.03709236947736666,0.03709236947736666,198,249
10003,10005,2014,2015,-0.244122934531189,-0.23660644790770394,0.007516486623485058,0.007516486623485058,50,53
10003,11001,2014,2015,-0.06506449459989197,-0.058226997768754576,0.0068374968311373935,0.0068374968311373935,1349,888
10003,11002,2014,2015,-0.03801349667320743,-0.019814215397976852,0.018199281275230576,0.018199281275230576,1541,1494
10003,11003,2014,2015,-0.05653110872764484,-0.0851874513666425,-0.02865634263899767,0.02865634263899767,1006,885
10003,11004,2014,2015,-0.22505956938611915,-0.26513120780217786,-0.04007163841605871,0.04007163841605871,155,110
10003,11005,2014,2015,0.11267829145084159,0.14729785875600232,0.034619567305160734,0.034619567305160734,4668,4035
10003,11006,2014,2015,-0.11397455420699382,-0.13650463691858208,-0.022530082711588267,0.022530082711588267,299,210
10003,11007,2014,2015,-0.00894778368734841,-0.009180883303954042,-0.00023309961660563164,0.00023309961660563164,158,87
10003,11008,2014,2015,0.026228475414141483,0.02878798863354044,0.0025595132193989567,0.0025595132193989567,1765,887
10003,12001,2014,2015,-0.019970115129487487,0.0009084079044381232,0.02087852303392561,0.02087852303392561,3001,2258
10003,12002,2014,2015,0.07145842537945345,0.034129552852119466,-0.03732887252733398,0.03732887252733398,632,446
10003,12003,2014,2015,0.06552159404591455,0.04059959403226319,-0.024922000013651364,0.024922000013651364,4537,3927
10003,12004,2014,2015,-0.058948566379483036,-0.07971832896783165,-0.020769762588348617,0.020769762588348617,1046,529
10003,13001,2014,2015,-0.1285481932062889,-0.11777700676425307,0.01077118644203584,0.01077118644203584,1469,1172
10003,13002,2014,2015,0.08112286113398634,0.07645640821180043,-0.0046664529221859125,0.0046664529221859125,3144,2642
10003,13003,2014,2015,-0.3551053396415162,-0.33519554448468303,0.019909795156833165,0.019909795156833165,51,86
10003,13004,2014,2015,0.15581574471263107,0.17899123451189738,0.023175489799266313,0.023175489799266313,4944,3571
10003,13005,2014,2015,-0.06938487079317918,-0.04675080788199312,0.022634062911186054,0.022634062911186054,865,451
10003,14001,2014,2015,-0.009782251528863722,-0.009133841171318328,0.0006484103575453946,0.0006484103575453946,2356,2024
10003,14002,2014,2015,0.05199366412733058,0.039220339368094555,-0.012773324759236024,0.012773324759236024,798,461
10003,14003,2014,2015,0.08782856075506566,0.07776894200318193,-0.010059618751883728,0.010059618751883728,2146,1698
10003,14004,2014,2015,0.03310052812682876,0.057557709949313494,0.024457181822484735,0.024457181822484735,1375,1221
10003,14005,2014,2015,-0.02712806171041502,-0.020143942259254866,0.006984119451160155,0.006984119451160155,762,515
10003,14006,2014,2015,-0.06869106603458841,-0.07488212676409688,-0.006191060729508466,0.006191060729508466,1764,1336
10003,14007,2014,2015,-0.07582197212052946,-0.06796501438909114,0.007856957731438324,0.007856957731438324,328,175
10003,15001,2014,2015,-0.057672152845448466,-0.05481498812334781,0.0028571647221006524,0.0028571647221006524,2855,2103
10003,15002,2014,2015,-0.033113387226452316,-0.025272908433986743,0.007840478792465574,0.007840478792465574,4425,3590
10003,15003,2014,2015,-0.03564407803913675,-0.01602019363906136,0.01962388440007539,0.01962388440007539,879,672
10003,15004,2014,2015,-0.06674811063193,-0.08869645976111891,-0.021948349129188915,0.021948349129188915,1197,1014
10003,15005,2014,2015,0.004367966063287983,0.027661795276984747,0.023293829213696764,0.023293829213696764,247,140
10003,15006,2014,2015,-0.072577162505297,-0.033364309617102336,0.03921285288819466,0.03921285288819466,857,656
10003,15007,2014,2015,-0.06445463656930112,-0.013094580377823014,0.0513600561914781,0.0513600561914781,156,65
10003,16001,2014,2015,0.17870273598829547,0.21823456775382843,0.03953183176553296,0.03953183176553296,2221,1821
10003,16002,2014,2015,-0.1607909620214431,-0.17496375159251015,-0.014172789571067046,0.014172789571067046,271,346
10003,16003,2014,2015,-0.03994887433995048,-0.020924078254770224,0.019024796085180255,0.019024796085180255,304,186
10003,16004,2014,2015,-0.038785537563450476,0.019156342857599495,0.057941880421049974,0.057941880421049974,276,193
10004,10005,2014,2015,-0.08997860403752896,-0.12382226666284185,-0.033843662625312895,0.033843662625312895,459,466
10004,11001,2014,2015,-0.07784478771508092,-0.06696341548756483,0.01088137222751609,0.01088137222751609,2219,2074
10004,11002,2014,2015,-0.057055448081890905,-0.043627785498406416,0.01342766258348449,0.01342766258348449,2411,3123
10004,11003,2014,2015,0.12180531978597084,0.11880698309021417,-0.002998336695756665,0.002998336695756665,4637,6236
10004,11004,2014,2015,0.019670008161018455,-0.05397645186331258,-0.07364646002433103,0.07364646002433103,2003,1853
10004,11005,2014,2015,-0.17277377049945405,-0.15113338683931368,0.021640383660140372,0.021640383660140372,1567,1870
10004,11006,2014,2015,-0.24657453512685726,-0.27512980988636754,-0.02855527475951028,0.02855527475951028,155,147
10004,11007,2014,2015,-0.02969214504442253,-0.026945280552183707,0.0027468644922388243,0.0027468644922388243,230,177
10004,11008,2014,2015,-0.06479208364780319,-0.020988359719164927,0.04380372392863826,0.04380372392863826,1748,1513
10004,12001,2014,2015,-0.008418939971840848,0.0019955617438147115,0.010414501715655559,0.010414501715655559,5512,5299
10004,12002,2014,2015,0.059160074619135285,0.04405779706610062,-0.015102277553034664,0.015102277553034664,969,1077
10004,12003,2014,2015,-0.01508925981210988,-0.014246987815353732,0.0008422719967561484,0.0008422719967561484,5176,7010
10004,12004,2014,2015,0.09273620658147826,0.08744157596255994,-0.005294630618918314,0.005294630618918314,4253,3419
10004,12005,2014,2015,0.00987930523444648,0.05784326540196821,0.047963960167521726,0.047963960167521726,66,14
10004,13001,2014,2015,-0.16407910030587763,-0.14816496434479032,0.015914135961087317,0.015914135961087317,2151,2538
10004,13002,2014,2015,0.22832014266401696,0.22915189551230547,0.0008317528482885139,0.0008317528482885139,9370,10377
10004,13003,2014,2015,-0.0882216889682875,-0.10914762289734346,-0.020925933929055965,0.020925933929055965,1517,2122
10004,13004,2014,2015,-0.0545049800954561,-0.06684851834146616,-0.012343538246010054,0.012343538246010054,2879,2281
10004,13005,2014,2015,-0.030837228395291877,-0.03287595437841706,-0.0020387259831251836,0.0020387259831251836,1973,1203
10004,14001,2014,2015,-0.07211296316774526,-0.06398215751516785,0.008130805652577414,0.008130805652577414,2866,3584
10004,14002,2014,2015,-0.07722280329279613,-0.06372972803958177,0.01349307525321436,0.01349307525321436,551,517
10004,14003,2014,2015,0.059997299219843515,0.05134777858512133,-0.008649520634722185,0.008649520634722185,3063,3282
10004,14004,2014,2015,0.1897315663633133,0.20101209826742075,0.011280531904107466,0.011280531904107466,4943,5207
10004,14005,2014,2015,-0.14994906331826857,-0.1482971353950741,0.0016519279231944628,0.0016519279231944628,533,480
10004,14006,2014,2015,-0.10542941875297422,-0.07848201522772319,0.026947403525251032,0.026947403525251032,2517,3276
10004,14007,2014,2015,-0.010035073662420851,-0.014924840170005014,-0.0048897665075841625,0.0048897665075841625,944,643
10004,15001,2014,2015,-0.10621264509284788,-0.08444465000089352,0.02176799509195436,0.02176799509195436,3863,4421
10004,15002,2014,2015,-0.05746878458025932,-0.05348904108026683,0.003979743499992493,0.003979743499992493,6873,7548
10004,15003,2014,2015,-0.051746451205881255,-0.008156231599932269,0.043590219605948985,0.043590219605948985,1385,1669
10004,15004,2014,2015,-0.02584370736176647,-0.058368042858244755,-0.032524335496478284,0.032524335496478284,2726,3070
10004,15005,2014,2015,0.05017525704040106,0.03156337964446266,-0.0186118773959384,0.0186118773959384,585,329
10004,15006,2014,2015,0.0022901613044459257,0.06640641736581103,0.0641162560613651,0.0641162560613651,2430,2759
10004,15007,2014,2015,-0.009749232594501132,0.05373683833308528,0.0634860709275864,0.0634860709275864,429,260
10004,16001,2014,2015,0.10282603536829032,0.11875920937274956,0.015933174004459233,0.015933174004459233,2431,2316
10004,16002,2014,2015,-0.11814504133540259,-0.15623677914215772,-0.038091737806755135,0.038091737806755135,732,1117
10004,16003,2014,2015,0.15560561426573033,0.14341159884542481,-0.012194015420305515,0.012194015420305515,1810,1253
10004,16004,2014,2015,-0.07373589552320758,-0.09757365529177967,-0.02383775976857208,0.02383775976857208,367,174
10005,11001,2014,2015,-0.03592392211330368,-0.02212583920855896,0.013798082904744723,0.013798082904744723,5877,5524
10005,11002,2014,2015,-0.07048251300431241,-0.07498752940522453,-0.0045050164009121235,0.0045050164009121235,4694,5579
10005,11003,2014,2015,0.03507827932526628,0.015450292498964095,-0.019627986826302186,0.019627986826302186,5945,7802
10005,11004,2014,2015,-0.07976066048136975,-0.09251679633604715,-0.0127561358546774,0.0127561358546774,2256,3140
10005,11005,2014,2015,-0.006047919853226627,0.03111013486611959,0.03715805471934622,0.03715805471934622,8847,10303
10005,11006,2014,2015,-0.22599649577735806,-0.2757539418692231,-0.049757446091865026,0.049757446091865026,477,385
10005,11007,2014,2015,-0.03487998807290734,-0.02316145468475367,0.011718533388153672,0.011718533388153672,453,375
10005,11008,2014,2015,0.06600647256961265,0.07135077352186317,0.005344300952250525,0.005344300952250525,7042,4894
10005,12001,2014,2015,0.033473564285599604,0.03381768177989968,0.000344117494300078,0.000344117494300078,13177,12104
10005,12002,2014,2015,0.027884247887650006,0.003918290630207123,-0.023965957257442883,0.023965957257442883,1559,1682
10005,12003,2014,2015,-0.006759088435152354,-0.014218417303762635,-0.007459328868610281,0.007459328868610281,10873,14298
10005,12004,2014,2015,-0.01986688086864722,-0.004443782127338017,0.015423098741309203,0.015423098741309203,4790,4286
10005,12005,2014,2015,0.02874249329939195,0.031252890258738376,0.0025103969593464268,0.0025103969593464268,154,21
10005,13001,2014,2015,-0.0762098420549282,-0.06613592646804961,0.01007391558687859,0.01007391558687859,7954,8726
10005,13002,2014,2015,0.0954232711758369,0.0857680996351139,-0.009655171540722998,0.009655171540722998,10427,11553
10005,13003,2014,2015,-0.18787297787215568,-0.14611375602724666,0.04175922184490902,0.04175922184490902,1675,3779
10005,13004,2014,2015,0.07923414770298778,0.10910651722974989,0.029872369526762102,0.029872369526762102,10896,10451
10005,13005,2014,2015,0.012193694627349387,0.0022669684899602575,-0.00992672613738913,0.00992672613738913,5046,3018
10005,14001,2014,2015,-0.03449707910338984,-0.0034221935592681275,0.03107488554412171,0.03107488554412171,7313,9918
10005,14002,2014,2015,-0.02895768409160724,-0.021854036117046227,0.007103647974561013,0.007103647974561013,1613,1436
10005,14003,2014,2015,-0.014241276982070351,-0.029695975344734286,-0.015454698362663935,0.015454698362663935,4109,4371
10005,14004,2014,2015,0.1117966882688485,0.09282682434616756,-0.01896986392268095,0.01896986392268095,6513,6172
10005,14005,2014,2015,-0.0642409198746748,-0.07188275223697632,-0.007641832362301523,0.007641832362301523,2173,1845
10005,14006,2014,2015,-0.004403494053625127,0.012259640624668047,0.016663134678293175,0.016663134678293175,9003,10489
10005,14007,2014,2015,-0.012738200120711017,-0.06662376586925937,-0.05388556574854836,0.05388556574854836,1876,933
10005,15001,2014,2015,-0.04403766875975999,-0.027259952620512527,0.016777716139247466,0.016777716139247466,11251,12170
10005,15002,2014,2015,-0.025151562974825223,-0.01103393855786663,0.014117624416958593,0.014117624416958593,16383,18555
10005,15003,2014,2015,-0.01952297456596979,-0.00624797147665166,0.01327500308931813,0.01327500308931813,3461,3423
10005,15004,2014,2015,-0.06507018720028929,-0.05819803960685155,0.0068721475934377385,0.0068721475934377385,4539,6479
10005,15005,2014,2015,0.04960675172849452,0.04281729097479701,-0.006789460753697511,0.006789460753697511,1131,700
10005,15006,2014,2015,-0.03244166624633663,0.0028514915081829855,0.03529315775451962,0.03529315775451962,4065,3945
10005,15007,2014,2015,0.017549133555074613,0.04185524293840762,0.02430610938333301,0.02430610938333301,1038,467
10005,16001,2014,2015,0.12252054187627988,0.11057979818056407,-0.011940743695715808,0.011940743695715808,4995,4184
10005,16002,2014,2015,-0.07698828713917878,-0.05718406845787524,0.01980421868130354,0.01980421868130354,2117,4569
10005,16003,2014,2015,0.077984905955591,0.04516169501580242,-0.032823210939788586,0.032823210939788586,2241,1370
10005,16004,2014,2015,-0.0009562998617197049,0.010505942185320546,0.011462242047040251,0.011462242047040251,1281,836
11001,11002,2014,2015,-0.3794047302071773,-0.3512474312332747,0.028157298973902622,0.028157298973902622,3425,3427
11001,11003,2014,2015,-0.4131905918663111,-0.42058337242579336,-0.0073927805594822815,0.0073927805594822815,1539,1589
11001,11004,2014,2015,-0.37420339163114935,-0.3814935015917597,-0.007290109960610358,0.007290109960610358,1314,1307
11001,11005,2014,2015,-0.4644112255762747,-0.43471348816377575,0.029697737412498926,0.029697737412498926,2583,2014
11001,11006,2014,2015,0.04287205437643903,0.04276856610772573,-0.00010348826871330041,0.00010348826871330041,11683,9430
11001,11007,2014,2015,-0.3144027954959181,-0.28549264837360094,0.028910147122317154,0.028910147122317154,163,98
11001,11008,2014,2015,-0.38214884615803235,-0.319767812087485,0.06238103407054735,0.06238103407054735,2208,1288
11001,12001,2014,2015,-0.5038686905539187,-0.4723685172419822,0.0315001733119365,0.0315001733119365,2660,1797
11001,12002,2014,2015,-0.35764308606050943,-0.36414735144675603,-0.006504265386246599,0.006504265386246599,325,259
11001,12003,2014,2015,-0.4040657217834881,-0.41364392378545867,-0.00957820200197057,0.00957820200197057,6485,5890
11001,12004,2014,2015,-0.33845380664392316,-0.3000517184008074,0.03840208824311575,0.03840208824311575,3343,2143
11001,12005,2014,2015,-0.16381890220104744,-0.10606908857823105,0.05774981362281639,0.05774981362281639,112,13
11001,13001,2014,2015,0.07195007929988599,0.051792538708630036,-0.020157540591255955,0.020157540591255955,53012,35864
11001,13002,2014,2015,-0.13251157781549913,-0.11311881138703918,0.019392766428459954,0.019392766428459954,16442,14359
11001,13003,2014,2015,0.08144057855034204,0.04244712446578034,-0.038993454084561695,0.038993454084561695,26852,24424
11001,13004,2014,2015,0.005584097162758417,0.040834731238181377,0.03525063407542296,0.03525063407542296,31077,20589
11001,13005,2014,2015,-0.07357484343583988,-0.07929574359503545,-0.005720900159195574,0.005720900159195574,13873,5486
11001,14001,2014,2015,0.010759356330512929,0.009294681706395755,-0.0014646746241171738,0.0014646746241171738,34637,27705
11001,14002,2014,2015,-0.013637693334270909,-0.01196131931790458,0.0016763740163663297,0.0016763740163663297,7068,4132
11001,14003,2014,2015,-0.0395868677032284,-0.02171946839795601,0.017867399305272386,0.017867399305272386,14825,12447
11001,14004,2014,2015,-0.09945461557879756,-0.07291405690333137,0.02654055867546619,0.02654055867546619,9785,7832
11001,14005,2014,2015,0.03970967282835195,0.05846243661035889,0.018752763782006937,0.018752763782006937,14430,9567
11001,14006,2014,2015,0.05772617353645148,0.031485334533339855,-0.026240839003111624,0.026240839003111624,42309,29386
11001,14007,2014,2015,0.05527660409242341,0.05117830294764435,-0.004098301144779062,0.004098301144779062,10032,4928
11001,15001,2014,2015,0.06376709809216895,0.07971919671338468,0.01595209862121573,0.01595209862121573,61885,44687
11001,15002,2014,2015,0.0264122176905147,0.021912185158995335,-0.004500032531519364,0.004500032531519364,74856,54430
11001,15003,2014,2015,-0.0058171170020443,0.007833265654217538,0.013650382656261839,0.013650382656261839,14687,9774
11001,15004,2014,2015,-0.02207295534883245,-0.0053132906703566105,0.01675966467847584,0.01675966467847584,22886,22207
11001,15005,2014,2015,0.042850317561404755,0.05334420940476873,0.010493891843363974,0.010493891843363974,4010,1907
11001,15006,2014,2015,0.07426351994460682,0.08150187361539053,0.007238353670783709,0.007238353670783709,24226,14155
11001,15007,2014,2015,0.021040065330624618,0.03833280629381222,0.017292740963187603,0.017292740963187603,4036,1176
11001,16001,2014,2015,-0.12509637636138815,-0.06739876743534631,0.05769760892604184,0.05769760892604184,5790,4634
11001,16002,2014,2015,-0.029843884412028152,-0.0022464675016512577,0.027597416910376895,0.027597416910376895,11468,16054
11001,16003,2014,2015,-0.10647003302764539,-0.07526071743670176,0.03120931559094363,0.03120931559094363,3122,1792
11001,16004,2014,2015,-0.029729761721199857,0.02701339400701135,0.0567431557282112,0.0567431557282112,4327,2424
11002,11003,2014,2015,-0.2745592073876523,-0.2511658923405374,0.02339331504711495,0.02339331504711495,4714,8649
11002,11004,2014,2015,-0.20323546277674082,-0.21172032255032805,-0.008484859773587233,0.008484859773587233,4837,6835
11002,11005,2014,2015,-0.2957991521640345,-0.2574221152432643,0.03837703692077021,0.03837703692077021,9398,11194
11002,11006,2014,2015,0.02107008624760948,0.005604922299102375,-0.015465163948507105,0.015465163948507105,10262,10448
11002,11007,2014,2015,-0.2712712825082827,-0.23332791579363496,0.037943366714647736,0.037943366714647736,253,249
11002,11008,2014,2015,-0.2735799398335992,-0.19610033271892766,0.07747960711467153,0.07747960711467153,4958,4592
11002,12001,2014,2015,0.056094950931351785,0.03971455778200735,-0.016380393149344433,0.016380393149344433,50183,40901
11002,12002,2014,2015,0.043678817689210926,0.029577152818991884,-0.014101664870219043,0.014101664870219043,6069,6516
11002,12003,2014,2015,0.08474335134640365,0.08536756558909973,0.0006242142426960834,0.0006242142426960834,52423,63479
11002,12004,2014,2015,0.049367351136399416,0.026036199868179403,-0.023331151268220014,0.023331151268220014,23510,16681
11002,12005,2014,2015,0.020227267357669828,0.008322020918183194,-0.011905246439486634,0.011905246439486634,524,57
11002,13001,2014,2015,0.04519378563827457,0.04949075623299542,0.004296970594720846,0.004296970594720846,47605,45596
11002,13002,2014,2015,-0.03907998395790523,-0.012473815216407417,0.026606168741497814,0.026606168741497814,22754,27373
11002,13003,2014,2015,0.03755995846417625,-0.023141629906981296,-0.06070158837115755,0.06070158837115755,22419,25618
11002,13004,2014,2015,-0.08037843203333563,-0.05466606168190415,0.025712370351431472,0.025712370351431472,22096,19194
11002,13005,2014,2015,0.0356620527681582,0.049204617465304336,0.013542564697146132,0.013542564697146132,20231,12518
11002,14001,2014,2015,0.011558729946675486,0.00857185365900571,-0.0029868762876697763,0.0029868762876697763,33300,35720
11002,14002,2014,2015,0.017972902814093698,0.024202384273790317,0.00622948145969662,0.00622948145969662,7831,6347
11002,14003,2014,2015,0.03276064432104828,0.03602779787854073,0.00326715355749245,0.00326715355749245,18698,19859
11002,14004,2014,2015,-0.06523591768356612,-0.04549548233635854,0.019740435347207583,0.019740435347207583,10952,11641
11002,14005,2014,2015,0.026751198563740003,0.031937395146216435,0.005186196582476432,0.005186196582476432,13179,11042
11002,14006,2014,2015,-0.0349612979584801,-0.03436281139468139,0.0005984865637987113,0.0005984865637987113,30803,31204
11002,14007,2014,2015,0.021552405025650763,0.00587035743280912,-0.01568204759284164,0.01568204759284164,8355,5126
11002,15001,2014,2015,-0.024804605670235083,-0.03377089652495662,-0.008966290854721538,0.008966290854721538,47359,42894
11002,15002,2014,2015,-0.006295356213634642,-0.016579060098106557,-0.010283703884471914,0.010283703884471914,66557,64374
11002,15003,2014,2015,-0.01887679367850626,-0.027745091134636996,-0.008868297456130735,0.008868297456130735,13355,10956
11002,15004,2014,2015,0.017902596299887236,-0.008360882206655967,-0.026263478506543203,0.026263478506543203,25154,28528
11002,15005,2014,2015,-0.01143707236873166,-0.021306213965330178,-0.009869141596598519,0.009869141596598519,2887,1598
11002,15006,2014,2015,-0.017292670190158007,-0.03558469518806611,-0.018292024997908104,0.018292024997908104,16896,11701
11002,15007,2014,2015,-0.027632296870290354,-0.0361005557882101,-0.008468258917919746,0.008468258917919746,2979,948
11002,16001,2014,2015,-0.05769148760881483,-0.017629478598075173,0.040062009010739655,0.040062009010739655,7825,7725
11002,16002,2014,2015,0.03037788651611638,-0.0008790730969911516,-0.03125695961310753,0.03125695961310753,14032,20899
11002,16003,2014,2015,-0.06805133591779618,-0.06957250404999776,-0.0015211681322015863,0.0015211681322015863,3736,2452
11002,16004,2014,2015,-0.026602915975575465,-0.0340304648870907,-0.007427548911515237,0.007427548911515237,4212,2232
11003,11004,2014,2015,-0.269920490656786,-0.3528943671578566,-0.08297387650107058,0.08297387650107058,2061,2243
11003,11005,2014,2015,-0.487575721285812,-0.5025520984838967,-0.0149763771980847,0.0149763771980847,1050,1307
11003,11006,2014,2015,-0.009240752421472535,-0.006931603921782716,0.0023091484996898195,0.0023091484996898195,6733,9108
11003,11007,2014,2015,-0.2735165838828233,-0.2938119000406976,-0.020295316157874332,0.020295316157874332,166,113
11003,11008,2014,2015,-0.32101470494152845,-0.30779543224702244,0.013219272694506012,0.013219272694506012,2288,1841
11003,12001,2014,2015,0.03850489528928514,0.030582784238074746,-0.007922111051210396,0.007922111051210396,36334,36762
11003,12002,2014,2015,0.03988296081698314,0.05616194679586135,0.01627898597887821,0.01627898597887821,4520,6741
11003,12003,2014,2015,0.04456755948499734,0.05201285260831992,0.00744529312332258,0.00744529312332258,35948,54468
11003,12004,2014,2015,0.13200374661739986,0.12492136870092947,-0.0070823779164703865,0.0070823779164703865,23421,21244
11003,12005,2014,2015,0.019529787485339466,0.011600991306341773,-0.007928796178997694,0.007928796178997694,393,54
11003,13001,2014,2015,-0.09436139101664011,-0.10862811167874313,-0.014266720662103022,0.014266720662103022,22734,26100
11003,13002,2014,2015,0.18437715934326415,0.17617807595962376,-0.008199083383640393,0.008199083383640393,34324,41974
11003,13003,2014,2015,0.0352168304096414,0.06214918838204733,0.02693235797240593,0.02693235797240593,16837,30530
11003,13004,2014,2015,-0.10802255390515615,-0.1459684287351946,-0.03794587483003846,0.03794587483003846,14351,11986
11003,13005,2014,2015,-0.004872764774653599,-0.008564399852473613,-0.003691635077820014,0.003691635077820014,13085,9153
11003,14001,2014,2015,-0.04584018999506863,-0.04900929019806677,-0.00316910020299814,0.00316910020299814,20444,27483
11003,14002,2014,2015,-0.0657915676622826,-0.07227136623561066,-0.0064797985733280605,0.0064797985733280605,3830,3597
11003,14003,2014,2015,0.025767653541304354,0.01457527150031017,-0.011192382040994183,0.011192382040994183,13769,16980
11003,14004,2014,2015,0.12487422053509922,0.1244584662091127,-0.00041575432598651985,0.00041575432598651985,17238,19670
11003,14005,2014,2015,-0.1094062584019695,-0.10990755938346686,-0.0005013009814973518,0.0005013009814973518,5161,5284
11003,14006,2014,2015,-0.01857544305392874,-0.006053806595734894,0.012521636458193847,0.012521636458193847,24210,31184
11003,14007,2014,2015,-0.01846206561778425,0.004075230354823379,0.02253729597260763,0.02253729597260763,5191,4669
11003,15001,2014,2015,-0.030010787455182538,-0.044397842086141025,-0.014387054630958487,0.014387054630958487,34671,38090
11003,15002,2014,2015,-0.03397470221190253,-0.03984439134614248,-0.00586968913423995,0.00586968913423995,46110,55769
11003,15003,2014,2015,-0.020467226593193822,-0.014926448558825136,0.005540778034368686,0.005540778034368686,9886,10590
11003,15004,2014,2015,0.05489985492450665,0.035392053556015615,-0.019507801368491035,0.019507801368491035,21540,29922
11003,15005,2014,2015,-0.019332494222576522,-0.0493000041953894,-0.02996750997281288,0.02996750997281288,2058,1226
11003,15006,2014,2015,-0.001804935441323111,0.002703699936901433,0.004508635378224544,0.004508635378224544,13420,12506
11003,15007,2014,2015,0.0006380884719628194,0.008729015823177196,0.008090927351214377,0.008090927351214377,2609,1162
11003,16001,2014,2015,0.04555469277624697,0.05334056107257893,0.00778586829633196,0.00778586829633196,9296,9572
11003,16002,2014,2015,0.002621004509726514,0.007785837775200641,0.005164833265474127,0.005164833265474127,9435,19773
11003,16003,2014,2015,0.17974058062744083,0.1573507841517438,-0.022389796475697027,0.022389796475697027,8862,6736
11003,16004,2014,2015,-0.04943246839617418,-0.08304219899081382,-0.03360973059463964,0.03360973059463964,2748,1506
11004,11005,2014,2015,-0.3498574567700171,-0.41086566166070654,-0.06100820489068942,0.06100820489068942,2493,1869
11004,11006,2014,2015,0.06831724882599977,0.05841462649487071,-0.009902622331129055,0.009902622331129055,6888,8458
11004,11007,2014,2015,-0.13386767798855065,-0.1495174601153993,-0.015649782126848644,0.015649782126848644,434,321
11004,11008,2014,2015,-0.2516816788272182,-0.26199706061135447,-0.010315381784136268,0.010315381784136268,2481,1635
11004,12001,2014,2015,-0.03253120104103805,-0.02090538679045293,0.01162581425058512,0.01162581425058512,20529,22078
11004,12002,2014,2015,0.055166846489395606,0.09723211823281021,0.0420652717434146,0.0420652717434146,3528,5782
11004,12003,2014,2015,0.05506356728987419,0.047496464764904545,-0.007567102524969643,0.007567102524969643,26858,38446
11004,12004,2014,2015,0.17515215491625855,0.1552004396341837,-0.019951715282074844,0.019951715282074844,19912,17082
11004,12005,2014,2015,0.06350415795419696,-0.01598734005299452,-0.07949149800719149,0.07949149800719149,390,29
11004,13001,2014,2015,-0.0319949068776114,-0.054957690651938416,-0.02296278377432702,0.02296278377432702,20026,21480
11004,13002,2014,2015,-0.041166862993854095,-0.06961900870198368,-0.02845214570812958,0.02845214570812958,11738,14100
11004,13003,2014,2015,0.26587248249989975,0.26154355210848856,-0.00432893039141119,0.00432893039141119,25600,37096
11004,13004,2014,2015,-0.1967518974331516,-0.2217281717515518,-0.024976274318400188,0.024976274318400188,6095,5182
11004,13005,2014,2015,-0.024158096683347865,-0.021066503779530003,0.0030915929038178615,0.0030915929038178615,8537,6042
11004,14001,2014,2015,-0.016245463302771823,-0.00013438830760543335,0.01611107499516639,0.01611107499516639,16127,22460
11004,14002,2014,2015,-0.05979831912870718,-0.06104191820424469,-0.0012435990755375118,0.0012435990755375118,2761,2624
11004,14003,2014,2015,-0.008702287585502998,-0.03678136923044581,-0.028079081644942813,0.028079081644942813,8518,9708
11004,14004,2014,2015,-0.07573995077961966,-0.0870892044894525,-0.011349253709832835,0.011349253709832835,5296,6005
11004,14005,2014,2015,-0.05312026896105659,-0.03588230676309087,0.017237962197965716,0.017237962197965716,4842,5276
11004,14006,2014,2015,0.05053569364500423,0.06100290083744011,0.010467207192435879,0.010467207192435879,21934,26979
11004,14007,2014,2015,0.040737591833321464,0.08598540375292693,0.04524781191960547,0.04524781191960547,4965,4872
11004,15001,2014,2015,0.025782864134323596,0.03682005288461802,0.01103718875029442,0.01103718875029442,29401,33678
11004,15002,2014,2015,0.026953118308112173,0.03342004406454531,0.006466925756433137,0.006466925756433137,39043,46957
11004,15003,2014,2015,-0.010350403386387883,-0.01602899446079206,-0.005678591074404176,0.005678591074404176,7333,7357
11004,15004,2014,2015,0.13427980218910082,0.14136468922766932,0.007084887038568494,0.007084887038568494,20440,29067
11004,15005,2014,2015,-0.09669732096239739,-0.10903055221411605,-0.01233323125171866,0.01233323125171866,855,543
11004,15006,2014,2015,-0.02654427905306798,-0.04304493520437318,-0.016500656151305197,0.016500656151305197,8557,7170
11004,15007,2014,2015,0.006696823519344309,-0.0008053818024962527,-0.007502205321840562,0.007502205321840562,1927,768
11004,16001,2014,2015,-0.16851363575634992,-0.18082335735022506,-0.01230972159387514,0.01230972159387514,2010,1888
11004,16002,2014,2015,0.06642939949964025,0.07065166934035166,0.004222269840711418,0.004222269840711418,8905,17389
11004,16003,2014,2015,0.05495630298770432,-0.001016897350289194,-0.055973200337993516,0.055973200337993516,3813,2309
11004,16004,2014,2015,-0.10342264894986837,-0.14786828427758583,-0.04444563532771746,0.04444563532771746,1345,629
11005,11006,2014,2015,-0.2930728486639486,-0.22820699793316743,0.06486585073078119,0.06486585073078119,2373,3607
11005,11007,2014,2015,-0.35460424539048213,-0.34362499929305984,0.01097924609742229,0.01097924609742229,145,82
11005,11008,2014,2015,-0.4294619181938607,-0.3531407919324525,0.07632112626140819,0.07632112626140819,2162,1716
11005,12001,2014,2015,0.124831536051268,0.11926461330958348,-0.005566922741684521,0.005566922741684521,77497,55870
11005,12002,2014,2015,0.044367168856181846,-0.0021969729173279984,-0.04656414177350984,0.04656414177350984,8151,6441
11005,12003,2014,2015,0.11041592124423542,0.09845949808268957,-0.011956423161545854,0.011956423161545854,73309,73625
11005,12004,2014,2015,-0.05855143741020765,-0.11277306277057665,-0.054221625360369,0.054221625360369,21916,11014
11005,12005,2014,2015,-0.08094707611767092,-0.037633778021350664,0.04331329809632026,0.04331329809632026,329,42
11005,13001,2014,2015,-0.0018845161154944176,0.04034143605198614,0.042225952167480554,0.042225952167480554,56795,50644
11005,13002,2014,2015,-0.032861226150793475,-0.041953246464549905,-0.00909202031375643,0.00909202031375643,31885,28576
11005,13003,2014,2015,-0.3255173708855128,-0.3262480814423948,-0.0007307105568820083,0.0007307105568820083,5400,7455
11005,13004,2014,2015,0.19283433637768296,0.24635463476743888,0.053520298389755916,0.053520298389755916,63569,49395
11005,13005,2014,2015,0.018145053890289035,0.018079587184839457,-6.546670544957736e-05,6.546670544957736e-05,25657,12663
11005,14001,2014,2015,0.030204567849887152,0.048081379411721414,0.017876811561834263,0.017876811561834263,47335,45157
11005,14002,2014,2015,0.05581408568661552,0.07107529089294166,0.015261205206326144,0.015261205206326144,12296,8781
11005,14003,2014,2015,-0.0026512117685899405,0.007797124269715989,0.01044833603830593,0.01044833603830593,22283,20582
11005,14004,2014,2015,-0.012379279656453237,-0.0279706365452703,-0.015591356888817064,0.015591356888817064,18669,14340
11005,14005,2014,2015,0.03384327355483041,0.027747340918148917,-0.006095932636681494,0.006095932636681494,18191,12364
11005,14006,2014,2015,-0.026701698564104762,-0.038554783646322005,-0.011853085082217243,0.011853085082217243,43275,35373
11005,14007,2014,2015,-0.10567047901291592,-0.12424696910316718,-0.018576490090251266,0.018576490090251266,6219,2928
11005,15001,2014,2015,-0.010031359041366253,-0.026470609449351885,-0.016439250407985634,0.016439250407985634,67115,50171
11005,15002,2014,2015,-0.019860871258584756,-0.0008450541851026672,0.01901581707348209,0.01901581707348209,87866,76212
11005,15003,2014,2015,0.013076501045947696,-0.009591282953941625,-0.02266778399988932,0.02266778399988932,20469,13493
11005,15004,2014,2015,-0.10102623205475346,-0.12367719684195182,-0.022650964787198358,0.022650964787198358,22609,22155
11005,15005,2014,2015,-0.002298664296757278,0.0034898291278540805,0.005788493424611359,0.005788493424611359,4122,2114
11005,15006,2014,2015,-0.05326775869757019,-0.04128621405849123,0.01198154463907896,0.01198154463907896,20203,13130
11005,15007,2014,2015,-0.0629780858660479,-0.052231907001761606,0.010746178864286297,0.010746178864286297,3351,977
11005,16001,2014,2015,0.09036449406386039,0.08439926736661285,-0.0059652266972475415,0.0059652266972475415,19159,13190
11005,16002,2014,2015,-0.022762064497684007,-0.03480023252785007,-0.012038168030166062,0.012038168030166062,15460,21297
11005,16003,2014,2015,-0.10696729813290234,-0.11665777403348263,-0.009690475900580281,0.009690475900580281,4176,2123
11005,16004,2014,2015,0.07351962201506401,0.10272580755375776,0.029206185538693752,0.029206185538693752,9049,5058
11006,11007,2014,2015,-0.04701086440917583,-0.03332817009348037,0.013682694315695458,0.013682694315695458,587,450
11006,11008,2014,2015,-0.1614837398531772,-0.12149804248030432,0.039985697372872886,0.039985697372872886,2986,2253
11006,12001,2014,2015,-0.0362310743740385,-0.05055155822709995,-0.014320483853061457,0.014320483853061457,13975,11123
11006,12002,2014,2015,-0.01486735230156552,-0.05612338540211031,-0.04125603310054479,0.04125603310054479,1680,1508
11006,12003,2014,2015,0.02594936149417581,0.020707524259891415,-0.005241837234284393,0.005241837234284393,17261,20810
11006,12004,2014,2015,-0.033650928900495355,0.006442881364517577,0.040093810265012936,0.040093810265012936,6316,5807
11006,12005,2014,2015,-0.0014567677093380305,0.032011803984681265,0.033468571694019296,0.033468571694019296,167,27
11006,13001,2014,2015,0.04883483040021067,0.04518889705986051,-0.0036459333403501618,0.0036459333403501618,18792,17474
11006,13002,2014,2015,-0.07296852838270299,-0.046510569236575997,0.02645795914612699,0.02645795914612699,6928,8660
11006,13003,2014,2015,0.010439916237764304,0.00939085130879646,-0.0010490649289678442,0.0010490649289678442,7704,10632
11006,13004,2014,2015,-0.033941762887076676,-0.04909287799059795,-0.015151115103521275,0.015151115103521275,9432,6907
11006,13005,2014,2015,0.022759218712563922,0.03171198782925128,0.00895276911668736,0.00895276911668736,7382,4483
11006,14001,2014,2015,0.011890215042782943,0.013167986836252962,0.0012777717934700193,0.0012777717934700193,12595,13603
11006,14002,2014,2015,0.018397218949485657,0.016651182864769857,-0.0017460360847157998,0.0017460360847157998,2983,2314
11006,14003,2014,2015,0.03906290953880034,0.03567182488992844,-0.0033910846488718963,0.0033910846488718963,7410,7617
11006,14004,2014,2015,-0.10396935433764679,-0.0881429058205421,0.015826448517104685,0.015826448517104685,3043,3260
11006,14005,2014,2015,0.03541860677783826,0.03038832653604983,-0.005030280241788428,0.005030280241788428,5265,4194
11006,14006,2014,2015,-0.04148003490650137,-0.028904122014454248,0.012575912892047125,0.012575912892047125,10790,11434
11006,14007,2014,2015,0.025240483296946604,0.02139439962098615,-0.0038460836759604544,0.0038460836759604544,3249,2089
11006,15001,2014,2015,0.011296706238992362,0.021824948063005185,0.010528241824012822,0.010528241824012822,19719,18799
11006,15002,2014,2015,-0.021413554401429672,-0.012626199485865092,0.00878735491556458,0.00878735491556458,23445,23804
11006,15003,2014,2015,-0.02499908189713103,-0.025299020323267602,-0.00029993842613657354,0.00029993842613657354,4743,4003
11006,15004,2014,2015,-0.02398340678530408,-0.02319784936075531,0.0007855574245487704,0.0007855574245487704,7936,9869
11006,15005,2014,2015,-0.001724269235057724,-0.014736124290144507,-0.013011855055086783,0.013011855055086783,1136,608
11006,15006,2014,2015,-0.008601172607002723,0.005693797835919272,0.014294970442921995,0.014294970442921995,6467,5139
11006,15007,2014,2015,-0.02043417375342597,-0.015050827992462585,0.0053833457609633855,0.0053833457609633855,1135,398
11006,16001,2014,2015,-0.09322854939644824,-0.06897807152866592,0.024250477867782325,0.024250477867782325,2211,2092
11006,16002,2014,2015,-0.03462276111176143,-0.023959879730942355,0.010662881380819073,0.010662881380819073,3877,6987
11006,16003,2014,2015,-0.12803500017652722,-0.1289555945120841,-0.0009205943355568846,0.0009205943355568846,840,539
11006,16004,2014,2015,-0.009930265813356725,-0.032927280081460536,-0.022997014268103813,0.022997014268103813,1699,806
11007,11008,2014,2015,-0.27473213963668486,-0.21580525099416278,0.058926888642522074,0.058926888642522074,171,103
11007,12001,2014,2015,-0.09349696891444859,-0.07331270307892032,0.020184265835528264,0.020184265835528264,2195,1311
11007,12002,2014,2015,-0.03610308605650345,-0.028366370434481748,0.0077367156220217,0.0077367156220217,326,256
11007,12003,2014,2015,0.09483680504569564,0.058181313710989675,-0.03665549133470596,0.03665549133470596,5803,3933
11007,12004,2014,2015,0.09186769439098458,0.08584987564611858,-0.0060178187448659964,0.0060178187448659964,2886,1433
11007,13001,2014,2015,-0.012271804687972784,-0.004065057676237472,0.008206747011735311,0.008206747011735311,3447,2196
11007,13002,2014,2015,-0.018886090331322606,-0.0248138566111893,-0.005927766279866693,0.005927766279866693,2040,1371
11007,13003,2014,2015,0.0868011015936883,0.03165473193927303,-0.055146369654415266,0.055146369654415266,2790,1858
11007,13004,2014,2015,-0.027530537621154313,0.004329013057704732,0.031859550678859046,0.031859550678859046,2182,1336
11007,13005,2014,2015,-0.019964802615214106,-0.012067359381271958,0.007897443233942147,0.007897443233942147,1374,532
11007,14001,2014,2015,0.002034591419032616,0.0020136544325677457,-2.0936986464870338e-05,2.0936986464870338e-05,2843,1977
11007,14002,2014,2015,-0.002590071455161609,0.006710407015183827,0.009300478470345437,0.009300478470345437,620,335
11007,14003,2014,2015,0.03235113017425143,0.012033882834004212,-0.02031724734024722,0.02031724734024722,1763,1062
11007,14004,2014,2015,-0.006342052859002516,-0.0013255918425418517,0.005016461016460664,0.005016461016460664,1210,775
11007,14005,2014,2015,-0.012818758507528727,-0.01334005340018345,-0.000521294892654723,0.000521294892654723,951,495
11007,14006,2014,2015,-0.0210454856096163,-0.008682030175319619,0.012363455434296683,0.012363455434296683,2675,1843
11007,14007,2014,2015,0.01635964089650232,0.012810911398635303,-0.0035487294978670154,0.0035487294978670154,743,308
11007,15001,2014,2015,0.013878303182268195,0.021572221940511775,0.00769391875824358,0.00769391875824358,4755,2953
11007,15002,2014,2015,0.0010804275349421126,-0.009601863912121384,-0.010682291447063497,0.010682291447063497,5942,3566
11007,15003,2014,2015,-0.0027650479056067372,-0.0010614068496857035,0.0017036410559210337,0.0017036410559210337,1238,682
11007,15004,2014,2015,0.04232886861872524,0.015351216228296296,-0.026977652390428947,0.026977652390428947,2629,1795
11007,15005,2014,2015,-0.022122404217242417,0.026150335383202418,0.048272739600444835,0.048272739600444835,225,127
11007,15006,2014,2015,0.011535245858089056,0.015521907438022965,0.003986661579933909,0.003986661579933909,1692,837
11007,15007,2014,2015,0.002767262871435011,0.05378256370295165,0.05101530083151663,0.05101530083151663,310,107
11007,16001,2014,2015,-0.02065099043469735,-0.008165269910674535,0.012485720524022813,0.012485720524022813,772,441
11007,16002,2014,2015,0.03816477769434241,0.022762696355959667,-0.01540208133838274,0.01540208133838274,1383,1351
11007,16003,2014,2015,0.006564293650931118,0.006079819629745901,-0.00048447402118521714,0.00048447402118521714,491,212
11007,16004,2014,2015,-0.025042760053160487,-0.018097298959419618,0.006945461093740869,0.006945461093740869,349,130
11008,12001,2014,2015,0.10493236715565052,0.0759620430724753,-0.028970324083175222,0.028970324083175222,44785,20738
11008,12002,2014,2015,0.030436764458803094,0.018342050387208247,-0.012094714071594848,0.012094714071594848,4449,2745
11008,12003,2014,2015,0.020805248797937177,0.012635893699684249,-0.008169355098252928,0.008169355098252928,34572,23770
11008,12004,2014,2015,0.004831984395045085,0.009917622671943356,0.005085638276898271,0.005085638276898271,15640,6928
11008,12005,2014,2015,0.10166953721975684,0.07524478375951892,-0.026424753460237926,0.026424753460237926,709,47
11008,13001,2014,2015,-0.054478586156451514,-0.0411510153065146,0.013327570849936916,0.013327570849936916,27215,15009
11008,13002,2014,2015,0.09860052055044742,0.10769998045920143,0.009099459908754007,0.009099459908754007,27826,18158
11008,13003,2014,2015,-0.09923373881557468,-0.08139738525783184,0.017836353557742837,0.017836353557742837,9935,8489
11008,13004,2014,2015,-0.002592134040922775,-0.024712027797432,-0.022119893756509225,0.022119893756509225,22444,9125
11008,13005,2014,2015,0.0600571201793664,0.06732000526022174,0.007262885080855333,0.007262885080855333,17249,6150
11008,14001,2014,2015,-0.018880767890733664,-0.023492942239756676,-0.004612174349023012,0.004612174349023012,23296,13915
11008,14002,2014,2015,-0.0199232223710503,-0.022149599197104262,-0.0022263768260539635,0.0022263768260539635,5058,2188
11008,14003,2014,2015,0.003644146835307888,0.0006254089895711328,-0.0030187378457367554,0.0030187378457367554,13020,7678
11008,14004,2014,2015,0.096813097439754,0.1036837692343797,0.006870671794625707,0.006870671794625707,16122,9394
11008,14005,2014,2015,-0.04628826525318789,-0.050171797066556986,-0.003883531813369097,0.003883531813369097,7405,3257
11008,14006,2014,2015,-0.026038274338583224,-0.011553953399689022,0.014484320938894202,0.014484320938894202,24367,14448
11008,14007,2014,2015,0.018255611108274804,-0.024076090638084857,-0.04233170174635966,0.04233170174635966,6401,1892
11008,15001,2014,2015,-0.025768375620441982,-0.02659632374343859,-0.0008279481229966079,0.0008279481229966079,36297,18663
11008,15002,2014,2015,-0.013125255313839422,-0.02150810222635206,-0.008382846912512638,0.008382846912512638,50478,27273
11008,15003,2014,2015,0.0008145178560282634,-0.005642361775192063,-0.0064568796312203264,0.0064568796312203264,11182,5205
11008,15004,2014,2015,-0.027685752210064744,-0.036788550413612994,-0.00910279820354825,0.00910279820354825,16498,11015
11008,15005,2014,2015,0.0033762603155512174,-0.0064985998700543045,-0.009874860185605521,0.009874860185605521,2426,758
11008,15006,2014,2015,-0.00538492459510708,0.016152176564129893,0.021537101159236974,0.021537101159236974,13657,6332
11008,15007,2014,2015,0.05630074087750374,0.03658345124782432,-0.01971728962967942,0.01971728962967942,3618,671
11008,16001,2014,2015,0.10752700060826123,0.09707200686349987,-0.01045499374476136,0.01045499374476136,12212,5736
11008,16002,2014,2015,-0.03488570184994261,-0.053388896955070764,-0.018503195105128156,0.018503195105128156,8234,7213
11008,16003,2014,2015,0.0566036185132867,0.07141376820745714,0.014810149694170438,0.014810149694170438,5461,2341
11008,16004,2014,2015,0.025126390649006895,0.007401598535864674,-0.01772479211314222,0.01772479211314222,4254,1235
12001,12002,2014,2015,-0.4448139173991868,-0.45686512570907334,-0.01205120830988654,0.01205120830988654,238,188
12001,12003,2014,2015,-0.621181796410952,-0.6309138886001627,-0.009732092189210784,0.009732092189210784,1618,1676
12001,12004,2014,2015,-0.5322822115171468,-0.49627246079463383,0.036009750722513,0.036009750722513,1044,699
12001,12005,2014,2015,-0.32462508927488853,-0.2255814975553608,0.09904359171952773,0.09904359171952773,29,5
12001,13001,2014,2015,-0.02782669172340715,0.004850200300047996,0.03267689202345515,0.03267689202345515,67720,54119
12001,13002,2014,2015,0.03971329159267959,0.015604573760004601,-0.02410871783267499,0.02410871783267499,49847,39640
12001,13003,2014,2015,-0.10908515979436688,-0.09124009341493693,0.017845066379429952,0.017845066379429952,23217,27724
12001,13004,2014,2015,0.0806573310392659,0.09209474368804416,0.011437412648778261,0.011437412648778261,61453,39859
12001,13005,2014,2015,-0.0008627662188389922,-0.019413394786674365,-0.018550628567835372,0.018550628567835372,30527,12789
12001,14001,2014,2015,0.01428795477007079,0.02340618965482671,0.00911823488475592,0.00911823488475592,57298,49352
12001,14002,2014,2015,0.008849943228441662,0.033278626247264236,0.024428683018822575,0.024428683018822575,12863,8736
12001,14003,2014,2015,-0.026780068999299536,-0.012079979825240264,0.014700089174059272,0.014700089174059272,26079,22496
12001,14004,2014,2015,0.044778178986088414,0.024152800139015943,-0.02062537884707247,0.02062537884707247,28634,20214
12001,14005,2014,2015,0.03288434944964594,0.0555210887702266,0.022636739320580662,0.022636739320580662,22811,15879
12001,14006,2014,2015,-0.0345919997186138,-0.052266680653231645,-0.017674680934617847,0.017674680934617847,54070,39989
12001,14007,2014,2015,-0.03159786579466759,-0.04462910491306103,-0.013031239118393441,0.013031239118393441,11441,5382
12001,15001,2014,2015,0.005637862112852985,-0.004226044898731011,-0.009863907011583996,0.009863907011583996,88197,62032
12001,15002,2014,2015,0.0043887422756014255,0.007587868844724077,0.003199126569122652,0.003199126569122652,117121,90498
12001,15003,2014,2015,0.0063217802652714055,-0.012941734562027006,-0.019263514827298413,0.019263514827298413,25298,15591
12001,15004,2014,2015,-0.06941431623714979,-0.07201515471362101,-0.002600838476471218,0.002600838476471218,32832,31528
12001,15005,2014,2015,0.02374778321034189,0.022696979724769056,-0.0010508034855728349,0.0010508034855728349,5929,2738
12001,15006,2014,2015,0.048805503629526716,0.06271898699101432,0.013913483361487601,0.013913483361487601,35919,22156
12001,15007,2014,2015,0.011785247185104153,0.005145613477564819,-0.006639633707539334,0.006639633707539334,6307,1648
12001,16001,2014,2015,0.03981788292428071,0.016131595652993748,-0.023686287271286965,0.023686287271286965,20166,11870
12001,16002,2014,2015,-0.07973964176563958,-0.10060456330650708,-0.020864921540867498,0.020864921540867498,15759,19787
12001,16003,2014,2015,-0.00992607669208005,-0.02098955051994822,-0.011063473827868169,0.011063473827868169,8804,4332
12001,16004,2014,2015,0.07119761053033255,0.05353067919987947,-0.01766693133045308,0.01766693133045308,11186,4684
12002,12003,2014,2015,-0.4465790915423922,-0.4736596280743279,-0.02708053653193565,0.02708053653193565,220,284
12002,12004,2014,2015,-0.4009392285987886,-0.39707841131447624,0.003860817284312368,0.003860817284312368,117,97
12002,13001,2014,2015,-0.08310872645893819,-0.09684500383652593,-0.013736277377587744,0.013736277377587744,5494,5225
12002,13002,2014,2015,0.05792206878810596,0.04310802639854458,-0.014814042389561383,0.014814042389561383,6703,7139
12002,13003,2014,2015,0.05331415750590852,0.0907536369072407,0.03743947940133218,0.03743947940133218,5028,8428
12002,13004,2014,2015,-0.0018028604035351273,-0.026365790284030403,-0.024562929880495275,0.024562929880495275,5688,4211
12002,13005,2014,2015,0.009354658340327065,-0.006060634921436587,-0.015415293261763652,0.015415293261763652,3667,2066
12002,14001,2014,2015,0.0059293452052707925,0.0006930396978890319,-0.005236305507381761,0.005236305507381761,6478,7237
12002,14002,2014,2015,-0.020693283061053582,-0.04857944831709594,-0.027886165256042355,0.027886165256042355,1240,854
12002,14003,2014,2015,0.07043046045006526,0.03680819645478049,-0.03362226399528477,0.03362226399528477,4642,4358
12002,14004,2014,2015,-0.0037032819844776193,-0.00948558447278405,-0.0057823024883064305,0.0057823024883064305,2766,2742
12002,14005,2014,2015,-0.043440217627657055,-0.04153321789568361,0.0019069997319734466,0.0019069997319734466,1787,1568
12002,14006,2014,2015,-0.04121022581196691,-0.007602561083705878,0.03360766472826103,0.03360766472826103,5515,6916
12002,14007,2014,2015,0.026457203366784754,0.08300133417383133,0.05654413080704658,0.05654413080704658,1745,1684
12002,15001,2014,2015,-0.03038437738993633,-0.014554715492124564,0.015829661897811764,0.015829661897811764,8684,9137
12002,15002,2014,2015,-0.021274650408560768,0.01727867910611656,0.038553329514677326,0.038553329514677326,12140,14755
12002,15003,2014,2015,-0.00870609736573508,0.007432373730713858,0.01613847109644894,0.01613847109644894,2689,2641
12002,15004,2014,2015,0.010294319975701696,0.022047303411873477,0.01175298343617178,0.01175298343617178,4888,6694
12002,15005,2014,2015,0.029712353874100466,0.0005346485896949706,-0.029177705284405494,0.029177705284405494,740,377
12002,15006,2014,2015,0.018573484446435026,0.009218605038587019,-0.009354879407848007,0.009354879407848007,3896,2930
12002,15007,2014,2015,-0.00902598284864226,-0.021957638518369554,-0.012931655669727293,0.012931655669727293,638,208
12002,16001,2014,2015,0.048523693565099967,0.012749275676988994,-0.035774417888110976,0.035774417888110976,2619,1860
12002,16002,2014,2015,0.04924037654910228,0.02826292782562192,-0.020977448723480358,0.020977448723480358,3188,4972
12002,16003,2014,2015,-0.0730616929128741,-0.07808929455748913,-0.0050276016446150346,0.0050276016446150346,626,422
12002,16004,2014,2015,0.04172109356029517,-0.008976359248355693,-0.050697452808650866,0.050697452808650866,1236,525
12003,12004,2014,2015,-0.5394965773261935,-0.5439483110536373,-0.004451733727443785,0.004451733727443785,884,746
12003,12005,2014,2015,-0.3031428208917813,-0.20893273164758425,0.09421008924419705,0.09421008924419705,38,10
12003,13001,2014,2015,0.09293411710576603,0.07184226401847875,-0.021091853087287282,0.021091853087287282,85739,87605
12003,13002,2014,2015,-0.028947770038378385,0.001967402172143012,0.030915172210521397,0.030915172210521397,40001,54320
12003,13003,2014,2015,-0.059500246042609825,-0.03361942751581154,0.025880818526798285,0.025880818526798285,26991,48076
12003,13004,2014,2015,-0.09746134530481794,-0.09470052838821727,0.0027608169166006696,0.0027608169166006696,36497,33444
12003,13005,2014,2015,0.06866727231953237,0.06739936438065447,-0.0012679079388779046,0.0012679079388779046,36515,24405
12003,14001,2014,2015,-0.012271025129912252,-0.00913171770982505,0.003139307420087202,0.003139307420087202,51941,64869
12003,14002,2014,2015,0.03752365162840227,0.0166026049677593,-0.020921046660642973,0.020921046660642973,13981,11530
12003,14003,2014,2015,0.04051806980580774,0.028673757714559975,-0.011844312091247762,0.011844312091247762,31452,36157
12003,14004,2014,2015,-0.07088879856000807,-0.04388264971670633,0.02700614884330174,0.02700614884330174,18537,22928
12003,14005,2014,2015,-0.010115556448401333,-0.03181189883374643,-0.021696342385345097,0.021696342385345097,19049,16436
12003,14006,2014,2015,0.03287428010623819,0.04242540149192478,0.00955112138568659,0.00955112138568659,62297,71955
12003,14007,2014,2015,-0.024434012720556175,-0.027270786493089793,-0.0028367737725336177,0.0028367737725336177,11446,8421
12003,15001,2014,2015,-0.03280011675872967,-0.03299618194636953,-0.0001960651876398642,0.0001960651876398642,78666,83466
12003,15002,2014,2015,-0.017531586140391957,-0.019211890531850153,-0.0016803043914581962,0.0016803043914581962,109125,123086
12003,15003,2014,2015,0.006275587641131815,-0.011716193140305553,-0.01799178078143737,0.01799178078143737,24567,22389
12003,15004,2014,2015,0.03763488374957702,0.025780004497586412,-0.011854879251990608,0.011854879251990608,43955,59074
12003,15005,2014,2015,-0.05385107395583647,-0.06844436030459823,-0.01459328634876176,0.01459328634876176,3873,2354
12003,15006,2014,2015,-0.12148696036583584,-0.10767891235990222,0.013808048005933618,0.013808048005933618,19374,17432
12003,15007,2014,2015,-0.05478981621308751,-0.042903879263157765,0.011885936949929746,0.011885936949929746,4375,1770
12003,16001,2014,2015,0.02182849662250161,0.02586113768681671,0.004032641064315102,0.004032641064315102,18395,17387
12003,16002,2014,2015,0.05327865943004463,0.05097374032631752,-0.0023049191037271127,0.0023049191037271127,24879,45483
12003,16003,2014,2015,-0.03544399778847696,-0.03361987425034099,0.0018241235381359702,0.0018241235381359702,7598,5851
12003,16004,2014,2015,-0.061581328182408114,-0.041158877139211784,0.02042245104319633,0.02042245104319633,6002,4180
12004,13001,2014,2015,-0.1811621357126596,-0.20960450431716024,-0.02844236860450064,0.02844236860450064,16782,9145
12004,13002,2014,2015,0.10936965363518532,0.09684816702124323,-0.01252148661394209,0.01252148661394209,29269,21718
12004,13003,2014,2015,0.1360549936147208,0.13023238267897408,-0.005822610935746708,0.005822610935746708,24644,23317
12004,13004,2014,2015,0.015264697655984712,0.0027145423433338764,-0.012550155312650836,0.012550155312650836,24358,12940
12004,13005,2014,2015,-0.043032486180531467,-0.03568748629661423,0.007344999883917236,0.007344999883917236,11776,4794
12004,14001,2014,2015,-0.01800861540319018,-0.025492959452588383,-0.007484344049398201,0.007484344049398201,23870,17566
12004,14002,2014,2015,-0.06841817109532586,-0.08757292719554964,-0.019154756100223783,0.019154756100223783,3993,1888
12004,14003,2014,2015,0.002456681207375094,-0.028224904530915158,-0.030681585738290253,0.030681585738290253,13231,8581
12004,14004,2014,2015,0.13149814504336296,0.14207915941436255,0.010581014370999592,0.010581014370999592,18459,13280
12004,14005,2014,2015,-0.09406949024909976,-0.11524483450827305,-0.021175344259173293,0.021175344259173293,5948,2887
12004,14006,2014,2015,-0.06428456634413987,-0.03968650387855568,0.024598062465584193,0.024598062465584193,21684,16525
12004,14007,2014,2015,0.007368095969948232,0.03888648178468416,0.03151838581473593,0.03151838581473593,6209,3368
12004,15001,2014,2015,-0.02744444464018893,-0.03835046261801874,-0.01090601797782981,0.01090601797782981,36894,22823
12004,15002,2014,2015,-0.011027667433272022,-0.02626056513676497,-0.015232897703492948,0.015232897703492948,51849,34180
12004,15003,2014,2015,-0.019155886123386496,-0.018764847615767626,0.00039103850761887035,0.00039103850761887035,10491,6202
12004,15004,2014,2015,0.067376868203826,0.05262640626194751,-0.014750461941878491,0.014750461941878491,23580,19380
12004,15005,2014,2015,-0.02335673990815246,-0.030484963498493094,-0.0071282235903406335,0.0071282235903406335,2120,818
12004,15006,2014,2015,0.000223541796092634,0.011803175828036026,0.011579634031943392,0.011579634031943392,14260,7829
12004,15007,2014,2015,0.024399874783975022,0.048679001187719645,0.024279126403744623,0.024279126403744623,3130,908
12004,16001,2014,2015,0.011035156456386504,-0.008167481069755405,-0.01920263752614191,0.01920263752614191,8437,4423
12004,16002,2014,2015,0.05281638504581895,0.04777355609071046,-0.0050428289551084915,0.0050428289551084915,12204,13867
12004,16003,2014,2015,0.17123691509104538,0.19090113907632464,0.019664223985279256,0.019664223985279256,8977,4988
12004,16004,2014,2015,-0.018823209084475448,-0.04308145301251055,-0.0242582439280351,0.0242582439280351,3451,1137
12005,13001,2014,2015,-0.021307689141790674,0.0016629047769193734,0.022970593918710046,0.022970593918710046,653,78
12005,13002,2014,2015,-0.008787777381051975,0.041280393867948184,0.05006817124900016,0.05006817124900016,440,79
12005,13003,2014,2015,0.029143481510186583,-0.03147181653423353,-0.06061529804442012,0.06061529804442012,440,39
12005,13004,2014,2015,-0.1078692730425614,-0.05698962768455678,0.05087964535800462,0.05087964535800462,220,25
12005,13005,2014,2015,0.1117869645171228,0.034587330417008434,-0.07719963410011438,0.07719963410011438,698,28
12005,14001,2014,2015,-0.026727420084811895,-0.00642983715942351,0.020297582925388385,0.020297582925388385,476,63
12005,14003,2014,2015,-0.0012301312485351013,-0.03325237601393717,-0.032022244765402066,0.032022244765402066,296,24
12005,14004,2014,2015,-0.018233205259340655,0.05463028072152847,0.07286348598086913,0.07286348598086913,224,45
12005,14005,2014,2015,-0.046067776877900424,-0.0652705218425868,-0.01920274496468638,0.01920274496468638,144,9
12005,14006,2014,2015,-0.014217818493085151,0.012178188433699576,0.026396006926784725,0.026396006926784725,560,74
12005,14007,2014,2015,0.16078312155321656,0.00411876095960694,-0.1566643605936096,0.1566643605936096,449,10
12005,15001,2014,2015,-0.007580291309317361,-0.02463241660006041,-0.01705212529074305,0.01705212529074305,868,72
12005,15002,2014,2015,-0.011828043142039326,-0.009630992874006448,0.002197050268032878,0.002197050268032878,1128,118
12005,15003,2014,2015,-0.00875141936363381,-0.006411888727952306,0.0023395306356815042,0.0023395306356815042,242,22
12005,15004,2014,2015,0.014578480253283975,-0.010181381308848075,-0.02475986156213205,0.02475986156213205,475,51
12005,15005,2014,2015,-0.021503263778036057,0.09572187359406968,0.11722513737210574,0.11722513737210574,45,10
12005,15006,2014,2015,0.01007094151344997,0.02168151625194917,0.011610574738499201,0.011610574738499201,351,32
12005,16001,2014,2015,-0.05131849144230992,0.005766159518381977,0.057084650960691895,0.057084650960691895,117,17
12005,16002,2014,2015,0.01861002576367717,0.018764943197992996,0.0001549174343158273,0.0001549174343158273,260,48
12005,16003,2014,2015,0.03826125685568362,0.08577134889565038,0.04751009203996676,0.04751009203996676,134,17
13001,13002,2014,2015,-0.5767743864458926,-0.5781459660631642,-0.0013715796172715233,0.0013715796172715233,939,1022
13001,13003,2014,2015,-0.5584171096421103,-0.5990162228565514,-0.040599113214441096,0.040599113214441096,655,677
13001,13004,2014,2015,-0.6070389301297054,-0.5700776384040747,0.036961291725630785,0.036961291725630785,756,717
13001,13005,2014,2015,-0.5426290365942872,-0.4928625731990744,0.04976646339521279,0.04976646339521279,671,407
13001,14001,2014,2015,0.037202711617000304,0.04186652780921653,0.004663816192216223,0.004663816192216223,59116,56134
13001,14002,2014,2015,0.05526515829450134,0.07605148040838643,0.020786322113885085,0.020786322113885085,14991,11224
13001,14003,2014,2015,-0.05884897599684523,-0.021224246639806148,0.03762472935703908,0.03762472935703908,22647,23850
13001,14004,2014,2015,-0.24131518181044284,-0.23469242326798703,0.006622758542455809,0.006622758542455809,8158,7128
13001,14005,2014,2015,0.1084167284331188,0.1345379449942643,0.026121216561145508,0.026121216561145508,28221,22134
13001,14006,2014,2015,0.07541839608134512,0.039257220462342965,-0.03616117561900216,0.03616117561900216,68888,55362
13001,14007,2014,2015,-0.06076022807493022,-0.08739467361927884,-0.02663444554434862,0.02663444554434862,9782,4743
13001,15001,2014,2015,0.06408392206304052,0.06890576393639256,0.004821841873352037,0.004821841873352037,96672,78789
13001,15002,2014,2015,0.04274672157450043,0.0366423005561123,-0.00610442101838813,0.00610442101838813,122202,103915
13001,15003,2014,2015,0.024883404749193084,0.00783175460575455,-0.017051650143438533,0.017051650143438533,26215,18345
13001,15004,2014,2015,-0.02987922889103706,-0.04628321037011762,-0.01640398147908056,0.01640398147908056,36274,37446
13001,15005,2014,2015,-0.021361033391169616,-0.016532281840439884,0.004828751550729732,0.004828751550729732,4625,2411
13001,15006,2014,2015,0.002890488209779713,-0.003336455226574415,-0.006226943436354128,0.006226943436354128,30493,19401
13001,15007,2014,2015,-0.03398965849366239,-0.02693877456724849,0.007050883926413898,0.007050883926413898,4902,1483
13001,16001,2014,2015,-0.19686799517116035,-0.1864263641369785,0.010441631034181859,0.010441631034181859,6779,4941
13001,16002,2014,2015,-0.034206694672634,-0.05385414135854509,-0.01964744668591109,0.01964744668591109,18383,25727
13001,16003,2014,2015,-0.20374692968675845,-0.21704114494389337,-0.013294215257134923,0.013294215257134923,2907,1399
13001,16004,2014,2015,-0.028147092756367887,-0.011536815570115528,0.01661027718625236,0.01661027718625236,7105,3711
13002,13003,2014,2015,-0.5080767007415218,-0.5411778359190416,-0.03310113517751978,0.03310113517751978,507,758
13002,13004,2014,2015,-0.5535316141064914,-0.5390093390877065,0.014522275018784891,0.014522275018784891,589,538
13002,13005,2014,2015,-0.4799755859983284,-0.45145824310109517,0.028517342897233233,0.028517342897233233,620,379
13002,14001,2014,2015,-0.10976235730298423,-0.10849519700345547,0.0012671602995287523,0.0012671602995287523,22786,25512
13002,14002,2014,2015,-0.12766951469712956,-0.10093609463232872,0.02673342006480084,0.02673342006480084,3831,3484
13002,14003,2014,2015,0.05728632863346157,0.04455525189633917,-0.012731076737122406,0.012731076737122406,21080,21093
13002,14004,2014,2015,0.3518925566706842,0.3119907478775429,-0.03990180879314131,0.03990180879314131,41131,35247
13002,14005,2014,2015,-0.2194916452758129,-0.20370045943298778,0.01579118584282513,0.01579118584282513,3893,3501
13002,14006,2014,2015,-0.08274663880076026,-0.05957646351480899,0.02317017528595127,0.02317017528595127,27191,29853
13002,14007,2014,2015,-0.07766020223462104,-0.04922792253268322,0.028432279701937825,0.028432279701937825,5376,4023
13002,15001,2014,2015,-0.10509473178023122,-0.11473034974422795,-0.009635617963996729,0.009635617963996729,38610,34911
13002,15002,2014,2015,-0.06842128468251005,-0.08047755518030834,-0.012056270497798297,0.012056270497798297,59021,57063
13002,15003,2014,2015,-0.03106733234548424,-0.028472533716306724,0.002594798629177518,0.002594798629177518,13192,11308
13002,15004,2014,2015,-0.014407435893262427,-0.049519865980710016,-0.03511243008744759,0.03511243008744759,23383,25871
13002,15005,2014,2015,0.026146160722516396,-0.008538310017053907,-0.0346844707395703,0.0346844707395703,3665,1785
13002,15006,2014,2015,0.024171713389728306,0.03856333450493685,0.014391621115208541,0.014391621115208541,20401,16043
13002,15007,2014,2015,0.017312744093830577,0.026228381402971266,0.00891563730914069,0.00891563730914069,3939,1452
13002,16001,2014,2015,0.2555152883963195,0.23804572631446902,-0.017469562081850465,0.017469562081850465,24987,19620
13002,16002,2014,2015,-0.11764855258017377,-0.09795211883843442,0.01969643374173935,0.01969643374173935,7539,15068
13002,16003,2014,2015,0.29761061715211373,0.25699283610121126,-0.04061778105090247,0.04061778105090247,16998,10593
13002,16004,2014,2015,-0.05002823409728693,-0.0473051288134735,0.0027231052838134345,0.0027231052838134345,3856,2138
13003,13004,2014,2015,-0.5755083479642257,-0.5901049838702549,-0.01459663590602922,0.01459663590602922,210,207
13003,13005,2014,2015,-0.4874647580205097,-0.4727099645066534,0.014754793513856279,0.014754793513856279,323,265
13003,14001,2014,2015,-0.0031116533972205145,-0.008328021890167108,-0.005216368492946594,0.005216368492946594,24903,34101
13003,14002,2014,2015,-0.09118523552864975,-0.09986772334428068,-0.008682487815630927,0.008682487815630927,3471,3385
13003,14003,2014,2015,0.02827068421946438,-0.013058921719671953,-0.04132960593913634,0.04132960593913634,14509,16775
13003,14004,2014,2015,-0.16714800877533154,-0.11015744532473268,0.05699056345059886,0.05699056345059886,4885,8744
13003,14005,2014,2015,-0.049666519137848954,-0.045646482609993065,0.004020036527855889,0.004020036527855889,7379,7979
13003,14006,2014,2015,0.06419485576592701,0.07115491408204884,0.006960058316121828,0.006960058316121828,32884,41959
13003,14007,2014,2015,0.11853370886784464,0.16576497869925227,0.04723126983140763,0.04723126983140763,9895,9909
13003,15001,2014,2015,0.05008603451702557,0.040724261503994406,-0.009361773013031163,0.009361773013031163,45612,52027
13003,15002,2014,2015,0.05583587179512823,0.03963651493138712,-0.01619935686374111,0.01619935686374111,60800,72900
13003,15003,2014,2015,-0.025616336574142043,-0.023012825932877647,0.0026035106412643956,0.0026035106412643956,10109,11197
13003,15004,2014,2015,0.1621339055625779,0.16957931097831702,0.007445405415739126,0.007445405415739126,30964,45633
13003,15005,2014,2015,-0.10229962203894336,-0.10600166794024421,-0.0037020459013008544,0.0037020459013008544,1256,911
13003,15006,2014,2015,0.024067135471391034,-0.005356011812979147,-0.02942314728437018,0.02942314728437018,15496,13229
13003,15007,2014,2015,0.00635830176311319,0.009231576039731449,0.002873274276618259,0.002873274276618259,2814,1271
13003,16001,2014,2015,-0.28728992006051574,-0.2366869173619826,0.05060300269853313,0.05060300269853313,1288,2203
13003,16002,2014,2015,0.15342384607696305,0.14679847409158503,-0.00662537198537802,0.00662537198537802,17307,32385
13003,16003,2014,2015,-0.05835349383421117,-0.05071215065059222,0.007641343183618948,0.007641343183618948,3043,2743
13003,16004,2014,2015,-0.1131773752732187,-0.1705352826265218,-0.057357907353303095,0.057357907353303095,1933,887
13004,13005,2014,2015,-0.5332231970850393,-0.4700303306416202,0.0631928664434191,0.0631928664434191,355,199
13004,14001,2014,2015,0.053305009919373224,0.06648104275476371,0.01317603283539049,0.01317603283539049,43526,35542
13004,14002,2014,2015,0.08170606599745141,0.07041876575924147,-0.011287300238209938,0.011287300238209938,11786,6596
13004,14003,2014,2015,-0.012274417318567364,-0.01971299528216469,-0.007438577963597327,0.007438577963597327,18474,13727
13004,14004,2014,2015,-0.03192731849878999,-0.028114972705825712,0.0038123457929642793,0.0038123457929642793,14824,10488
13004,14005,2014,2015,0.06138455470778848,0.032614014320209175,-0.028770540387579306,0.028770540387579306,17356,9387
13004,14006,2014,2015,-0.062084720492520326,-0.054159836364893375,0.00792488412762695,0.00792488412762695,33094,24481
13004,14007,2014,2015,-0.10933258800078369,-0.10345536658144198,0.005877221419341702,0.005877221419341702,5144,2363
13004,15001,2014,2015,-0.015079621733562936,-0.012309869509745783,0.0027697522238171526,0.0027697522238171526,56842,38251
13004,15002,2014,2015,-0.02874367209399207,-0.0009747355400606564,0.027768936553931412,0.027768936553931412,73728,56231
13004,15003,2014,2015,0.010934296758553756,0.009110141816318676,-0.0018241549422350796,0.0018241549422350796,17486,10722
13004,15004,2014,2015,-0.08909162224366461,-0.08632393270201474,0.0027676895416498676,0.0027676895416498676,20035,18210
13004,15005,2014,2015,0.05989346545683039,0.07312697344131595,0.013233507984485561,0.013233507984485561,4841,2303
13004,15006,2014,2015,-0.04735796325480255,-0.031942257205796264,0.015415706049006286,0.015415706049006286,17619,9960
13004,15007,2014,2015,-0.04712737875576479,-0.02003225338669225,0.027095125369072538,0.027095125369072538,3126,886
13004,16001,2014,2015,0.07137369186634224,0.08529050975998281,0.013916817893640576,0.013916817893640576,15592,10004
13004,16002,2014,2015,-0.009860318463704448,0.00010731042577554742,0.009967628889479996,0.009967628889479996,13949,17684
13004,16003,2014,2015,-0.1257764753601917,-0.10736961281857052,0.01840686254162119,0.01840686254162119,3142,1603
13004,16004,2014,2015,0.09212103713711779,0.146783771287228,0.05466273415011021,0.05466273415011021,8488,4669
13005,14001,2014,2015,-0.004409387258836828,0.015081055862152174,0.019490443120989,0.019490443120989,22430,13861
13005,14002,2014,2015,-0.016909004445242484,0.002437071820991892,0.019346076266234375,0.019346076266234375,4698,2163
13005,14003,2014,2015,0.01112741633318034,0.030456595008188782,0.01932917867500844,0.01932917867500844,12301,7535
13005,14004,2014,2015,-0.0380660980300441,-0.025564516130477142,0.012501581899566957,0.012501581899566957,8623,4621
13005,14005,2014,2015,-0.04650902626653706,-0.0364393890082607,0.010069637258276358,0.010069637258276358,6748,3003
13005,14006,2014,2015,-0.013351067699163756,-0.014463581759983381,-0.0011125140608196256,0.0011125140608196256,23294,12268
13005,14007,2014,2015,0.15831609299667984,0.05445607299224905,-0.10386002000443079,0.10386002000443079,10524,2525
13005,15001,2014,2015,-0.015423794383178265,-0.021558997627825136,-0.006135203244646871,0.006135203244646871,34272,16297
13005,15002,2014,2015,-0.00893476858567193,-0.012973711575320356,-0.004038942989648426,0.004038942989648426,46734,24062
13005,15003,2014,2015,-0.00411531556197892,-0.010363224448658778,-0.006247908886679858,0.006247908886679858,10031,4371
13005,15004,2014,2015,-0.008719711225009709,-0.009914637032519203,-0.0011949258075094945,0.0011949258075094945,16239,10557
13005,15005,2014,2015,-0.013202272857711831,-0.004198372334511758,0.009003900523200072,0.009003900523200072,2017,662
13005,15006,2014,2015,-0.0025762413739822175,-0.003512241229398524,-0.0009359998554163067,0.0009359998554163067,12650,4975
13005,15007,2014,2015,0.07828440904939042,0.02702737511956848,-0.05125703392982194,0.05125703392982194,3717,544
13005,16001,2014,2015,-0.028693545648666413,-0.015859548820986755,0.012833996827679658,0.012833996827679658,6287,2878
13005,16002,2014,2015,0.025347936047641566,0.019491744663739683,-0.005856191383901883,0.005856191383901883,9839,8556
13005,16003,2014,2015,-0.053482120554479005,-0.07369987420216668,-0.02021775364768768,0.02021775364768768,2817,831
13005,16004,2014,2015,0.059449626340974,0.05195585431598568,-0.00749377202498832,0.00749377202498832,4627,1393
14001,14002,2014,2015,-0.48688201857891994,-0.43394370601736737,0.05293831256155257,0.05293831256155257,146,237
14001,14003,2014,2015,-0.5306790574685103,-0.5294995076520411,0.001179549816469172,0.001179549816469172,388,527
14001,14004,2014,2015,-0.5381927614578705,-0.5238238323864557,0.014368929071414849,0.014368929071414849,253,354
14001,14005,2014,2015,-0.5203498265837139,-0.4954075790132977,0.024942247570416187,0.024942247570416187,226,263
14001,14006,2014,2015,-0.6066964158152361,-0.6019039464836248,0.004792469331611371,0.004792469331611371,578,801
14001,14007,2014,2015,-0.4414962336219862,-0.40194728174223454,0.03954895187975166,0.03954895187975166,319,290
14001,15001,2014,2015,0.006804000438928324,0.016939402370812706,0.010135401931884381,0.010135401931884381,65919,61825
14001,15002,2014,2015,0.005107743865246852,0.028733613960265927,0.023625870095019076,0.023625870095019076,87394,89498
14001,15003,2014,2015,0.0019869918035988273,-0.022338395361674226,-0.024325387165273053,0.024325387165273053,18563,14269
14001,15004,2014,2015,-0.015292106573830122,0.005693532193697642,0.020985638767527764,0.020985638767527764,28839,37676
14001,15005,2014,2015,-0.027380378413798874,-0.0329919463157369,-0.005611567901938029,0.005611567901938029,3397,1899
14001,15006,2014,2015,0.006097699571130006,-0.01238108287540537,-0.018478782446535377,0.018478782446535377,23561,16319
14001,15007,2014,2015,-0.029584407996008952,-0.028151696793816128,0.0014327112021928247,0.0014327112021928247,3798,1275
14001,16001,2014,2015,-0.06799168383969748,-0.060221598380596146,0.007770085459101329,0.007770085459101329,9695,8146
14001,16002,2014,2015,0.004914473792879338,0.02325908101653865,0.018344607223659312,0.018344607223659312,16223,28523
14001,16003,2014,2015,-0.10186862400981217,-0.1280191115455551,-0.026150487535742922,0.026150487535742922,4030,2220
14001,16004,2014,2015,0.024481041260901677,0.0281390255542012,0.003657984293299523,0.003657984293299523,6928,3947
14002,14003,2014,2015,-0.4382568251115245,-0.3986979858642429,0.039558839247281596,0.039558839247281596,94,120
14002,14004,2014,2015,-0.4453771625543398,-0.4002871284938563,0.04509003406048351,0.04509003406048351,65,80
14002,14005,2014,2015,-0.40805597743072414,-0.353787846706392,0.05426813072433212,0.05426813072433212,84,87
14002,14006,2014,2015,-0.49951926646884065,-0.4666907702917898,0.03282849617705086,0.03282849617705086,135,144
14002,14007,2014,2015,-0.3581904778259172,-0.3209867925105247,0.037203685315392476,0.037203685315392476,85,50
14002,15001,2014,2015,0.004901076306920155,0.01713902885108644,0.012237952544166287,0.012237952544166287,14848,10394
14002,15002,2014,2015,-0.010622533724479532,-0.003232925499236908,0.007389608225242624,0.007389608225242624,18678,13630
14002,15003,2014,2015,-0.006537007630344377,-0.0029529857035485493,0.0035840219267958273,0.0035840219267958273,4001,2489
14002,15004,2014,2015,-0.04058160753109294,-0.047917635379994425,-0.007336027848901486,0.007336027848901486,5585,4788
14002,15005,2014,2015,-0.011947736195632691,-0.0034895824075977123,0.008458153788034979,0.008458153788034979,815,365
14002,15006,2014,2015,-0.03558286892095856,-0.015729621097003373,0.01985324782395519,0.01985324782395519,4318,2552
14002,15007,2014,2015,-0.04339137908479507,-0.016441261414873308,0.02695011766992176,0.02695011766992176,739,217
14002,16001,2014,2015,-0.07895935319076543,-0.07317023136212115,0.0057891218286442725,0.0057891218286442725,1820,1083
14002,16002,2014,2015,-0.018189707742361744,-0.039401840028824645,-0.0212121322864629,0.0212121322864629,3241,3531
14002,16003,2014,2015,-0.11467558995730176,-0.10221092850745925,0.012464661449842512,0.012464661449842512,692,346
14002,16004,2014,2015,0.01215092628410877,0.01737530633915361,0.005224380055044841,0.005224380055044841,1497,629
14003,14004,2014,2015,-0.4648630888917436,-0.45997875558824525,0.004884333303498356,0.004884333303498356,219,240
14003,14005,2014,2015,-0.466438191119841,-0.44609260478257506,0.02034558633726591,0.02034558633726591,148,152
14003,14006,2014,2015,-0.5408637924669752,-0.5350452862413452,0.005818506225630071,0.005818506225630071,381,476
14003,14007,2014,2015,-0.387588980841819,-0.3567140175185394,0.030874963323279603,0.030874963323279603,214,171
14003,15001,2014,2015,-0.03276930482993841,-0.021764952445774238,0.011004352384164171,0.011004352384164171,30147,27980
14003,15002,2014,2015,-0.029121545666878263,-0.027246084917818138,0.0018754607490601254,0.0018754607490601254,41026,39541
14003,15003,2014,2015,-0.02951010821407634,-0.041600134966292314,-0.012090026752215974,0.012090026752215974,8334,6463
14003,15004,2014,2015,-0.0010297965418431022,-0.03491471058317204,-0.033884914041328935,0.033884914041328935,15575,16445
14003,15005,2014,2015,0.0213777612071211,0.008000988879968965,-0.013376772327152136,0.013376772327152136,2297,1216
14003,15006,2014,2015,0.02078260752372258,0.00915502203614738,-0.0116275854875752,0.0116275854875752,12948,8932
14003,15007,2014,2015,-0.009955439896210026,0.006774838171852495,0.016730278068062522,0.016730278068062522,2161,799
14003,16001,2014,2015,0.02060643470288362,0.02608125273200818,0.00547481802912456,0.00547481802912456,7379,6005
14003,16002,2014,2015,0.0026237573258177144,-0.030466890449369777,-0.03309064777518749,0.03309064777518749,8314,11849
14003,16003,2014,2015,-0.017685287246920103,-0.04525335075915732,-0.027568063512237215,0.027568063512237215,3209,1762
14003,16004,2014,2015,-0.009380352759994569,-0.012369086593037409,-0.00298873383304284,0.00298873383304284,3030,1601
14004,14005,2014,2015,-0.4920899037727517,-0.4522791944903848,0.03981070928236691,0.03981070928236691,73,91
14004,14006,2014,2015,-0.5384779232711223,-0.5247439860692804,0.013733937201841906,0.013733937201841906,292,343
14004,14007,2014,2015,-0.41436275680022133,-0.36100336785810644,0.053359388942114894,0.053359388942114894,116,113
14004,15001,2014,2015,-0.08110567456625765,-0.09098236074407398,-0.009876686177816327,0.009876686177816327,21871,17172
14004,15002,2014,2015,-0.05113670965810276,-0.06736894098975903,-0.016232231331656265,0.016232231331656265,33082,27465
14004,15003,2014,2015,-0.02554808278868412,-0.03170417534049557,-0.006156092551811449,0.006156092551811449,7345,5342
14004,15004,2014,2015,-0.030175671196841492,-0.06118266002762598,-0.031006988830784486,0.031006988830784486,11999,11635
14004,15005,2014,2015,0.06645806625645448,0.047317869059341544,-0.019140197197112935,0.019140197197112935,2568,1234
14004,15006,2014,2015,0.05543909106761706,0.06804264049585461,0.012603549428237548,0.012603549428237548,12935,9100
14004,15007,2014,2015,0.045200187753701895,0.04537291786265153,0.00017273010894963692,0.00017273010894963692,2568,820
14004,16001,2014,2015,0.2398059164210993,0.20956399354331504,-0.030241922877784266,0.030241922877784266,14842,10031
14004,16002,2014,2015,-0.1213316523485552,-0.09974630208760928,0.02158535026094592,0.02158535026094592,3767,6773
14004,16003,2014,2015,0.27725755643992256,0.2583791665054496,-0.01887838993447294,0.01887838993447294,10065,6037
14004,16004,2014,2015,0.0037962106684279184,0.01076544875423972,0.006969238085811801,0.006969238085811801,2830,1462
14005,14006,2014,2015,-0.5214374271783376,-0.5068677815247299,0.014569645653607743,0.014569645653607743,256,216
14005,14007,2014,2015,-0.40410754480970723,-0.3633391520141962,0.04076839279551103,0.04076839279551103,97,62
14005,15001,2014,2015,0.030466287397304212,0.04528044645718695,0.014814159059882738,0.014814159059882738,26431,19375
14005,15002,2014,2015,0.011148519182484056,0.013815724236034185,0.0026672050535501285,0.0026672050535501285,32966,24658
14005,15003,2014,2015,0.010633239110393468,-0.0029920342728185683,-0.013625273383212035,0.013625273383212035,7131,4260
14005,15004,2014,2015,-0.0398895897792933,-0.044065923807524165,-0.004176334028230866,0.004176334028230866,9382,8554
14005,15005,2014,2015,-0.017206099302280894,0.01079705139102374,0.028003150693304633,0.028003150693304633,1300,689
14005,15006,2014,2015,-0.017536273316630126,-0.0028245135187038436,0.014711759797926282,0.014711759797926282,7850,4690
14005,15007,2014,2015,-0.03924396035836603,-0.014754644725922618,0.024489315632443415,0.024489315632443415,1274,379
14005,16001,2014,2015,-0.1670796823478489,-0.1618381386539577,0.005241543693891182,0.005241543693891182,1748,1049
14005,16002,2014,2015,-0.027975402826443226,-0.04747257261423627,-0.019497169787793044,0.019497169787793044,5105,5933
14005,16003,2014,2015,-0.19637880240693165,-0.19355724263414922,0.0028215597727824226,0.0028215597727824226,631,288
14005,16004,2014,2015,0.002267663020102557,0.014618544350044624,0.012350881329942068,0.012350881329942068,2307,1047
14006,14007,2014,2015,-0.4703953752531081,-0.42894483645245834,0.04145053880064975,0.04145053880064975,238,199
14006,15001,2014,2015,0.0503038341332753,0.028043583004067455,-0.022260251129207844,0.022260251129207844,77727,62882
14006,15002,2014,2015,0.07171128782451748,0.0551734684250962,-0.016537819399421283,0.016537819399421283,106297,93216
14006,15003,2014,2015,0.05118248784407568,0.051108829962508415,-7.365788156726838e-05,7.365788156726838e-05,23527,18424
14006,15004,2014,2015,0.06402348821268189,0.07678662623789591,0.012763138025214019,0.012763138025214019,39133,44977
14006,15005,2014,2015,-0.01157555077934152,-0.03630146258789131,-0.024725911808549793,0.024725911808549793,3967,1846
14006,15006,2014,2015,-0.04088300801038452,-0.03571083914453378,0.005172168865850736,0.005172168865850736,21386,14820
14006,15007,2014,2015,-0.02691260676837709,-0.01363530258861382,0.01327730417976327,0.01327730417976327,4134,1385
14006,16001,2014,2015,-0.03845967187168024,-0.041751040523915976,-0.0032913686522357335,0.0032913686522357335,11888,8780
14006,16002,2014,2015,0.04404712333892204,0.04053997521400573,-0.003507148124916308,0.003507148124916308,19979,29784
14006,16003,2014,2015,-0.0620800493633613,-0.0637944853725305,-0.0017144360091692068,0.0017144360091692068,5405,3238
14006,16004,2014,2015,-0.03699378223624554,-0.04261121413643387,-0.005617431900188333,0.005617431900188333,5525,2694
14007,15001,2014,2015,0.004358415806116301,0.009571818259761363,0.005213402453645061,0.005213402453645061,15572,8854
14007,15002,2014,2015,0.01204529496136377,0.009037449896229224,-0.0030078450651345456,0.0030078450651345456,21302,12539
14007,15003,2014,2015,-0.03432606771133243,-0.03140924372861457,0.0029168239827178644,0.0029168239827178644,3627,1849
14007,15004,2014,2015,0.035182925855113636,0.05947807383136007,0.024295147976246434,0.024295147976246434,8373,6925
14007,15005,2014,2015,-0.005595957236733252,-0.010645863125820292,-0.00504990588908704,0.00504990588908704,895,303
14007,15006,2014,2015,0.016674113912411626,0.00025220461396017644,-0.01642190929845145,0.01642190929845145,5904,2444
14007,15007,2014,2015,0.14858397239402948,0.04652901904244433,-0.10205495335158515,0.10205495335158515,2444,309
14007,16001,2014,2015,-0.11916985017732167,-0.0951794870180122,0.02399036315930947,0.02399036315930947,1465,803
14007,16002,2014,2015,0.04153628958690742,0.0775468933733601,0.036010603786452676,0.036010603786452676,4639,5477
14007,16003,2014,2015,-0.054530089270703894,-0.03657548502811608,0.017954604242587817,0.017954604242587817,1136,503
14007,16004,2014,2015,0.009971713838039286,-0.03667593953675822,-0.0466476533747975,0.0466476533747975,1552,373
15001,15002,2014,2015,-0.004573411453154441,-0.010767444460960623,-0.006194033007806182,0.006194033007806182,135318,111927
15001,15003,2014,2015,-0.008633300001167084,-0.005960411522607869,0.002672888478559215,0.002672888478559215,28263,20481
15001,15004,2014,2015,-0.0321467987900614,-0.0036237477891636364,0.028523051000897765,0.028523051000897765,43656,49476
15001,15005,2014,2015,-0.07355460316610567,-0.03950440088290595,0.034050202283199715,0.034050202283199715,4251,2489
15001,15006,2014,2015,-0.047126583677896794,-0.04327484430605493,0.0038517393718418627,0.0038517393718418627,31377,19806
15001,15007,2014,2015,-0.10736356053610562,-0.06585639620198831,0.0415071643341173,0.0415071643341173,4002,1366
15001,16001,2014,2015,-0.08722311339692188,-0.11783401043667271,-0.03061089703975084,0.03061089703975084,14583,8603
15001,16002,2014,2015,0.0008232989260120214,-0.016547901345973736,-0.017371200271985757,0.017371200271985757,25185,34082
15001,16003,2014,2015,-0.06130024992201111,-0.11072508878327274,-0.04942483886126163,0.04942483886126163,8199,3461
15001,16004,2014,2015,-0.019355192261675366,-0.04282853863492633,-0.023473346373250967,0.023473346373250967,8954,3703
15002,15003,2014,2015,0.05331890204473965,0.07335900854534375,0.020040106500604095,0.020040106500604095,44961,36616
15002,15004,2014,2015,0.029676337317248825,0.07060609620081891,0.04092975888357009,0.04092975888357009,68356,81992
15002,15005,2014,2015,-0.03593948304335742,-0.03913782333220522,-0.003198340288847794,0.003198340288847794,7002,3603
15002,15006,2014,2015,-0.029647312115344125,-0.04721753085673245,-0.017570218741388324,0.017570218741388324,44660,28294
15002,15007,2014,2015,-0.09322306521021319,-0.060770511312234224,0.032452553897978964,0.032452553897978964,5960,2057
15002,16001,2014,2015,-0.05503982193363177,-0.07273487855967277,-0.017695056626040997,0.017695056626040997,22588,15504
15002,16002,2014,2015,0.013843486723370062,0.00230202565499772,-0.011541461068372342,0.011541461068372342,34921,51205
15002,16003,2014,2015,-0.040146999436800584,-0.07527914984808777,-0.035132150411287186,0.035132150411287186,12213,6187
15002,16004,2014,2015,-0.005863577706887247,-0.022449616505274564,-0.01658603879838732,0.01658603879838732,12693,5914
15003,15004,2014,2015,0.03283515792310135,0.05010088840838187,0.017265730485280524,0.017265730485280524,15416,15669
15003,15005,2014,2015,-0.015522224716337027,0.05805862148743733,0.07358084620377436,0.07358084620377436,1604,1163
15003,15006,2014,2015,0.005527977315964137,-0.019613262797838992,-0.02514124011380313,0.02514124011380313,10587,5469
15003,15007,2014,2015,-0.014541398354630114,-0.00010471275922512854,0.014436685595404985,0.014436685595404985,1823,533
15003,16001,2014,2015,0.020827105631388555,-0.014381444191340834,-0.03520854982272939,0.03520854982272939,6434,3449
15003,16002,2014,2015,0.031066786148071325,0.016540612614989535,-0.01452617353308179,0.01452617353308179,8205,9993
15003,16003,2014,2015,-0.012855197619454728,-0.00723673374474645,0.005618463874708278,0.005618463874708278,2857,1536
15003,16004,2014,2015,0.03714645960704358,0.002447703121673435,-0.034698756485370144,0.034698756485370144,3383,1222
15004,15005,2014,2015,-0.074870215480396,-0.0768445590601383,-0.0019743435797422992,0.0019743435797422992,1854,1194
15004,15006,2014,2015,-0.05926928336542508,-0.091899423244163,-0.032630139878737925,0.032630139878737925,13418,9794
15004,15007,2014,2015,-0.053977667702803975,-0.05550047515309336,-0.0015228074502893832,0.0015228074502893832,2402,886
15004,16001,2014,2015,-0.044560659376455654,-0.09171968308196632,-0.047159023705510665,0.047159023705510665,7832,5784
15004,16002,2014,2015,0.07297978881601738,0.06877488335434444,-0.004204905461672945,0.004204905461672945,15542,27612
15004,16003,2014,2015,0.023832018971412624,-0.027055670743988652,-0.05088768971540128,0.05088768971540128,5664,3327
15004,16004,2014,2015,-0.03946209345445179,-0.08587742657869402,-0.046415333124242224,0.046415333124242224,3698,1736
15005,15006,2014,2015,0.042854175306758176,0.06478208423873334,0.021927908931975167,0.021927908931975167,2803,1323
15005,15007,2014,2015,0.06288609147296599,0.10118830884004072,0.03830221736707473,0.03830221736707473,660,180
15005,16001,2014,2015,0.02687434240230594,0.01052225692278202,-0.016352085479523923,0.016352085479523923,1471,592
15005,16002,2014,2015,-0.03816155653902462,-0.072787890343756,-0.03462633380473138,0.03462633380473138,1193,856
15005,16003,2014,2015,0.006179141817930938,0.011131686030736854,0.004952544212805916,0.004952544212805916,684,259
15005,16004,2014,2015,0.07546559690374258,0.10241617566881313,0.02695057876507055,0.02695057876507055,975,380
15006,15007,2014,2015,0.027865931384420277,0.06463126889731796,0.036765337512897685,0.036765337512897685,2905,895
15006,16001,2014,2015,-0.20985762608893277,-0.17844439162623074,0.03141323446270203,0.03141323446270203,2148,1374
15006,16002,2014,2015,-0.21142573288027022,-0.23200249518891142,-0.020576762308641194,0.020576762308641194,2744,2977
15006,16003,2014,2015,-0.1398105560838371,-0.1101847277277543,0.02962582835608281,0.02962582835608281,1637,854
15006,16004,2014,2015,-0.12318988066459227,-0.11988615911532313,0.0033037215492691396,0.0033037215492691396,1636,573
15007,16001,2014,2015,-0.027924387765200686,-0.004985534990094756,0.02293885277510593,0.02293885277510593,1173,350
15007,16002,2014,2015,-0.020195217308454676,-0.031924983775063004,-0.011729766466608327,0.011729766466608327,1517,736
15007,16003,2014,2015,0.02963900367495283,0.02373392776444067,-0.005905075910512161,0.005905075910512161,901,190
15007,16004,2014,2015,0.055012734354962685,0.023304656120322047,-0.03170807823464064,0.03170807823464064,961,143
16001,16002,2014,2015,-0.43749152395648194,-0.43407395540364085,0.003417568552841088,0.003417568552841088,105,190
16001,16003,2014,2015,-0.3008009689278333,-0.2514329989995222,0.049367969928311106,0.049367969928311106,177,130
16001,16004,2014,2015,-0.3372599544521442,-0.277933219282227,0.05932673516991721,0.05932673516991721,96,64
16002,16003,2014,2015,-0.37056606462641883,-0.35622350531152774,0.01434255931489109,0.01434255931489109,97,137
16002,16004,2014,2015,-0.36063915867247437,-0.36281330876293927,-0.002174150090464899,0.002174150090464899,95,80
16003,16004,2014,2015,-0.2996844991617926,-0.2388419026221566,0.060842596539635974,0.060842596539635974,62,34
10001,10002,2015,2016,-0.44759761247860924,-0.370920252181816,0.07667736029679323,0.07667736029679323,960,1079
10001,10003,2015,2016,-0.29234331693855875,-0.2146275385958305,0.07771577834272825,0.07771577834272825,132,128
10001,10004,2015,2016,-0.19821173393790353,-0.14148448650182782,0.05672724743607571,0.05672724743607571,1026,657
10001,10005,2015,2016,-0.4068473549922026,-0.3459717943597564,0.0608755606324462,0.0608755606324462,353,395
10001,11001,2015,2016,0.001517027046106019,0.009951951357003112,0.008434924310897093,0.008434924310897093,19813,8023
10001,11002,2015,2016,-0.03835679432783221,-0.06883918294464808,-0.03048238861681587,0.03048238861681587,22478,11716
10001,11003,2015,2016,-0.1963192051729327,-0.20777663817292882,-0.011457432999996131,0.011457432999996131,10541,4840
10001,11004,2015,2016,-0.2967515164080098,-0.23006557254524676,0.06668594386276303,0.06668594386276303,3563,1461
10001,11005,2015,2016,0.27041846810200354,0.26330624011357473,-0.00711222798842881,0.00711222798842881,55851,26399
10001,11006,2015,2016,-0.18680560176420577,-0.1757543047994919,0.01105129696471388,0.01105129696471388,3628,1691
10001,11007,2015,2016,-0.014106908451810595,-0.06703161901433517,-0.052924710562524575,0.052924710562524575,1312,271
10001,11008,2015,2016,-0.0015657237343377904,-0.05836285839751977,-0.05679713466318198,0.05679713466318198,11069,1682
10001,12001,2015,2016,0.010484682977014308,0.018230747500367864,0.007746064523353555,0.007746064523353555,35102,15623
10001,12002,2015,2016,-0.11203837144803651,-0.07671379355601629,0.03532457789202022,0.03532457789202022,2897,1468
10001,12003,2015,2016,0.07077271912527418,0.03536935478540709,-0.035403364339867086,0.035403364339867086,57370,25160
10001,12004,2015,2016,-0.16911566354120244,-0.18447068906690292,-0.015355025525700478,0.015355025525700478,6524,1715
10001,12005,2015,2016,-0.011142038196276896,0.016032791143611246,0.027174829339888143,0.027174829339888143,44,13
10001,13001,2015,2016,0.10811327283307769,0.11185154721086296,0.003738274377785275,0.003738274377785275,48906,23539
10001,13002,2015,2016,-0.11027606849440341,-0.11659135545305895,-0.006315286958655533,0.006315286958655533,17859,8017
10001,13003,2015,2016,-0.36379015347236493,-0.32442891767319676,0.03936123579916817,0.03936123579916817,4141,2593
10001,13004,2015,2016,0.21726664254001332,0.23143246808418688,0.01416582554417356,0.01416582554417356,39190,15385
10001,13005,2015,2016,0.021399913860550155,0.0587237379437357,0.03732382408318555,0.03732382408318555,10459,2605
10001,14001,2015,2016,0.04922088251097093,0.05628590252341722,0.007065020012446285,0.007065020012446285,37134,17997
10001,14002,2015,2016,0.10532519093566839,0.10717755436202817,0.0018523634263597766,0.0018523634263597766,8298,3245
10001,14003,2015,2016,0.018039730803896453,0.0034713242252162463,-0.014568406578680207,0.014568406578680207,17359,8069
10001,14004,2015,2016,-0.09388190807360182,-0.11021443944438389,-0.01633253137078207,0.01633253137078207,8667,3949
10001,14005,2015,2016,0.09373533079512235,0.10313455246195873,0.009399221666836377,0.009399221666836377,12941,5773
10001,14006,2015,2016,-0.048006356033962506,-0.03347713227121043,0.014529223762752078,0.014529223762752078,27628,9355
10001,14007,2015,2016,-0.10907104523385172,-0.1282812890555106,-0.019210243821658868,0.019210243821658868,2539,1278
10001,15001,2015,2016,-0.00917921901037649,0.00763641407718488,0.01681563308756137,0.01681563308756137,42483,17192
10001,15002,2015,2016,-0.017374234104082068,0.003770660196838544,0.021144894300920612,0.021144894300920612,59526,29085
10001,15003,2015,2016,-0.02107894065271737,-0.008026667287048721,0.01305227336566865,0.01305227336566865,10429,4544
10001,15004,2015,2016,-0.15148168680047677,-0.12687264318947997,0.024609043610996806,0.024609043610996806,15543,7400
10001,15005,2015,2016,0.013052354866564028,0.0011284201391842472,-0.01192393472737978,0.01192393472737978,1816,679
10001,15006,2015,2016,-0.03187570911897907,-0.056582090970381305,-0.024706381851402233,0.024706381851402233,10993,4028
10001,15007,2015,2016,-0.04289881368068184,-0.07228096160654628,-0.029382147925864438,0.029382147925864438,837,121
10001,16001,2015,2016,0.01088095304876816,0.01245377466320817,0.0015728216144400096,0.0015728216144400096,8115,2450
10001,16002,2015,2016,-0.09661515943985269,-0.10634517134665732,-0.009730011906804628,0.009730011906804628,13432,5587
10001,16003,2015,2016,-0.19430207025009438,-0.1856627351731214,0.008639335076972982,0.008639335076972982,949,965
10001,16004,2015,2016,0.0737105907367083,0.029232592483840334,-0.04447799825286797,0.04447799825286797,3659,2232
10002,10003,2015,2016,-0.2690235034120051,-0.23614749740280505,0.03287600600920004,0.03287600600920004,113,99
10002,10004,2015,2016,-0.13483855715707066,-0.07310101635459958,0.06173754080247108,0.06173754080247108,1145,1000
10002,10005,2015,2016,-0.35531918615248115,-0.307959210831321,0.04735997532116015,0.04735997532116015,396,545
10002,11001,2015,2016,0.024467656058367728,0.005831157561961397,-0.01863649849640633,0.01863649849640633,15802,7678
10002,11002,2015,2016,-0.04392842146571139,-0.052041637187759796,-0.008113215722048407,0.008113215722048407,15931,12031
10002,11003,2015,2016,0.0028066447670882008,-0.021007548413359875,-0.023814193180448077,0.023814193180448077,17354,10319
10002,11004,2015,2016,-0.09301509366327756,-0.068332969273747,0.02468212438953056,0.02468212438953056,8054,3567
10002,11005,2015,2016,0.0051547245103548646,0.04345716937835717,0.03830244486800231,0.03830244486800231,21743,15387
10002,11006,2015,2016,-0.2918341264688474,-0.25811008887277886,0.03372403759606851,0.03372403759606851,1092,915
10002,11007,2015,2016,-0.041091931740005756,-0.05464389481698033,-0.013551963076974573,0.013551963076974573,798,288
10002,11008,2015,2016,0.020836860186103246,-0.02688315318565935,-0.0477200133717626,0.0477200133717626,8918,1930
10002,12001,2015,2016,0.05861825581489356,0.06078422906803978,0.002165973253146214,0.002165973253146214,29820,17109
10002,12002,2015,2016,-0.004311765147723182,0.022856370470161036,0.02716813561788422,0.02716813561788422,3788,2394
10002,12003,2015,2016,-0.02967486718363581,-0.03289536213607629,-0.003220494952440478,0.003220494952440478,32567,20494
10002,12004,2015,2016,-0.07984485282802142,-0.09118844904296446,-0.011343596214943033,0.011343596214943033,7238,2821
10002,12005,2015,2016,0.00037016328397007566,-0.04020060160078504,-0.04057076488475512,0.04057076488475512,36,7
10002,13001,2015,2016,0.05162903915156666,0.049525572316718156,-0.002103466834848501,0.002103466834848501,31761,19682
10002,13002,2015,2016,0.005714541218452434,0.012955365016946012,0.007240823798493578,0.007240823798493578,19733,12375
10002,13003,2015,2016,-0.16614500304211813,-0.17002634148967796,-0.0038813384475598345,0.0038813384475598345,9344,6056
10002,13004,2015,2016,0.07929113047210226,0.09768235635881882,0.01839122588671656,0.01839122588671656,20656,10433
10002,13005,2015,2016,0.0012975585180314442,0.01931696897673397,0.018019410458702523,0.018019410458702523,7066,2107
10002,14001,2015,2016,0.0073996922006080885,0.0165125049210008,0.009112812720392712,0.009112812720392712,24274,15664
10002,14002,2015,2016,0.0327455389093828,0.03288799169861103,0.00014245278922822568,0.00014245278922822568,4537,2278
10002,14003,2015,2016,-0.019599811221952916,-0.016899959517412355,0.002699851704540561,0.002699851704540561,11024,7267
10002,14004,2015,2016,0.0012078839692989376,-0.012856409622509795,-0.014064293591808733,0.014064293591808733,9530,5875
10002,14005,2015,2016,0.016800319944391868,0.03549435112698886,0.01869403118259699,0.01869403118259699,7116,4336
10002,14006,2015,2016,0.012863478166681028,0.007739031066649949,-0.005124447100031079,0.005124447100031079,24504,10471
10002,14007,2015,2016,-0.0825619965351115,-0.07462603009165561,0.007935966443455886,0.007935966443455886,2121,1699
10002,15001,2015,2016,0.0005246795499812716,0.0014027722139089115,0.0008780926639276399,0.0008780926639276399,31962,16402
10002,15002,2015,2016,-0.01608974574943255,-0.012918548829532275,0.003171196919900275,0.003171196919900275,43541,27143
10002,15003,2015,2016,0.006044119768413911,-0.004880629024041566,-0.010924748792455478,0.010924748792455478,8549,4471
10002,15004,2015,2016,-0.06592833840423576,-0.07007615596816909,-0.004147817563933329,0.004147817563933329,15616,8989
10002,15005,2015,2016,0.027174249639820045,0.03465082968531595,0.007476580045495906,0.007476580045495906,1454,804
10002,15006,2015,2016,-0.010315148014018751,-0.05501814809601824,-0.04470300008199948,0.04470300008199948,8768,3933
10002,15007,2015,2016,0.0006656796072033864,-0.0438867092267617,-0.04455238883396509,0.04455238883396509,818,148
10002,16001,2015,2016,0.014160806488642829,0.029205207155462473,0.015044400666819644,0.015044400666819644,6058,2575
10002,16002,2015,2016,-0.08611153282848827,-0.09147603695144921,-0.005364504122960939,0.005364504122960939,9991,5774
10002,16003,2015,2016,-0.05032934783105651,-0.04650739075507975,0.0038219570759767604,0.0038219570759767604,1827,2162
10002,16004,2015,2016,-0.0015539869953616493,-0.015080029332588344,-0.013526042337226695,0.013526042337226695,1821,1738
10003,10004,2015,2016,0.004371334973754591,0.07502657993136014,0.07065524495760554,0.07065524495760554,249,204
10003,10005,2015,2016,-0.23660644790770394,-0.20443707134287303,0.032169376564830904,0.032169376564830904,53,50
10003,11001,2015,2016,-0.058226997768754576,-0.059884737289520026,-0.00165773952076545,0.00165773952076545,888,393
10003,11002,2015,2016,-0.019814215397976852,-0.06224021731921869,-0.04242600192124184,0.04242600192124184,1494,763
10003,11003,2015,2016,-0.0851874513666425,-0.08974650140678324,-0.004559050040140733,0.004559050040140733,885,484
10003,11004,2015,2016,-0.26513120780217786,-0.22334644639891132,0.041784761403266535,0.041784761403266535,110,55
10003,11005,2015,2016,0.14729785875600232,0.15589691627876237,0.00859905752276005,0.00859905752276005,4035,2255
10003,11006,2015,2016,-0.13650463691858208,-0.1206486425020113,0.01585599441657079,0.01585599441657079,210,124
10003,11007,2015,2016,-0.009180883303954042,-0.04647009522913227,-0.03728921192517823,0.03728921192517823,87,21
10003,11008,2015,2016,0.02878798863354044,0.039272478404556055,0.010484489771015616,0.010484489771015616,887,228
10003,12001,2015,2016,0.0009084079044381232,-0.025564912518061107,-0.026473320422499228,0.026473320422499228,2258,966
10003,12002,2015,2016,0.034129552852119466,0.027608951756040296,-0.00652060109607917,0.00652060109607917,446,204
10003,12003,2015,2016,0.04059959403226319,0.048420513691139914,0.007820919658876727,0.007820919658876727,3927,2209
10003,12004,2015,2016,-0.07971832896783165,-0.0708993100018062,0.008819018966025452,0.008819018966025452,529,200
10003,13001,2015,2016,-0.11777700676425307,-0.1328831993327162,-0.015106192568463128,0.015106192568463128,1172,584
10003,13002,2015,2016,0.07645640821180043,0.1004396691392242,0.02398326092742377,0.02398326092742377,2642,1566
10003,13003,2015,2016,-0.33519554448468303,-0.3185872907686689,0.016608253716014154,0.016608253716014154,86,61
10003,13004,2015,2016,0.17899123451189738,0.1853241035714646,0.006332869059567203,0.006332869059567203,3571,1551
10003,13005,2015,2016,-0.04675080788199312,-0.0035363629859233624,0.04321444489606976,0.04321444489606976,451,145
10003,14001,2015,2016,-0.009133841171318328,-0.027517861869292864,-0.018384020697974537,0.018384020697974537,2024,992
10003,14002,2015,2016,0.039220339368094555,0.031969196918788856,-0.007251142449305699,0.007251142449305699,461,191
10003,14003,2015,2016,0.07776894200318193,0.05321944363128272,-0.024549498371899216,0.024549498371899216,1698,824
10003,14004,2015,2016,0.057557709949313494,0.07565869515311782,0.018100985203804328,0.018100985203804328,1221,756
10003,14005,2015,2016,-0.020143942259254866,-0.023855984888885507,-0.0037120426296306415,0.0037120426296306415,515,245
10003,14006,2015,2016,-0.07488212676409688,-0.06098169188905718,0.013900434875039697,0.013900434875039697,1336,540
10003,14007,2015,2016,-0.06796501438909114,-0.07203394177749628,-0.004068927388405141,0.004068927388405141,175,110
10003,15001,2015,2016,-0.05481498812334781,-0.07122869645591427,-0.01641370833256646,0.01641370833256646,2103,836
10003,15002,2015,2016,-0.025272908433986743,-0.04205072720985728,-0.016777818775870538,0.016777818775870538,3590,1755
10003,15003,2015,2016,-0.01602019363906136,-0.041109367541121954,-0.025089173902060592,0.025089173902060592,672,266
10003,15004,2015,2016,-0.08869645976111891,-0.09754097995442443,-0.008844520193305519,0.008844520193305519,1014,477
10003,15005,2015,2016,0.027661795276984747,0.03072836717478721,0.0030665718978024614,0.0030665718978024614,140,66
10003,15006,2015,2016,-0.033364309617102336,-0.03234332445468507,0.0010209851624172692,0.0010209851624172692,656,311
10003,15007,2015,2016,-0.013094580377823014,-0.013911399238733125,-0.000816818860910111,0.000816818860910111,65,14
10003,16001,2015,2016,0.21823456775382843,0.28137857571510766,0.06314400796127922,0.06314400796127922,1821,895
10003,16002,2015,2016,-0.17496375159251015,-0.16298429253260102,0.011979459059909131,0.011979459059909131,346,195
10003,16003,2015,2016,-0.020924078254770224,-0.0076949339445969035,0.013229144310173321,0.013229144310173321,186,200
10003,16004,2015,2016,0.019156342857599495,-0.0074646172854521175,-0.02662096014305161,0.02662096014305161,193,138
10004,10005,2015,2016,-0.12382226666284185,-0.023309382090571682,0.10051288457227017,0.10051288457227017,466,591
10004,11001,2015,2016,-0.06696341548756483,-0.11417678181152573,-0.04721336632396089,0.04721336632396089,2074,673
10004,11002,2015,2016,-0.043627785498406416,-0.09350833071885331,-0.049880545220446895,0.049880545220446895,3123,1563
10004,11003,2015,2016,0.11880698309021417,0.09832276150263429,-0.020484221587579884,0.020484221587579884,6236,3117
10004,11004,2015,2016,-0.05397645186331258,-0.010546367326016428,0.04343008453729615,0.04343008453729615,1853,815
10004,11005,2015,2016,-0.15113338683931368,-0.16895765456839382,-0.017824267729080134,0.017824267729080134,1870,913
10004,11006,2015,2016,-0.27512980988636754,-0.20804573786005356,0.06708407202631397,0.06708407202631397,147,151
10004,11007,2015,2016,-0.026945280552183707,-0.02529156362093366,0.0016537169312500453,0.0016537169312500453,177,61
10004,11008,2015,2016,-0.020988359719164927,-0.05155163763699391,-0.030563277917828986,0.030563277917828986,1513,277
10004,12001,2015,2016,0.0019955617438147115,-0.01393434140059078,-0.015929903144405493,0.015929903144405493,5299,2415
10004,12002,2015,2016,0.04405779706610062,0.010975400234022816,-0.0330823968320778,0.0330823968320778,1077,414
10004,12003,2015,2016,-0.014246987815353732,0.00474225896451674,0.01898924677987047,0.01898924677987047,7010,4104
10004,12004,2015,2016,0.08744157596255994,0.14781875079544962,0.06037717483288968,0.06037717483288968,3419,1670
10004,13001,2015,2016,-0.14816496434479032,-0.17884945632036695,-0.030684491975576628,0.030684491975576628,2538,1141
10004,13002,2015,2016,0.22915189551230547,0.2620222994036054,0.032870403891299915,0.032870403891299915,10377,5955
10004,13003,2015,2016,-0.10914762289734346,-0.1553560933476071,-0.04620847045026365,0.04620847045026365,2122,849
10004,13004,2015,2016,-0.06684851834146616,-0.07092141672418889,-0.004072898382722734,0.004072898382722734,2281,894
10004,13005,2015,2016,-0.03287595437841706,-0.029496304474393973,0.0033796499040230875,0.0033796499040230875,1203,280
10004,14001,2015,2016,-0.06398215751516785,-0.1271913985635252,-0.06320924104835736,0.06320924104835736,3584,1348
10004,14002,2015,2016,-0.06372972803958177,-0.08506238421828229,-0.021332656178700518,0.021332656178700518,517,186
10004,14003,2015,2016,0.05134777858512133,0.013328330251812674,-0.038019448333308656,0.038019448333308656,3282,1492
10004,14004,2015,2016,0.20101209826742075,0.24081611159928293,0.039804013331862176,0.039804013331862176,5207,3290
10004,14005,2015,2016,-0.1482971353950741,-0.1676988788515473,-0.01940174345647319,0.01940174345647319,480,196
10004,14006,2015,2016,-0.07848201522772319,-0.09254701717355891,-0.014065001945835723,0.014065001945835723,3276,1090
10004,14007,2015,2016,-0.014924840170005014,-0.024632615323708643,-0.00970777515370363,0.00970777515370363,643,381
10004,15001,2015,2016,-0.08444465000089352,-0.13943227145610135,-0.05498762145520783,0.05498762145520783,4421,1387
10004,15002,2015,2016,-0.05348904108026683,-0.09988423852626448,-0.04639519744599765,0.04639519744599765,7548,3196
10004,15003,2015,2016,-0.008156231599932269,-0.050762978974273815,-0.042606747374341544,0.042606747374341544,1669,598
10004,15004,2015,2016,-0.058368042858244755,-0.09079423791306977,-0.03242619505482502,0.03242619505482502,3070,1256
10004,15005,2015,2016,0.03156337964446266,0.04252429751859412,0.010960917874131462,0.010960917874131462,329,162
10004,15006,2015,2016,0.06640641736581103,0.029630179905056425,-0.036776237460754604,0.036776237460754604,2759,1060
10004,15007,2015,2016,0.05373683833308528,0.04117385046337494,-0.012562987869710336,0.012562987869710336,260,53
10004,16001,2015,2016,0.11875920937274956,0.18193167141861002,0.06317246204586047,0.06317246204586047,2316,1114
10004,16002,2015,2016,-0.15623677914215772,-0.16547516277001162,-0.009238383627853897,0.009238383627853897,1117,520
10004,16003,2015,2016,0.14341159884542481,0.13285109544400892,-0.0105605034014159,0.0105605034014159,1253,1037
10004,16004,2015,2016,-0.09757365529177967,-0.07539411219155337,0.022179543100226295,0.022179543100226295,174,194
10005,11001,2015,2016,-0.02212583920855896,-0.04810031556280181,-0.02597447635424285,0.02597447635424285,5524,2699
10005,11002,2015,2016,-0.07498752940522453,-0.10058358787140764,-0.02559605846618311,0.02559605846618311,5579,4167
10005,11003,2015,2016,0.015450292498964095,0.04024894641744034,0.024798653918476243,0.024798653918476243,7802,5845
10005,11004,2015,2016,-0.09251679633604715,-0.041184210679388926,0.05133258565665822,0.05133258565665822,3140,1760
10005,11005,2015,2016,0.03111013486611959,0.03975757134237236,0.008647436476252768,0.008647436476252768,10303,7070
10005,11006,2015,2016,-0.2757539418692231,-0.2613484749046686,0.01440546696455447,0.01440546696455447,385,303
10005,11007,2015,2016,-0.02316145468475367,-0.048749422892544185,-0.025587968207790517,0.025587968207790517,375,130
10005,11008,2015,2016,0.07135077352186317,0.07081859839310248,-0.0005321751287606924,0.0005321751287606924,4894,1452
10005,12001,2015,2016,0.03381768177989968,0.02294738484456847,-0.010870296935331213,0.010870296935331213,12104,7057
10005,12002,2015,2016,0.003918290630207123,0.012419168836247309,0.008500878206040185,0.008500878206040185,1682,1036
10005,12003,2015,2016,-0.014218417303762635,0.00393530031788961,0.018153717621652243,0.018153717621652243,14298,10217
10005,12004,2015,2016,-0.004443782127338017,-0.012306408116737302,-0.007862625989399285,0.007862625989399285,4286,1826
10005,12005,2015,2016,0.031252890258738376,0.0029478621479302482,-0.02830502811080813,0.02830502811080813,21,5
10005,13001,2015,2016,-0.06613592646804961,-0.0710337904267247,-0.004897863958675086,0.004897863958675086,8726,5858
10005,13002,2015,2016,0.0857680996351139,0.12608900597635625,0.040320906341242344,0.040320906341242344,11553,8394
10005,13003,2015,2016,-0.14611375602724666,-0.12334767686700523,0.022766079160241426,0.022766079160241426,3779,3001
10005,13004,2015,2016,0.10910651722974989,0.07593000480706662,-0.03317651242268327,0.03317651242268327,10451,4645
10005,13005,2015,2016,0.0022669684899602575,0.006970913098783879,0.0047039446088236216,0.0047039446088236216,3018,898
10005,14001,2015,2016,-0.0034221935592681275,-0.018888420282393976,-0.015466226723125849,0.015466226723125849,9918,6246
10005,14002,2015,2016,-0.021854036117046227,-0.03549474253802201,-0.013640706420975784,0.013640706420975784,1436,705
10005,14003,2015,2016,-0.029695975344734286,-0.04396197532874527,-0.014265999984010982,0.014265999984010982,4371,2840
10005,14004,2015,2016,0.09282682434616756,0.11550104378274996,0.022674219436582405,0.022674219436582405,6172,4518
10005,14005,2015,2016,-0.07188275223697632,-0.07572223949549761,-0.0038394872585212902,0.0038394872585212902,1845,1099
10005,14006,2015,2016,0.012259640624668047,0.02365004618464757,0.011390405559979522,0.011390405559979522,10489,5061
10005,14007,2015,2016,-0.06662376586925937,-0.06124967666140403,0.005374089207855343,0.005374089207855343,933,782
10005,15001,2015,2016,-0.027259952620512527,-0.038728291937086934,-0.011468339316574407,0.011468339316574407,12170,6337
10005,15002,2015,2016,-0.01103393855786663,-0.024403176105475564,-0.013369237547608935,0.013369237547608935,18555,11650
10005,15003,2015,2016,-0.00624797147665166,-0.015037226962456702,-0.008789255485805041,0.008789255485805041,3423,1905
10005,15004,2015,2016,-0.05819803960685155,-0.06285126854353953,-0.004653228936687986,0.004653228936687986,6479,3943
10005,15005,2015,2016,0.04281729097479701,-0.00594621390528229,-0.0487635048800793,0.0487635048800793,700,283
10005,15006,2015,2016,0.0028514915081829855,-0.02161510967518473,-0.024466601183367718,0.024466601183367718,3945,2018
10005,15007,2015,2016,0.04185524293840762,-0.030845622781097492,-0.07270086571950511,0.07270086571950511,467,72
10005,16001,2015,2016,0.11057979818056407,0.12288314873716924,0.01230335055660517,0.01230335055660517,4184,1882
10005,16002,2015,2016,-0.05718406845787524,-0.07287597502417476,-0.015691906566299513,0.015691906566299513,4569,2644
10005,16003,2015,2016,0.04516169501580242,0.07946195090264001,0.03430025588683759,0.03430025588683759,1370,1836
10005,16004,2015,2016,0.010505942185320546,0.015440680491428096,0.00493473830610755,0.00493473830610755,836,925
11001,11002,2015,2016,-0.3512474312332747,-0.3649729818887046,-0.013725550655429908,0.013725550655429908,3427,2054
11001,11003,2015,2016,-0.42058337242579336,-0.3363516511926769,0.08423172123311645,0.08423172123311645,1589,1747
11001,11004,2015,2016,-0.3814935015917597,-0.2657146708734977,0.115778830718262,0.115778830718262,1307,925
11001,11005,2015,2016,-0.43471348816377575,-0.38797124288173407,0.04674224528204168,0.04674224528204168,2014,1569
11001,11006,2015,2016,0.04276856610772573,0.047026738110764486,0.004258172003038754,0.004258172003038754,9430,4426
11001,11007,2015,2016,-0.28549264837360094,-0.24464575531507046,0.04084689305853048,0.04084689305853048,98,43
11001,11008,2015,2016,-0.319767812087485,-0.21197670195591153,0.10779111013157347,0.10779111013157347,1288,509
11001,12001,2015,2016,-0.4723685172419822,-0.4151958749915001,0.057172642250482075,0.057172642250482075,1797,1364
11001,12002,2015,2016,-0.36414735144675603,-0.2827395953365732,0.0814077561101828,0.0814077561101828,259,260
11001,12003,2015,2016,-0.41364392378545867,-0.3711282032291576,0.04251572055630104,0.04251572055630104,5890,4024
11001,12004,2015,2016,-0.3000517184008074,-0.22533014745206,0.0747215709487474,0.0747215709487474,2143,1082
11001,13001,2015,2016,0.051792538708630036,0.04421752442389828,-0.007575014284731757,0.007575014284731757,35864,17361
11001,13002,2015,2016,-0.11311881138703918,-0.11733847216444125,-0.004219660777402073,0.004219660777402073,14359,6775
11001,13003,2015,2016,0.04244712446578034,0.03940958850920035,-0.0030375359565799898,0.0030375359565799898,24424,11881
11001,13004,2015,2016,0.040834731238181377,0.03808005675183828,-0.0027546744863430964,0.0027546744863430964,20589,7690
11001,13005,2015,2016,-0.07929574359503545,-0.059729476071782785,0.01956626752325267,0.01956626752325267,5486,1227
11001,14001,2015,2016,0.009294681706395755,0.0072600247866414815,-0.0020346569197542737,0.0020346569197542737,27705,13579
11001,14002,2015,2016,-0.01196131931790458,-0.018843591192979393,-0.0068822718750748135,0.0068822718750748135,4132,1564
11001,14003,2015,2016,-0.02171946839795601,-0.030873100361438664,-0.009153631963482654,0.009153631963482654,12447,6107
11001,14004,2015,2016,-0.07291405690333137,-0.07814007543030392,-0.005226018526972548,0.005226018526972548,7832,3919
11001,14005,2015,2016,0.05846243661035889,0.053075022941191846,-0.005387413669167042,0.005387413669167042,9567,4166
11001,14006,2015,2016,0.031485334533339855,0.05367289291116627,0.022187558377826412,0.022187558377826412,29386,10850
11001,14007,2015,2016,0.05117830294764435,0.0259547907673579,-0.025223512180286446,0.025223512180286446,4928,2518
11001,15001,2015,2016,0.07971919671338468,0.06592192301259124,-0.013797273700793436,0.013797273700793436,44687,17529
11001,15002,2015,2016,0.021912185158995335,0.027995191791511893,0.006083006632516558,0.006083006632516558,54430,26663
11001,15003,2015,2016,0.007833265654217538,0.03163179839678455,0.023798532742567012,0.023798532742567012,9774,4634
11001,15004,2015,2016,-0.0053132906703566105,0.0031801322251345525,0.008493422895491163,0.008493422895491163,22207,10338
11001,15005,2015,2016,0.05334420940476873,0.08192729580460276,0.028583086399834028,0.028583086399834028,1907,935
11001,15006,2015,2016,0.08150187361539053,0.06793187561689504,-0.013569997998495495,0.013569997998495495,14155,5807
11001,15007,2015,2016,0.03833280629381222,0.023495484171953487,-0.014837322121858735,0.014837322121858735,1176,218
11001,16001,2015,2016,-0.06739876743534631,-0.06521036140873716,0.0021884060266091493,0.0021884060266091493,4634,1406
11001,16002,2015,2016,-0.0022464675016512577,0.007120110559813111,0.009366578061464369,0.009366578061464369,16054,7570
11001,16003,2015,2016,-0.07526071743670176,-0.07765929249623571,-0.0023985750595339472,0.0023985750595339472,1792,1613
11001,16004,2015,2016,0.02701339400701135,-0.01027414791084828,-0.03728754191785963,0.03728754191785963,2424,1584
11002,11003,2015,2016,-0.2511658923405374,-0.323337127768783,-0.0721712354282456,0.0721712354282456,8649,4950
11002,11004,2015,2016,-0.21172032255032805,-0.17007647290500816,0.04164384964531989,0.04164384964531989,6835,3883
11002,11005,2015,2016,-0.2574221152432643,-0.33407569894934763,-0.07665358370608333,0.07665358370608333,11194,6254
11002,11006,2015,2016,0.005604922299102375,0.019768584327113245,0.01416366202801087,0.01416366202801087,10448,7391
11002,11007,2015,2016,-0.23332791579363496,-0.23914345633736664,-0.005815540543731679,0.005815540543731679,249,106
11002,11008,2015,2016,-0.19610033271892766,-0.10603596153203518,0.09006437118689248,0.09006437118689248,4592,2212
11002,12001,2015,2016,0.03971455778200735,0.0554701021220122,0.015755544340004847,0.015755544340004847,40901,27633
11002,12002,2015,2016,0.029577152818991884,0.018978760491617737,-0.010598392327374147,0.010598392327374147,6516,3920
11002,12003,2015,2016,0.08536756558909973,0.08835585267888088,0.002988287089781147,0.002988287089781147,63479,44604
11002,12004,2015,2016,0.026036199868179403,-0.01657379430072174,-0.04260999416890114,0.04260999416890114,16681,6828
11002,12005,2015,2016,0.008322020918183194,-0.03293893505168528,-0.04126095596986847,0.04126095596986847,57,13
11002,13001,2015,2016,0.04949075623299542,0.07373632702671994,0.024245570793724518,0.024245570793724518,45596,34005
11002,13002,2015,2016,-0.012473815216407417,-0.0671405973521107,-0.05466678213570328,0.05466678213570328,27373,16458
11002,13003,2015,2016,-0.023141629906981296,0.04862500342292478,0.07176663332990607,0.07176663332990607,25618,22455
11002,13004,2015,2016,-0.05466606168190415,-0.11925625517904685,-0.0645901934971427,0.0645901934971427,19194,8247
11002,13005,2015,2016,0.049204617465304336,0.03611354555499241,-0.013091071910311926,0.013091071910311926,12518,3776
11002,14001,2015,2016,0.00857185365900571,0.01552729655266419,0.00695544289365848,0.00695544289365848,35720,26095
11002,14002,2015,2016,0.024202384273790317,0.023130842642264334,-0.001071541631525983,0.001071541631525983,6347,3619
11002,14003,2015,2016,0.03602779787854073,0.0409673376762466,0.004939539797705873,0.004939539797705873,19859,14743
11002,14004,2015,2016,-0.04549548233635854,-0.07855445614069287,-0.03305897380433433,0.03305897380433433,11641,7815
11002,14005,2015,2016,0.031937395146216435,0.028458426190363494,-0.003478968955852941,0.003478968955852941,11042,6992
11002,14006,2015,2016,-0.03436281139468139,-0.0238939598942853,0.01046885150039609,0.01046885150039609,31204,16021
11002,14007,2015,2016,0.00587035743280912,0.03696016033051763,0.03108980289770851,0.03108980289770851,5126,4900
11002,15001,2015,2016,-0.03377089652495662,0.013399007456228485,0.047169903981185105,0.047169903981185105,42894,28392
11002,15002,2015,2016,-0.016579060098106557,0.013532560380404944,0.0301116204785115,0.0301116204785115,64374,48329
11002,15003,2015,2016,-0.027745091134636996,-0.009040048118636767,0.018705043016000227,0.018705043016000227,10956,7433
11002,15004,2015,2016,-0.008360882206655967,0.03309063257408232,0.04145151478073829,0.04145151478073829,28528,21129
11002,15005,2015,2016,-0.021306213965330178,-0.016138994112528553,0.005167219852801625,0.005167219852801625,1598,1006
11002,15006,2015,2016,-0.03558469518806611,-0.024529462537864623,0.011055232650201488,0.011055232650201488,11701,7684
11002,15007,2015,2016,-0.0361005557882101,-0.007844169868002434,0.02825638592020767,0.02825638592020767,948,330
11002,16001,2015,2016,-0.017629478598075173,-0.06446430107442018,-0.046834822476345,0.046834822476345,7725,2792
11002,16002,2015,2016,-0.0008790730969911516,0.03829003848218962,0.03916911157918077,0.03916911157918077,20899,15625
11002,16003,2015,2016,-0.06957250404999776,-0.10073665414303663,-0.03116415009303887,0.03116415009303887,2452,2867
11002,16004,2015,2016,-0.0340304648870907,-0.054615057034942495,-0.020584592147851792,0.020584592147851792,2232,2432
11003,11004,2015,2016,-0.3528943671578566,-0.1570386438732393,0.1958557232846173,0.1958557232846173,2243,3087
11003,11005,2015,2016,-0.5025520984838967,-0.46147807898460574,0.04107401949929096,0.04107401949929096,1307,1574
11003,11006,2015,2016,-0.006931603921782716,-0.0043248917054967756,0.0026067122162859403,0.0026067122162859403,9108,5257
11003,11007,2015,2016,-0.2938119000406976,-0.260629008898839,0.03318289114185863,0.03318289114185863,113,60
11003,11008,2015,2016,-0.30779543224702244,-0.1566353639222967,0.15116006832472573,0.15116006832472573,1841,1225
11003,12001,2015,2016,0.030582784238074746,0.002528160145363895,-0.02805462409271085,0.02805462409271085,36762,18987
11003,12002,2015,2016,0.05616194679586135,0.035387520942275805,-0.02077442585358555,0.02077442585358555,6741,3298
11003,12003,2015,2016,0.05201285260831992,0.06586860682765726,0.013855754219337338,0.013855754219337338,54468,33888
11003,12004,2015,2016,0.12492136870092947,0.12570034006225397,0.0007789713613245014,0.0007789713613245014,21244,8818
11003,12005,2015,2016,0.011600991306341773,-0.03329633960019425,-0.044897330906536026,0.044897330906536026,54,10
11003,13001,2015,2016,-0.10862811167874313,-0.12941017143399436,-0.020782059755251228,0.020782059755251228,26100,15358
11003,13002,2015,2016,0.17617807595962376,0.1914246588767326,0.015246582917108842,0.015246582917108842,41974,25043
11003,13003,2015,2016,0.06214918838204733,0.0684974138920238,0.006348225509976463,0.006348225509976463,30530,18647
11003,13004,2015,2016,-0.1459684287351946,-0.16556538333017137,-0.019596954594976762,0.019596954594976762,11986,5007
11003,13005,2015,2016,-0.008564399852473613,-0.03217279863881874,-0.02360839878634513,0.02360839878634513,9153,2142
11003,14001,2015,2016,-0.04900929019806677,-0.06799297069392905,-0.018983680495862285,0.018983680495862285,27483,16035
11003,14002,2015,2016,-0.07227136623561066,-0.07800205575196296,-0.005730689516352305,0.005730689516352305,3597,1700
11003,14003,2015,2016,0.01457527150031017,0.012816108222543641,-0.0017591632777665296,0.0017591632777665296,16980,10593
11003,14004,2015,2016,0.1244584662091127,0.15352385541153657,0.029065389202423866,0.029065389202423866,19670,13103
11003,14005,2015,2016,-0.10990755938346686,-0.11194115192379243,-0.0020335925403255767,0.0020335925403255767,5284,2913
11003,14006,2015,2016,-0.006053806595734894,-0.015496282713519409,-0.009442476117784515,0.009442476117784515,31184,12742
11003,14007,2015,2016,0.004075230354823379,0.02203797168040106,0.01796274132557768,0.01796274132557768,4669,3613
11003,15001,2015,2016,-0.044397842086141025,-0.051264518684429855,-0.00686667659828883,0.00686667659828883,38090,18578
11003,15002,2015,2016,-0.03984439134614248,-0.052555651849056154,-0.012711260502913671,0.012711260502913671,55769,32684
11003,15003,2015,2016,-0.014926448558825136,-0.029098114978711957,-0.014171666419886821,0.014171666419886821,10590,5323
11003,15004,2015,2016,0.035392053556015615,0.025814358410106753,-0.009577695145908862,0.009577695145908862,29922,16250
11003,15005,2015,2016,-0.0493000041953894,-0.03789729889915253,0.011402705296236867,0.011402705296236867,1226,682
11003,15006,2015,2016,0.002703699936901433,0.016624506129107205,0.013920806192205771,0.013920806192205771,12506,6969
11003,15007,2015,2016,0.008729015823177196,0.02141449383535978,0.012685478012182585,0.012685478012182585,1162,314
11003,16001,2015,2016,0.05334056107257893,0.04323807770266927,-0.01010248336990966,0.01010248336990966,9572,3560
11003,16002,2015,2016,0.007785837775200641,0.0009358555044435245,-0.0068499822707571165,0.0068499822707571165,19773,10901
11003,16003,2015,2016,0.1573507841517438,0.17113855990579,0.013787775754046189,0.013787775754046189,6736,6814
11003,16004,2015,2016,-0.08304219899081382,-0.028760915984949696,0.05428128300586412,0.05428128300586412,1506,2137
11004,11005,2015,2016,-0.41086566166070654,-0.3097931984344144,0.10107246322629215,0.10107246322629215,1869,1498
11004,11006,2015,2016,0.05841462649487071,0.06099688866232006,0.002582262167449348,0.002582262167449348,8458,3083
11004,11007,2015,2016,-0.1495174601153993,-0.11655102219655189,0.0329664379188474,0.0329664379188474,321,94
11004,11008,2015,2016,-0.26199706061135447,-0.12226223374150602,0.13973482686984845,0.13973482686984845,1635,590
11004,12001,2015,2016,-0.02090538679045293,-0.03825858110429685,-0.01735319431384392,0.01735319431384392,22078,7124
11004,12002,2015,2016,0.09723211823281021,0.0448562947904163,-0.05237582344239391,0.05237582344239391,5782,1552
11004,12003,2015,2016,0.047496464764904545,0.040843959904141684,-0.00665250486076286,0.00665250486076286,38446,14483
11004,12004,2015,2016,0.1552004396341837,0.16681449033367055,0.011614050699486844,0.011614050699486844,17082,4901
11004,13001,2015,2016,-0.054957690651938416,-0.07372954002416222,-0.018771849372223808,0.018771849372223808,21480,7492
11004,13002,2015,2016,-0.06961900870198368,-0.025926880271546365,0.04369212843043731,0.04369212843043731,14100,6138
11004,13003,2015,2016,0.26154355210848856,0.19817282292080768,-0.06337072918768089,0.06337072918768089,37096,12594
11004,13004,2015,2016,-0.2217281717515518,-0.18920863135942886,0.03251954039212293,0.03251954039212293,5182,1596
11004,13005,2015,2016,-0.021066503779530003,-0.04895469963966401,-0.027888195860134003,0.027888195860134003,6042,820
11004,14001,2015,2016,-0.00013438830760543335,-0.018880245102757997,-0.018745856795152564,0.018745856795152564,22460,7965
11004,14002,2015,2016,-0.06104191820424469,-0.0614277870254426,-0.00038586882119790583,0.00038586882119790583,2624,769
11004,14003,2015,2016,-0.03678136923044581,-0.019748847159799767,0.017032522070646042,0.017032522070646042,9708,4064
11004,14004,2015,2016,-0.0870892044894525,-0.04809829476529115,0.038990909724161346,0.038990909724161346,6005,2823
11004,14005,2015,2016,-0.03588230676309087,-0.06377839641367648,-0.027896089650585612,0.027896089650585612,5276,1523
11004,14006,2015,2016,0.06100290083744011,0.05002193939709108,-0.010980961440349032,0.010980961440349032,26979,7037
11004,14007,2015,2016,0.08598540375292693,0.08071456254027476,-0.005270841212652172,0.005270841212652172,4872,2130
11004,15001,2015,2016,0.03682005288461802,0.02145781945746955,-0.015362233427148465,0.015362233427148465,33678,10045
11004,15002,2015,2016,0.03342004406454531,0.01808438427207991,-0.0153356597924654,0.0153356597924654,46957,16862
11004,15003,2015,2016,-0.01602899446079206,0.0024834560514506313,0.01851245051224269,0.01851245051224269,7357,2640
11004,15004,2015,2016,0.14136468922766932,0.10819283459596876,-0.033171854631700554,0.033171854631700554,29067,9540
11004,15005,2015,2016,-0.10903055221411605,-0.08891430294288587,0.02011624927123018,0.02011624927123018,543,195
11004,15006,2015,2016,-0.04304493520437318,-0.005604200595120369,0.03744073460925281,0.03744073460925281,7170,2780
11004,15007,2015,2016,-0.0008053818024962527,0.016290983355562703,0.017096365158058957,0.017096365158058957,768,134
11004,16001,2015,2016,-0.18082335735022506,-0.13801835326246045,0.04280500408776461,0.04280500408776461,1888,535
11004,16002,2015,2016,0.07065166934035166,0.0661352551912983,-0.004516414149053363,0.004516414149053363,17389,6127
11004,16003,2015,2016,-0.001016897350289194,0.019816210024935155,0.020833107375224348,0.020833107375224348,2309,1722
11004,16004,2015,2016,-0.14786828427758583,-0.06910551928932271,0.07876276498826312,0.07876276498826312,629,707
11005,11006,2015,2016,-0.22820699793316743,-0.1835767565425508,0.04463024139061664,0.04463024139061664,3607,2764
11005,11007,2015,2016,-0.34362499929305984,-0.26364792308496815,0.07997707620809169,0.07997707620809169,82,76
11005,11008,2015,2016,-0.3531407919324525,-0.21325639571864097,0.13988439621381155,0.13988439621381155,1716,1063
11005,12001,2015,2016,0.11926461330958348,0.11205894253087408,-0.0072056707787094,0.0072056707787094,55870,29817
11005,12002,2015,2016,-0.0021969729173279984,0.024158258317013345,0.026355231234341345,0.026355231234341345,6441,3815
11005,12003,2015,2016,0.09845949808268957,0.07194719551859853,-0.02651230256409104,0.02651230256409104,73625,41338
11005,12004,2015,2016,-0.11277306277057665,-0.11906400951333139,-0.006290946742754738,0.006290946742754738,11014,4154
11005,12005,2015,2016,-0.037633778021350664,-0.05267805900876963,-0.015044280987418966,0.015044280987418966,42,10
11005,13001,2015,2016,0.04034143605198614,0.04436984064461424,0.004028404592628099,0.004028404592628099,50644,30484
11005,13002,2015,2016,-0.041953246464549905,-0.03477758886836437,0.0071756575961855334,0.0071756575961855334,28576,17219
11005,13003,2015,2016,-0.3262480814423948,-0.26770405194445984,0.05854402949793497,0.05854402949793497,7455,6847
11005,13004,2015,2016,0.24635463476743888,0.24405516118601658,-0.0022994735814222955,0.0022994735814222955,49395,22613
11005,13005,2015,2016,0.018079587184839457,0.059129081696504354,0.0410494945116649,0.0410494945116649,12663,3960
11005,14001,2015,2016,0.048081379411721414,0.05765361525909056,0.009572235847369145,0.009572235847369145,45157,27424
11005,14002,2015,2016,0.07107529089294166,0.06665080519505208,-0.004424485697889585,0.004424485697889585,8781,4134
11005,14003,2015,2016,0.007797124269715989,-0.0051855593775327145,-0.012982683647248704,0.012982683647248704,20582,12189
11005,14004,2015,2016,-0.0279706365452703,-0.04893696507164404,-0.020966328526373736,0.020966328526373736,14340,8304
11005,14005,2015,2016,0.027747340918148917,0.038934240329905966,0.011186899411757049,0.011186899411757049,12364,6919
11005,14006,2015,2016,-0.038554783646322005,-0.03197551913232523,0.006579264513996777,0.006579264513996777,35373,14843
11005,14007,2015,2016,-0.12424696910316718,-0.11063670441608411,0.013610264687083068,0.013610264687083068,2928,2340
11005,15001,2015,2016,-0.026470609449351885,-0.0135273717739435,0.012943237675408385,0.012943237675408385,50171,25301
11005,15002,2015,2016,-0.0008450541851026672,-7.232387916115034e-05,0.0007727303059415168,0.0007727303059415168,76212,44833
11005,15003,2015,2016,-0.009591282953941625,-0.008530139995270362,0.0010611429586712632,0.0010611429586712632,13493,7079
11005,15004,2015,2016,-0.12367719684195182,-0.10667675945573434,0.017000437386217482,0.017000437386217482,22155,13191
11005,15005,2015,2016,0.0034898291278540805,-0.011856960697319273,-0.015346789825173353,0.015346789825173353,2114,980
11005,15006,2015,2016,-0.04128621405849123,-0.0520884095795595,-0.010802195521068272,0.010802195521068272,13130,6551
11005,15007,2015,2016,-0.052231907001761606,-0.06576794866661619,-0.01353604166485458,0.01353604166485458,977,205
11005,16001,2015,2016,0.08439926736661285,0.0868938103278101,0.002494542961197249,0.002494542961197249,13190,5112
11005,16002,2015,2016,-0.03480023252785007,-0.06173293945062803,-0.02693270692277796,0.02693270692277796,21297,10810
11005,16003,2015,2016,-0.11665777403348263,-0.09376952820275276,0.02288824583072986,0.02288824583072986,2123,2811
11005,16004,2015,2016,0.10272580755375776,0.08484813299203937,-0.01787767456171839,0.01787767456171839,5058,4311
11006,11007,2015,2016,-0.03332817009348037,-0.005706586515187754,0.02762158357829262,0.02762158357829262,450,195
11006,11008,2015,2016,-0.12149804248030432,-0.14897718534554413,-0.02747914286523981,0.02747914286523981,2253,398
11006,12001,2015,2016,-0.05055155822709995,-0.05270843784575288,-0.002156879618652928,0.002156879618652928,11123,5632
11006,12002,2015,2016,-0.05612338540211031,-0.051547965466257346,0.004575419935852962,0.004575419935852962,1508,761
11006,12003,2015,2016,0.020707524259891415,0.020037894251883043,-0.0006696300080083727,0.0006696300080083727,20810,11541
11006,12004,2015,2016,0.006442881364517577,-0.023719522742357408,-0.030162404106874985,0.030162404106874985,5807,1848
11006,13001,2015,2016,0.04518889705986051,0.06130261240353853,0.016113715343678017,0.016113715343678017,17474,10219
11006,13002,2015,2016,-0.046510569236575997,-0.058592442307905515,-0.012081873071329519,0.012081873071329519,8660,4484
11006,13003,2015,2016,0.00939085130879646,0.012408527455496062,0.0030176761466996025,0.0030176761466996025,10632,5961
11006,13004,2015,2016,-0.04909287799059795,-0.07115973109297412,-0.022066853102376167,0.022066853102376167,6907,2589
11006,13005,2015,2016,0.03171198782925128,0.022804564339013254,-0.008907423490238028,0.008907423490238028,4483,1052
11006,14001,2015,2016,0.013167986836252962,0.01080122338521808,-0.002366763451034882,0.002366763451034882,13603,7499
11006,14002,2015,2016,0.016651182864769857,0.021644863616984835,0.004993680752214978,0.004993680752214978,2314,1059
11006,14003,2015,2016,0.03567182488992844,0.04398648715496935,0.008314662265040906,0.008314662265040906,7617,4496
11006,14004,2015,2016,-0.0881429058205421,-0.09068777681456446,-0.002544870994022355,0.002544870994022355,3260,1885
11006,14005,2015,2016,0.03038832653604983,0.024555830663224153,-0.005832495872825676,0.005832495872825676,4194,2037
11006,14006,2015,2016,-0.028904122014454248,-0.03075280627848493,-0.0018486842640306825,0.0018486842640306825,11434,4326
11006,14007,2015,2016,0.02139439962098615,0.02924976902868026,0.007855369407694112,0.007855369407694112,2089,1412
11006,15001,2015,2016,0.021824948063005185,0.0344141529814735,0.012589204918468318,0.012589204918468318,18799,8905
11006,15002,2015,2016,-0.012626199485865092,-0.01336235072097122,-0.0007361512351061281,0.0007361512351061281,23804,12968
11006,15003,2015,2016,-0.025299020323267602,-0.0375439191323207,-0.012244898809053096,0.012244898809053096,4003,1820
11006,15004,2015,2016,-0.02319784936075531,-0.01892833359592437,0.00426951576483094,0.00426951576483094,9869,5140
11006,15005,2015,2016,-0.014736124290144507,-0.02570522905723191,-0.010969104767087403,0.010969104767087403,608,264
11006,15006,2015,2016,0.005693797835919272,0.0024773446990134338,-0.003216453136905838,0.003216453136905838,5139,2440
11006,15007,2015,2016,-0.015050827992462585,-0.01011605386737995,0.004934774125082635,0.004934774125082635,398,92
11006,16001,2015,2016,-0.06897807152866592,-0.0673980510152873,0.0015800205133786188,0.0015800205133786188,2092,721
11006,16002,2015,2016,-0.023959879730942355,0.003382376050354253,0.027342255781296607,0.027342255781296607,6987,4061
11006,16003,2015,2016,-0.1289555945120841,-0.14321368927731118,-0.014258094765227075,0.014258094765227075,539,530
11006,16004,2015,2016,-0.032927280081460536,-0.05892644876882509,-0.025999168687364557,0.025999168687364557,806,631
11007,11008,2015,2016,-0.21580525099416278,-0.13229172763273186,0.08351352336143092,0.08351352336143092,103,33
11007,12001,2015,2016,-0.07331270307892032,-0.06410587042398808,0.009206832654932245,0.009206832654932245,1311,474
11007,12002,2015,2016,-0.028366370434481748,0.002495812521471873,0.03086218295595362,0.03086218295595362,256,109
11007,12003,2015,2016,0.058181313710989675,0.04019443107921865,-0.017986882631771027,0.017986882631771027,3933,1385
11007,12004,2015,2016,0.08584987564611858,0.11463036647085459,0.028780490824736008,0.028780490824736008,1433,453
11007,13001,2015,2016,-0.004065057676237472,-0.036682640369551545,-0.03261758269331407,0.03261758269331407,2196,686
11007,13002,2015,2016,-0.0248138566111893,-0.0005249519737249793,0.02428890463746432,0.02428890463746432,1371,590
11007,13003,2015,2016,0.03165473193927303,0.06932444104181476,0.03766970910254173,0.03766970910254173,1858,878
11007,13004,2015,2016,0.004329013057704732,-0.04372789062348279,-0.04805690368118752,0.04805690368118752,1336,276
11007,13005,2015,2016,-0.012067359381271958,-0.012772008313339502,-0.0007046489320675434,0.0007046489320675434,532,86
11007,14001,2015,2016,0.0020136544325677457,-0.018789448216856512,-0.020803102649424258,0.020803102649424258,1977,663
11007,14002,2015,2016,0.006710407015183827,-0.014406416699279287,-0.021116823714463114,0.021116823714463114,335,86
11007,14003,2015,2016,0.012033882834004212,0.013315481927359195,0.001281599093354983,0.001281599093354983,1062,421
11007,14004,2015,2016,-0.0013255918425418517,0.020200769251174856,0.02152636109371671,0.02152636109371671,775,353
11007,14005,2015,2016,-0.01334005340018345,-0.033482769960133996,-0.020142716559950546,0.020142716559950546,495,144
11007,14006,2015,2016,-0.008682030175319619,-0.0039162232096815195,0.004765806965638099,0.004765806965638099,1843,496
11007,14007,2015,2016,0.012810911398635303,0.03743873235453903,0.02462782095590373,0.02462782095590373,308,165
11007,15001,2015,2016,0.021572221940511775,-0.001939915025410583,-0.02351213696592236,0.02351213696592236,2953,805
11007,15002,2015,2016,-0.009601863912121384,-0.010000359973643774,-0.00039849606152238953,0.00039849606152238953,3566,1322
11007,15003,2015,2016,-0.0010614068496857035,0.006324508558992203,0.0073859154086779065,0.0073859154086779065,682,238
11007,15004,2015,2016,0.015351216228296296,0.021612417226576204,0.006261200998279908,0.006261200998279908,1795,654
11007,15005,2015,2016,0.026150335383202418,-0.020384355229617648,-0.04653469061282006,0.04653469061282006,127,27
11007,15006,2015,2016,0.015521907438022965,0.0023476002178047387,-0.013174307220218225,0.013174307220218225,837,253
11007,15007,2015,2016,0.05378256370295165,0.0689800794093206,0.015197515706368958,0.015197515706368958,107,20
11007,16001,2015,2016,-0.008165269910674535,-0.025321370993657572,-0.017156101082983037,0.017156101082983037,441,91
11007,16002,2015,2016,0.022762696355959667,0.03872056252903008,0.01595786617307041,0.01595786617307041,1351,528
11007,16003,2015,2016,0.006079819629745901,0.004209654624511898,-0.0018701650052340025,0.0018701650052340025,212,140
11007,16004,2015,2016,-0.018097298959419618,-0.020622246320157665,-0.0025249473607380467,0.0025249473607380467,130,79
11008,12001,2015,2016,0.0759620430724753,0.01924373811166257,-0.056718304960812725,0.056718304960812725,20738,4087
11008,12002,2015,2016,0.018342050387208247,0.0002539010620352035,-0.018088149325173043,0.018088149325173043,2745,562
11008,12003,2015,2016,0.012635893699684249,0.02310466538262101,0.010468771682936763,0.010468771682936763,23770,6403
11008,12004,2015,2016,0.009917622671943356,0.0349369362476374,0.025019313575694042,0.025019313575694042,6928,1364
11008,12005,2015,2016,0.07524478375951892,0.07002952772664568,-0.005215256032873233,0.005215256032873233,47,6
11008,13001,2015,2016,-0.0411510153065146,-0.06719216768657035,-0.026041152380055756,0.026041152380055756,15009,3327
11008,13002,2015,2016,0.10769998045920143,0.11639553485087968,0.008695554391678254,0.008695554391678254,18158,5004
11008,13003,2015,2016,-0.08139738525783184,-0.07348093387000088,0.007916451387830967,0.007916451387830967,8489,2140
11008,13004,2015,2016,-0.024712027797432,0.012490079376005258,0.037202107173437256,0.037202107173437256,9125,2093
11008,13005,2015,2016,0.06732000526022174,0.04605170327366728,-0.021268301986554453,0.021268301986554453,6150,664
11008,14001,2015,2016,-0.023492942239756676,-0.034170280235618425,-0.01067733799586175,0.01067733799586175,13915,3349
11008,14002,2015,2016,-0.022149599197104262,-0.02925916179385472,-0.007109562596750458,0.007109562596750458,2188,419
11008,14003,2015,2016,0.0006254089895711328,-0.02809410818439214,-0.028719517173963274,0.028719517173963274,7678,1753
11008,14004,2015,2016,0.1036837692343797,0.11264355893977715,0.008959789705397445,0.008959789705397445,9394,2744
11008,14005,2015,2016,-0.050171797066556986,-0.06449323258192836,-0.014321435515371378,0.014321435515371378,3257,658
11008,14006,2015,2016,-0.011553953399689022,-0.003297823295986478,0.008256130103702543,0.008256130103702543,14448,2629
11008,14007,2015,2016,-0.024076090638084857,-0.01925815208329557,0.004817938554789288,0.004817938554789288,1892,580
11008,15001,2015,2016,-0.02659632374343859,-0.044611623816097845,-0.018015300072659255,0.018015300072659255,18663,3506
11008,15002,2015,2016,-0.02150810222635206,-0.02212162043694652,-0.0006135182105944589,0.0006135182105944589,27273,6738
11008,15003,2015,2016,-0.005642361775192063,0.0020441124744601516,0.007686474249652214,0.007686474249652214,5205,1208
11008,15004,2015,2016,-0.036788550413612994,-0.021174132509509266,0.015614417904103728,0.015614417904103728,11015,2723
11008,15005,2015,2016,-0.0064985998700543045,-0.012455600436236582,-0.005957000566182278,0.005957000566182278,758,156
11008,15006,2015,2016,0.016152176564129893,-0.008647298768397049,-0.02479947533252694,0.02479947533252694,6332,1246
11008,15007,2015,2016,0.03658345124782432,0.036010762443695644,-0.0005726888041286751,0.0005726888041286751,671,73
11008,16001,2015,2016,0.09707200686349987,0.11555747233938768,0.018485465475887808,0.018485465475887808,5736,1119
11008,16002,2015,2016,-0.053388896955070764,-0.02002338568932381,0.03336551126574695,0.03336551126574695,7213,1961
11008,16003,2015,2016,0.07141376820745714,0.11356159639315909,0.04214782818570195,0.04214782818570195,2341,1318
11008,16004,2015,2016,0.007401598535864674,0.036183909137775576,0.0287823106019109,0.0287823106019109,1235,615
12001,12002,2015,2016,-0.45686512570907334,-0.38286082022304446,0.07400430548602888,0.07400430548602888,188,237
12001,12003,2015,2016,-0.6309138886001627,-0.569202011294517,0.06171187730564576,0.06171187730564576,1676,2500
12001,12004,2015,2016,-0.49627246079463383,-0.39637125249453614,0.09990120830009769,0.09990120830009769,699,644
12001,12005,2015,2016,-0.2255814975553608,-0.11792329384434068,0.10765820371102013,0.10765820371102013,5,5
12001,13001,2015,2016,0.004850200300047996,0.02150206020553695,0.016651859905488953,0.016651859905488953,54119,30749
12001,13002,2015,2016,0.015604573760004601,-0.02535737025788478,-0.040961944017889385,0.040961944017889385,39640,18846
12001,13003,2015,2016,-0.09124009341493693,-0.070396828364927,0.020843265050009926,0.020843265050009926,27724,16305
12001,13004,2015,2016,0.09209474368804416,0.10692490704464239,0.01483016335659823,0.01483016335659823,39859,17351
12001,13005,2015,2016,-0.019413394786674365,-0.017661177823697253,0.0017522169629771121,0.0017522169629771121,12789,3005
12001,14001,2015,2016,0.02340618965482671,0.036424939395165036,0.013018749740338325,0.013018749740338325,49352,27699
12001,14002,2015,2016,0.033278626247264236,0.029590397739069053,-0.003688228508195182,0.003688228508195182,8736,3760
12001,14003,2015,2016,-0.012079979825240264,-0.009277174180044867,0.0028028056451953973,0.0028028056451953973,22496,12794
12001,14004,2015,2016,0.024152800139015943,-0.0133515644866098,-0.037504364625625744,0.037504364625625744,20214,10054
12001,14005,2015,2016,0.0555210887702266,0.05546641234751892,-5.467642270767792e-05,5.467642270767792e-05,15879,7777
12001,14006,2015,2016,-0.052266680653231645,-0.05073741421543639,0.0015292664377952528,0.0015292664377952528,39989,14917
12001,14007,2015,2016,-0.04462910491306103,-0.03526782805753767,0.009361276855523362,0.009361276855523362,5382,3642
12001,15001,2015,2016,-0.004226044898731011,0.006268644872129715,0.010494689770860726,0.010494689770860726,62032,28224
12001,15002,2015,2016,0.007587868844724077,0.010191957608781976,0.0026040887640578986,0.0026040887640578986,90498,48556
12001,15003,2015,2016,-0.012941734562027006,-0.0061365628140598065,0.0068051717479672,0.0068051717479672,15591,7596
12001,15004,2015,2016,-0.07201515471362101,-0.05840109641643211,0.013614058297188897,0.013614058297188897,31528,16519
12001,15005,2015,2016,0.022696979724769056,0.031854348143393066,0.00915736841862401,0.00915736841862401,2738,1325
12001,15006,2015,2016,0.06271898699101432,0.028672809265328343,-0.034046177725685974,0.034046177725685974,22156,9385
12001,15007,2015,2016,0.005145613477564819,-0.020295364360211614,-0.02544097783777643,0.02544097783777643,1648,306
12001,16001,2015,2016,0.016131595652993748,-0.017994331223456266,-0.03412592687645001,0.03412592687645001,11870,3522
12001,16002,2015,2016,-0.10060456330650708,-0.08850187494130084,0.01210268836520624,0.01210268836520624,19787,10485
12001,16003,2015,2016,-0.02098955051994822,-0.03452640517711383,-0.013536854657165608,0.013536854657165608,4332,3988
12001,16004,2015,2016,0.05353067919987947,0.04629252217927495,-0.00723815702060452,0.00723815702060452,4684,3909
12002,12003,2015,2016,-0.4736596280743279,-0.4007259356652857,0.07293369240904218,0.07293369240904218,284,401
12002,12004,2015,2016,-0.39707841131447624,-0.30084998865055157,0.09622842266392467,0.09622842266392467,97,98
12002,13001,2015,2016,-0.09684500383652593,-0.05417989125361347,0.04266511258291246,0.04266511258291246,5225,3427
12002,13002,2015,2016,0.04310802639854458,0.02103511864388263,-0.02207290775466195,0.02207290775466195,7139,3314
12002,13003,2015,2016,0.0907536369072407,0.05361336529878277,-0.037140271608457925,0.037140271608457925,8428,3773
12002,13004,2015,2016,-0.026365790284030403,-0.0011426290714582552,0.02522316121257215,0.02522316121257215,4211,1897
12002,13005,2015,2016,-0.006060634921436587,-0.012527656435373399,-0.006467021513936811,0.006467021513936811,2066,448
12002,14001,2015,2016,0.0006930396978890319,0.006456128305601778,0.005763088607712746,0.005763088607712746,7237,3895
12002,14002,2015,2016,-0.04857944831709594,-0.0343978857695745,0.01418156254752144,0.01418156254752144,854,392
12002,14003,2015,2016,0.03680819645478049,0.025969390821252585,-0.010838805633527907,0.010838805633527907,4358,2231
12002,14004,2015,2016,-0.00948558447278405,-0.03853010435805479,-0.02904451988527074,0.02904451988527074,2742,1271
12002,14005,2015,2016,-0.04153321789568361,-0.022012786906315713,0.019520430989367895,0.019520430989367895,1568,832
12002,14006,2015,2016,-0.007602561083705878,-0.007725405075823775,-0.0001228439921178966,0.0001228439921178966,6916,2496
12002,14007,2015,2016,0.08300133417383133,0.06201956761050268,-0.020981766563328653,0.020981766563328653,1684,909
12002,15001,2015,2016,-0.014554715492124564,-0.00663360962175963,0.007921105870364934,0.007921105870364934,9137,4030
12002,15002,2015,2016,0.01727867910611656,0.011929649925295289,-0.005349029180821273,0.005349029180821273,14755,7428
12002,15003,2015,2016,0.007432373730713858,-0.001484469720223591,-0.00891684345093745,0.00891684345093745,2641,1149
12002,15004,2015,2016,0.022047303411873477,0.019943276468100304,-0.0021040269437731726,0.0021040269437731726,6694,3194
12002,15005,2015,2016,0.0005346485896949706,0.005339862959669318,0.0048052143699743475,0.0048052143699743475,377,173
12002,15006,2015,2016,0.009218605038587019,0.013930454826219988,0.00471184978763297,0.00471184978763297,2930,1366
12002,15007,2015,2016,-0.021957638518369554,-0.005553294613793472,0.016404343904576082,0.016404343904576082,208,50
12002,16001,2015,2016,0.012749275676988994,0.013916291205936702,0.001167015528947709,0.001167015528947709,1860,620
12002,16002,2015,2016,0.02826292782562192,0.032516351737967526,0.0042534239123456045,0.0042534239123456045,4972,2459
12002,16003,2015,2016,-0.07808929455748913,-0.07833159313918335,-0.00024229858169422247,0.00024229858169422247,422,412
12002,16004,2015,2016,-0.008976359248355693,0.014553744114400441,0.023530103362756134,0.023530103362756134,525,523
12003,12004,2015,2016,-0.5439483110536373,-0.43998762826742627,0.10396068278621101,0.10396068278621101,746,880
12003,12005,2015,2016,-0.20893273164758425,-0.15817154160374988,0.050761190043834364,0.050761190043834364,10,5
12003,13001,2015,2016,0.07184226401847875,0.0359929762517016,-0.03584928776677715,0.03584928776677715,87605,48670
12003,13002,2015,2016,0.001967402172143012,0.040046933498946294,0.03807953132680328,0.03807953132680328,54320,34327
12003,13003,2015,2016,-0.03361942751581154,-0.01599736085981015,0.01762206665600139,0.01762206665600139,48076,30034
12003,13004,2015,2016,-0.09470052838821727,-0.10159750071480804,-0.0068969723265907695,0.0068969723265907695,33444,14663
12003,13005,2015,2016,0.06739936438065447,0.054479158823732915,-0.012920205556921555,0.012920205556921555,24405,6265
12003,14001,2015,2016,-0.00913171770982505,-0.01024967472608143,-0.0011179570162563792,0.0011179570162563792,64869,38724
12003,14002,2015,2016,0.0166026049677593,0.009852341953212693,-0.006750263014546606,0.006750263014546606,11530,5351
12003,14003,2015,2016,0.028673757714559975,0.03404033485847255,0.005366577143912574,0.005366577143912574,36157,22404
12003,14004,2015,2016,-0.04388264971670633,-0.005213841801473266,0.03866880791523306,0.03866880791523306,22928,16132
12003,14005,2015,2016,-0.03181189883374643,-0.040373686480558196,-0.008561787646811765,0.008561787646811765,16436,8567
12003,14006,2015,2016,0.04242540149192478,0.018625409716827003,-0.023799991775097777,0.023799991775097777,71955,28259
12003,14007,2015,2016,-0.027270786493089793,-0.0018905735098950604,0.025380212983194733,0.025380212983194733,8421,6577
12003,15001,2015,2016,-0.03299618194636953,-0.025949224986396388,0.007046956959973143,0.007046956959973143,83466,41124
12003,15002,2015,2016,-0.019211890531850153,-0.01866827796215844,0.0005436125696917128,0.0005436125696917128,123086,72268
12003,15003,2015,2016,-0.011716193140305553,-0.005778466336328099,0.005937726803977454,0.005937726803977454,22389,11873
12003,15004,2015,2016,0.025780004497586412,0.027560972924570645,0.0017809684269842335,0.0017809684269842335,59074,32388
12003,15005,2015,2016,-0.06844436030459823,-0.07445462604328801,-0.006010265738689777,0.006010265738689777,2354,1147
12003,15006,2015,2016,-0.10767891235990222,-0.07085188721293399,0.03682702514696823,0.03682702514696823,17432,10430
12003,15007,2015,2016,-0.042903879263157765,-0.021192065698894164,0.0217118135642636,0.0217118135642636,1770,478
12003,16001,2015,2016,0.02586113768681671,0.0438286233951496,0.017967485708332887,0.017967485708332887,17387,7003
12003,16002,2015,2016,0.05097374032631752,0.04638265836598907,-0.0045910819603284456,0.0045910819603284456,45483,24660
12003,16003,2015,2016,-0.03361987425034099,0.007004118931122069,0.040623993181463064,0.040623993181463064,5851,7397
12003,16004,2015,2016,-0.041158877139211784,-0.02155770254460379,0.019601174594607994,0.019601174594607994,4180,4549
12004,13001,2015,2016,-0.20960450431716024,-0.22340900000409433,-0.013804495686934093,0.013804495686934093,9145,3186
12004,13002,2015,2016,0.09684816702124323,0.1315730752824301,0.03472490826118686,0.03472490826118686,21718,9551
12004,13003,2015,2016,0.13023238267897408,0.10443188974927801,-0.025800492929696064,0.025800492929696064,23317,8696
12004,13004,2015,2016,0.0027145423433338764,-0.008868103694557641,-0.011582646037891518,0.011582646037891518,12940,3695
12004,13005,2015,2016,-0.03568748629661423,-0.06323954182352964,-0.027552055526915413,0.027552055526915413,4794,665
12004,14001,2015,2016,-0.025492959452588383,-0.07249363255932745,-0.04700067310673907,0.04700067310673907,17566,5724
12004,14002,2015,2016,-0.08757292719554964,-0.10023157441726536,-0.012658647221715724,0.012658647221715724,1888,525
12004,14003,2015,2016,-0.028224904530915158,-0.05768768239787897,-0.029462777866963812,0.029462777866963812,8581,3035
12004,14004,2015,2016,0.14207915941436255,0.1725499085818209,0.030470749167458344,0.030470749167458344,13280,6172
12004,14005,2015,2016,-0.11524483450827305,-0.13248699102991848,-0.01724215652164543,0.01724215652164543,2887,881
12004,14006,2015,2016,-0.03968650387855568,-0.03020793329707453,0.009478570581481147,0.009478570581481147,16525,4597
12004,14007,2015,2016,0.03888648178468416,0.011457985124205356,-0.0274284966604788,0.0274284966604788,3368,1359
12004,15001,2015,2016,-0.03835046261801874,-0.05900510707142786,-0.020654644453409116,0.020654644453409116,22823,6671
12004,15002,2015,2016,-0.02626056513676497,-0.04523602414532955,-0.018975459008564576,0.018975459008564576,34180,12391
12004,15003,2015,2016,-0.018764847615767626,-0.03589483362145762,-0.017129986005689997,0.017129986005689997,6202,1947
12004,15004,2015,2016,0.05262640626194751,0.017398685615400592,-0.03522772064654692,0.03522772064654692,19380,6283
12004,15005,2015,2016,-0.030484963498493094,-0.008408334328589792,0.0220766291699033,0.0220766291699033,818,316
12004,15006,2015,2016,0.011803175828036026,0.033142969098726854,0.021339793270690827,0.021339793270690827,7829,2973
12004,15007,2015,2016,0.048679001187719645,0.06446511488593229,0.015786113698212645,0.015786113698212645,908,171
12004,16001,2015,2016,-0.008167481069755405,-0.008038074571173144,0.00012940649858226086,0.00012940649858226086,4423,1095
12004,16002,2015,2016,0.04777355609071046,0.020882651780680394,-0.026890904310030068,0.026890904310030068,13867,4621
12004,16003,2015,2016,0.19090113907632464,0.18240721041116065,-0.008493928665163991,0.008493928665163991,4988,3184
12004,16004,2015,2016,-0.04308145301251055,-0.03161088708083763,0.011470565931672914,0.011470565931672914,1137,796
12005,13001,2015,2016,0.0016629047769193734,0.005233257150183373,0.003570352373264,0.003570352373264,78,23
12005,13002,2015,2016,0.041280393867948184,-0.022768185995416232,-0.06404857986336442,0.06404857986336442,79,12
12005,13003,2015,2016,-0.03147181653423353,-0.021774372217793294,0.009697444316440238,0.009697444316440238,39,12
12005,13004,2015,2016,-0.05698962768455678,-0.0058440727034892006,0.05114555498106758,0.05114555498106758,25,9
12005,14001,2015,2016,-0.00642983715942351,0.03362127490562734,0.040051112065050846,0.040051112065050846,63,26
12005,14003,2015,2016,-0.03325237601393717,0.010837022267503675,0.044089398281440845,0.044089398281440845,24,11
12005,14004,2015,2016,0.05463028072152847,-0.025006897216435238,-0.07963717793796371,0.07963717793796371,45,6
12005,14005,2015,2016,-0.0652705218425868,0.02163913665310665,0.08690965849569346,0.08690965849569346,9,6
12005,14006,2015,2016,0.012178188433699576,-0.0077814569439036245,-0.0199596453776032,0.0199596453776032,74,12
12005,15001,2015,2016,-0.02463241660006041,-0.009303945901004978,0.01532847069905543,0.01532847069905543,72,19
12005,15002,2015,2016,-0.009630992874006448,0.018540585395103795,0.028171578269110244,0.028171578269110244,118,42
12005,15003,2015,2016,-0.006411888727952306,0.0030125075357891537,0.00942439626374146,0.00942439626374146,22,6
12005,15004,2015,2016,-0.010181381308848075,-0.01172578861216869,-0.0015444073033206145,0.0015444073033206145,51,13
12005,16001,2015,2016,0.005766159518381977,0.05103971190496692,0.045273552386584946,0.045273552386584946,17,5
12005,16002,2015,2016,0.018764943197992996,-0.06783191298040901,-0.08659685617840202,0.08659685617840202,48,5
12005,16003,2015,2016,0.08577134889565038,0.05087361162416109,-0.034897737271489294,0.034897737271489294,17,6
13001,13002,2015,2016,-0.5781459660631642,-0.510499598946351,0.06764636711681316,0.06764636711681316,1022,1753
13001,13003,2015,2016,-0.5990162228565514,-0.5689418255340901,0.03007439732246131,0.03007439732246131,677,853
13001,13004,2015,2016,-0.5700776384040747,-0.4837918781967781,0.08628576020729656,0.08628576020729656,717,943
13001,13005,2015,2016,-0.4928625731990744,-0.3753875012997825,0.1174750718992919,0.1174750718992919,407,287
13001,14001,2015,2016,0.04186652780921653,0.07849680133962122,0.0366302735304047,0.0366302735304047,56134,35891
13001,14002,2015,2016,0.07605148040838643,0.08063216126671126,0.0045806808583248315,0.0045806808583248315,11224,5458
13001,14003,2015,2016,-0.021224246639806148,-0.007076782608231673,0.014147464031574474,0.014147464031574474,23850,15433
13001,14004,2015,2016,-0.23469242326798703,-0.2518525300512142,-0.017160106783227186,0.017160106783227186,7128,4330
13001,14005,2015,2016,0.1345379449942643,0.1296220676368986,-0.0049158773573657055,0.0049158773573657055,22134,11583
13001,14006,2015,2016,0.039257220462342965,0.03043164582592788,-0.008825574636415087,0.008825574636415087,55362,22483
13001,14007,2015,2016,-0.08739467361927884,-0.09741267493126868,-0.010018001311989835,0.010018001311989835,4743,3279
13001,15001,2015,2016,0.06890576393639256,0.07728333625222644,0.008377572315833887,0.008377572315833887,78789,38950
13001,15002,2015,2016,0.0366423005561123,0.050573633019606413,0.013931332463494116,0.013931332463494116,103915,61762
13001,15003,2015,2016,0.00783175460575455,0.024725236264288734,0.016893481658534184,0.016893481658534184,18345,10107
13001,15004,2015,2016,-0.04628321037011762,-0.02391617940974686,0.02236703096037076,0.02236703096037076,37446,21989
13001,15005,2015,2016,-0.016532281840439884,0.011574110262951806,0.028106392103391692,0.028106392103391692,2411,1419
13001,15006,2015,2016,-0.003336455226574415,-0.02435695223866068,-0.021020497012086265,0.021020497012086265,19401,9343
13001,15007,2015,2016,-0.02693877456724849,-0.028176692716624815,-0.0012379181493763249,0.0012379181493763249,1483,348
13001,16001,2015,2016,-0.1864263641369785,-0.1812216945744237,0.005204669562554803,0.005204669562554803,4941,1808
13001,16002,2015,2016,-0.05385414135854509,-0.046980100743861455,0.006874040614683635,0.006874040614683635,25727,14645
13001,16003,2015,2016,-0.21704114494389337,-0.22376733822546846,-0.006726193281575088,0.006726193281575088,1399,1753
13001,16004,2015,2016,-0.011536815570115528,-0.03597698624265382,-0.024440170672538293,0.024440170672538293,3711,3251
13002,13003,2015,2016,-0.5411778359190416,-0.5024140856125563,0.03876375030648527,0.03876375030648527,758,887
13002,13004,2015,2016,-0.5390093390877065,-0.43848043772993917,0.10052890135776738,0.10052890135776738,538,776
13002,13005,2015,2016,-0.45145824310109517,-0.3414291474639071,0.11002909563718805,0.11002909563718805,379,234
13002,14001,2015,2016,-0.10849519700345547,-0.1329187554992302,-0.02442355849577474,0.02442355849577474,25512,13956
13002,14002,2015,2016,-0.10093609463232872,-0.1096110180034341,-0.008674923371105384,0.008674923371105384,3484,1530
13002,14003,2015,2016,0.04455525189633917,0.01751609530082908,-0.027039156595510087,0.027039156595510087,21093,11520
13002,14004,2015,2016,0.3119907478775429,0.3549762865673838,0.042985538689840896,0.042985538689840896,35247,21966
13002,14005,2015,2016,-0.20370045943298778,-0.2048066430621341,-0.001106183629146329,0.001106183629146329,3501,1851
13002,14006,2015,2016,-0.05957646351480899,-0.07410570424827882,-0.014529240733469832,0.014529240733469832,29853,11249
13002,14007,2015,2016,-0.04922792253268322,-0.05419896051279709,-0.00497103798011387,0.00497103798011387,4023,2724
13002,15001,2015,2016,-0.11473034974422795,-0.13395330223957827,-0.019222952495350318,0.019222952495350318,34911,15440
13002,15002,2015,2016,-0.08047755518030834,-0.11517431396306868,-0.03469675878276034,0.03469675878276034,57063,30230
13002,15003,2015,2016,-0.028472533716306724,-0.05517697605484992,-0.026704442338543195,0.026704442338543195,11308,5127
13002,15004,2015,2016,-0.049519865980710016,-0.08325589422974432,-0.0337360282490343,0.0337360282490343,25871,12396
13002,15005,2015,2016,-0.008538310017053907,-0.025393968317101646,-0.01685565830004774,0.01685565830004774,1785,792
13002,15006,2015,2016,0.03856333450493685,0.03177488920304104,-0.006788445301895804,0.006788445301895804,16043,7879
13002,15007,2015,2016,0.026228381402971266,0.00747168735952374,-0.018756694043447528,0.018756694043447528,1452,306
13002,16001,2015,2016,0.23804572631446902,0.2367349945396874,-0.0013107317747816094,0.0013107317747816094,19620,7535
13002,16002,2015,2016,-0.09795211883843442,-0.11119098304256482,-0.013238864204130396,0.013238864204130396,15068,7762
13002,16003,2015,2016,0.25699283610121126,0.27400456002126033,0.01701172392004907,0.01701172392004907,10593,9768
13002,16004,2015,2016,-0.0473051288134735,-0.005576521292222266,0.04172860752125123,0.04172860752125123,2138,2572
13003,13004,2015,2016,-0.5901049838702549,-0.550854017177581,0.039250966692673916,0.039250966692673916,207,171
13003,13005,2015,2016,-0.4727099645066534,-0.40721203929943794,0.06549792520721548,0.06549792520721548,265,104
13003,14001,2015,2016,-0.008328021890167108,-0.010844225890589835,-0.002516204000422727,0.002516204000422727,34101,20169
13003,14002,2015,2016,-0.09986772334428068,-0.09676200555295067,0.0031057177913300094,0.0031057177913300094,3385,1631
13003,14003,2015,2016,-0.013058921719671953,0.01006645711913004,0.023125378838801995,0.023125378838801995,16775,11135
13003,14004,2015,2016,-0.11015744532473268,-0.11795009593612059,-0.007792650611387911,0.007792650611387911,8744,5351
13003,14005,2015,2016,-0.045646482609993065,-0.05589771447653689,-0.010251231866543822,0.010251231866543822,7979,4085
13003,14006,2015,2016,0.07115491408204884,0.06417208258669421,-0.006982831495354627,0.006982831495354627,41959,17069
13003,14007,2015,2016,0.16576497869925227,0.1883795068020993,0.02261452810284703,0.02261452810284703,9909,7050
13003,15001,2015,2016,0.040724261503994406,0.040158380561970346,-0.0005658809420240607,0.0005658809420240607,52027,25119
13003,15002,2015,2016,0.03963651493138712,0.0544104707243419,0.014773955792954784,0.014773955792954784,72900,43299
13003,15003,2015,2016,-0.023012825932877647,-0.005824433559771876,0.017188392373105772,0.017188392373105772,11197,6211
13003,15004,2015,2016,0.16957931097831702,0.1630458656481488,-0.006533445330168225,0.006533445330168225,45633,24123
13003,15005,2015,2016,-0.10600166794024421,-0.07418680849817234,0.031814859442071866,0.031814859442071866,911,573
13003,15006,2015,2016,-0.005356011812979147,0.021336215627027942,0.02669222744000709,0.02669222744000709,13229,7517
13003,15007,2015,2016,0.009231576039731449,0.04414864673357053,0.03491707069383908,0.03491707069383908,1271,386
13003,16001,2015,2016,-0.2366869173619826,-0.2511413651866534,-0.014454447824670813,0.014454447824670813,2203,675
13003,16002,2015,2016,0.14679847409158503,0.16953549854283897,0.022737024451253945,0.022737024451253945,32385,18494
13003,16003,2015,2016,-0.05071215065059222,-0.06317263447755224,-0.012460483826960016,0.012460483826960016,2743,2819
13003,16004,2015,2016,-0.1705352826265218,-0.08893610860128338,0.0815991740252384,0.0815991740252384,887,1646
13004,13005,2015,2016,-0.4700303306416202,-0.3377870444230826,0.1322432862185376,0.1322432862185376,199,122
13004,14001,2015,2016,0.06648104275476371,0.06251972959097116,-0.003961313163792557,0.003961313163792557,35542,15950
13004,14002,2015,2016,0.07041876575924147,0.0722314836308852,0.0018127178716437348,0.0018127178716437348,6596,2444
13004,14003,2015,2016,-0.01971299528216469,-0.03186390055320372,-0.012150905271039028,0.012150905271039028,13727,6083
13004,14004,2015,2016,-0.028114972705825712,-0.05027094407679744,-0.02215597137097173,0.02215597137097173,10488,4451
13004,14005,2015,2016,0.032614014320209175,0.041993470006794945,0.00937945568658577,0.00937945568658577,9387,3981
13004,14006,2015,2016,-0.054159836364893375,-0.028478519181333838,0.025681317183559538,0.025681317183559538,24481,8196
13004,14007,2015,2016,-0.10345536658144198,-0.1373601490095716,-0.03390478242812962,0.03390478242812962,2363,1019
13004,15001,2015,2016,-0.012309869509745783,-0.008551419500116881,0.003758450009628902,0.003758450009628902,38251,14164
13004,15002,2015,2016,-0.0009747355400606564,-0.0045463236880683225,-0.003571588148007666,0.003571588148007666,56231,24637
13004,15003,2015,2016,0.009110141816318676,0.01824185130503492,0.009131709488716245,0.009131709488716245,10722,4387
13004,15004,2015,2016,-0.08632393270201474,-0.09735596662614047,-0.011032033924125731,0.011032033924125731,18210,7106
13004,15005,2015,2016,0.07312697344131595,0.07747270428704862,0.00434573084573267,0.00434573084573267,2303,913
13004,15006,2015,2016,-0.031942257205796264,-0.04292978036067199,-0.01098752315487573,0.01098752315487573,9960,3678
13004,15007,2015,2016,-0.02003225338669225,-0.05361924323408747,-0.03358698984739522,0.03358698984739522,886,121
13004,16001,2015,2016,0.08529050975998281,0.09212609884244273,0.006835589082459917,0.006835589082459917,10004,3044
13004,16002,2015,2016,0.00010731042577554742,-0.030750912545307117,-0.030858222971082663,0.030858222971082663,17684,6557
13004,16003,2015,2016,-0.10736961281857052,-0.09008647616215609,0.017283136656414427,0.017283136656414427,1603,1502
13004,16004,2015,2016,0.146783771287228,0.12824623648799777,-0.018537534799230232,0.018537534799230232,4669,3015
13005,14001,2015,2016,0.015081055862152174,0.009682976533750024,-0.005398079328402149,0.005398079328402149,13861,3531
13005,14002,2015,2016,0.002437071820991892,0.031843844812151786,0.029406772991159895,0.029406772991159895,2163,538
13005,14003,2015,2016,0.030456595008188782,0.026360593827478712,-0.00409600118071007,0.00409600118071007,7535,2002
13005,14004,2015,2016,-0.025564516130477142,-0.03564489250641146,-0.010080376375934317,0.010080376375934317,4621,1149
13005,14005,2015,2016,-0.0364393890082607,-0.015109525008580647,0.02132986399968005,0.02132986399968005,3003,773
13005,14006,2015,2016,-0.014463581759983381,-0.022893838284888092,-0.00843025652490471,0.00843025652490471,12268,2064
13005,14007,2015,2016,0.05445607299224905,0.04328793213736914,-0.01116814085487991,0.01116814085487991,2525,735
13005,15001,2015,2016,-0.021558997627825136,-0.02343102798886618,-0.0018720303610410445,0.0018720303610410445,16297,3333
13005,15002,2015,2016,-0.012973711575320356,-0.014865038383441206,-0.0018913268081208502,0.0018913268081208502,24062,5989
13005,15003,2015,2016,-0.010363224448658778,0.009607109488438405,0.019970333937097184,0.019970333937097184,4371,1092
13005,15004,2015,2016,-0.009914637032519203,-0.031673518974580386,-0.021758881942061183,0.021758881942061183,10557,2231
13005,15005,2015,2016,-0.004198372334511758,-0.015218902515552305,-0.011020530181040548,0.011020530181040548,662,132
13005,15006,2015,2016,-0.003512241229398524,-0.010772660376734319,-0.007260419147335795,0.007260419147335795,4975,1065
13005,15007,2015,2016,0.02702737511956848,-0.002119111152612364,-0.029146486272180843,0.029146486272180843,544,46
13005,16001,2015,2016,-0.015859548820986755,-0.005331864068176044,0.010527684752810712,0.010527684752810712,2878,491
13005,16002,2015,2016,0.019491744663739683,0.010372939372840125,-0.009118805290899559,0.009118805290899559,8556,1979
13005,16003,2015,2016,-0.07369987420216668,-0.04488021230980448,0.0288196618923622,0.0288196618923622,831,461
13005,16004,2015,2016,0.05195585431598568,0.0927810226524809,0.040825168336495216,0.040825168336495216,1393,743
14001,14002,2015,2016,-0.43394370601736737,-0.3759428434903554,0.058000862527011976,0.058000862527011976,237,232
14001,14003,2015,2016,-0.5294995076520411,-0.502624832710483,0.026874674941558152,0.026874674941558152,527,604
14001,14004,2015,2016,-0.5238238323864557,-0.4606736590598457,0.06315017332660999,0.06315017332660999,354,645
14001,14005,2015,2016,-0.4954075790132977,-0.45713455558759797,0.038273023425699715,0.038273023425699715,263,265
14001,14006,2015,2016,-0.6019039464836248,-0.530594791497633,0.07130915498599177,0.07130915498599177,801,752
14001,14007,2015,2016,-0.40194728174223454,-0.39572399059641133,0.0062232911458232065,0.0062232911458232065,290,279
14001,15001,2015,2016,0.016939402370812706,0.026145324062446414,0.009205921691633707,0.009205921691633707,61825,30631
14001,15002,2015,2016,0.028733613960265927,0.041353403922837186,0.012619789962571258,0.012619789962571258,89498,53129
14001,15003,2015,2016,-0.022338395361674226,0.007254739379288418,0.029593134740962646,0.029593134740962646,14269,8275
14001,15004,2015,2016,0.005693532193697642,0.000476449530391588,-0.005217082663306055,0.005217082663306055,37676,20329
14001,15005,2015,2016,-0.0329919463157369,-0.03144007836779239,0.001551867947944513,0.001551867947944513,1899,966
14001,15006,2015,2016,-0.01238108287540537,-0.02084156471558153,-0.008460481840176162,0.008460481840176162,16319,8181
14001,15007,2015,2016,-0.028151696793816128,-0.03225430035621864,-0.00410260356240251,0.00410260356240251,1275,292
14001,16001,2015,2016,-0.060221598380596146,-0.07854995898764405,-0.018328360607047907,0.018328360607047907,8146,2738
14001,16002,2015,2016,0.02325908101653865,0.01628760163991461,-0.00697147937662404,0.00697147937662404,28523,15364
14001,16003,2015,2016,-0.1280191115455551,-0.12402234278536382,0.003996768760191269,0.003996768760191269,2220,2676
14001,16004,2015,2016,0.0281390255542012,0.02351674523748549,-0.004622280316715709,0.004622280316715709,3947,3680
14002,14003,2015,2016,-0.3986979858642429,-0.3488864826586449,0.04981150320559796,0.04981150320559796,120,114
14002,14004,2015,2016,-0.4002871284938563,-0.339228573594622,0.061058554899234285,0.061058554899234285,80,91
14002,14005,2015,2016,-0.353787846706392,-0.3192453618590861,0.03454248484730593,0.03454248484730593,87,55
14002,14006,2015,2016,-0.4666907702917898,-0.3826354900902667,0.08405528020152309,0.08405528020152309,144,116
14002,14007,2015,2016,-0.3209867925105247,-0.306825906140809,0.014160886369715686,0.014160886369715686,50,36
14002,15001,2015,2016,0.01713902885108644,0.024122021339300078,0.0069829924882136366,0.0069829924882136366,10394,4161
14002,15002,2015,2016,-0.003232925499236908,0.007764760451035377,0.010997685950272285,0.010997685950272285,13630,6626
14002,15003,2015,2016,-0.0029529857035485493,0.007561228261195279,0.010514213964743828,0.010514213964743828,2489,1094
14002,15004,2015,2016,-0.047917635379994425,-0.03448234738775628,0.013435287992238143,0.013435287992238143,4788,2230
14002,15005,2015,2016,-0.0034895824075977123,0.004778694366008592,0.008268276773606306,0.008268276773606306,365,156
14002,15006,2015,2016,-0.015729621097003373,-0.03683929200919291,-0.02110967091218954,0.02110967091218954,2552,927
14002,15007,2015,2016,-0.016441261414873308,-0.008655376392794602,0.007785885022078706,0.007785885022078706,217,44
14002,16001,2015,2016,-0.07317023136212115,-0.05677549267088603,0.016394738691235124,0.016394738691235124,1083,351
14002,16002,2015,2016,-0.039401840028824645,-0.03531351513301926,0.0040883248958053856,0.0040883248958053856,3531,1582
14002,16003,2015,2016,-0.10221092850745925,-0.11326390991580237,-0.011052981408343127,0.011052981408343127,346,284
14002,16004,2015,2016,0.01737530633915361,-0.02536400930804135,-0.042739315647194964,0.042739315647194964,629,364
14003,14004,2015,2016,-0.45997875558824525,-0.42539858110494194,0.034580174483303305,0.034580174483303305,240,300
14003,14005,2015,2016,-0.44609260478257506,-0.4114052240073243,0.03468738077525074,0.03468738077525074,152,150
14003,14006,2015,2016,-0.5350452862413452,-0.4944303433993997,0.0406149428419455,0.0406149428419455,476,315
14003,14007,2015,2016,-0.3567140175185394,-0.38104027014399483,-0.024326252625455458,0.024326252625455458,171,114
14003,15001,2015,2016,-0.021764952445774238,-0.009600945164476926,0.012164007281297311,0.012164007281297311,27980,14540
14003,15002,2015,2016,-0.027246084917818138,-0.013500858759280353,0.013745226158537785,0.013745226158537785,39541,24807
14003,15003,2015,2016,-0.041600134966292314,-0.039018331099209394,0.00258180386708292,0.00258180386708292,6463,3516
14003,15004,2015,2016,-0.03491471058317204,-0.008384843594519535,0.026529866988652506,0.026529866988652506,16445,10237
14003,15005,2015,2016,0.008000988879968965,0.004230156169353945,-0.00377083271061502,0.00377083271061502,1216,616
14003,15006,2015,2016,0.00915502203614738,-0.0009449849819242421,-0.010100007018071623,0.010100007018071623,8932,4556
14003,15007,2015,2016,0.006774838171852495,0.016191481439839835,0.00941664326798734,0.00941664326798734,799,213
14003,16001,2015,2016,0.02608125273200818,0.019973789968731444,-0.0061074627632767345,0.0061074627632767345,6005,2264
14003,16002,2015,2016,-0.030466890449369777,-0.002039385777840436,0.028427504671529342,0.028427504671529342,11849,7536
14003,16003,2015,2016,-0.04525335075915732,-0.05545648241854083,-0.01020313165938351,0.01020313165938351,1762,1881
14003,16004,2015,2016,-0.012369086593037409,-0.01619930048850553,-0.0038302138954681222,0.0038302138954681222,1601,1581
14004,14005,2015,2016,-0.4522791944903848,-0.41839131307492455,0.03388788141546023,0.03388788141546023,91,93
14004,14006,2015,2016,-0.5247439860692804,-0.444750022229031,0.07999396384024943,0.07999396384024943,343,388
14004,14007,2015,2016,-0.36100336785810644,-0.3704877462683745,-0.009484378410268057,0.009484378410268057,113,91
14004,15001,2015,2016,-0.09098236074407398,-0.10353319662087723,-0.012550835876803251,0.012550835876803251,17172,8240
14004,15002,2015,2016,-0.06736894098975903,-0.10999148849119526,-0.042622547501436236,0.042622547501436236,27465,14707
14004,15003,2015,2016,-0.03170417534049557,-0.07061991756649016,-0.038915742225994594,0.038915742225994594,5342,2373
14004,15004,2015,2016,-0.06118266002762598,-0.0921375841720648,-0.030954924144438824,0.030954924144438824,11635,5852
14004,15005,2015,2016,0.047317869059341544,0.02769699196522287,-0.019620877094118673,0.019620877094118673,1234,570
14004,15006,2015,2016,0.06804264049585461,0.06929703054229092,0.0012543900464363072,0.0012543900464363072,9100,4860
14004,15007,2015,2016,0.04537291786265153,0.02498297233369675,-0.020389945528954782,0.020389945528954782,820,182
14004,16001,2015,2016,0.20956399354331504,0.22203396835764547,0.012469974814330431,0.012469974814330431,10031,4224
14004,16002,2015,2016,-0.09974630208760928,-0.11958198436598835,-0.019835682278379077,0.019835682278379077,6773,3570
14004,16003,2015,2016,0.2583791665054496,0.2905103242630472,0.03213115775759756,0.03213115775759756,6037,6152
14004,16004,2015,2016,0.01076544875423972,0.015218546133352027,0.004453097379112307,0.004453097379112307,1462,1490
14005,14006,2015,2016,-0.5068677815247299,-0.44122474248723464,0.06564303903749524,0.06564303903749524,216,164
14005,14007,2015,2016,-0.3633391520141962,-0.36036231777629874,0.0029768342378974633,0.0029768342378974633,62,47
14005,15001,2015,2016,0.04528044645718695,0.048399488661970184,0.0031190422047832345,0.0031190422047832345,19375,8571
14005,15002,2015,2016,0.013815724236034185,0.029089478564017307,0.015273754327983122,0.015273754327983122,24658,13535
14005,15003,2015,2016,-0.0029920342728185683,0.020106098542786388,0.023098132815604955,0.023098132815604955,4260,2225
14005,15004,2015,2016,-0.044065923807524165,-0.022010573903608596,0.02205534990391557,0.02205534990391557,8554,4632
14005,15005,2015,2016,0.01079705139102374,0.043330653954249544,0.03253360256322581,0.03253360256322581,689,386
14005,15006,2015,2016,-0.0028245135187038436,-0.028333344966156918,-0.025508831447453074,0.025508831447453074,4690,1911
14005,15007,2015,2016,-0.014754644725922618,-0.02217988757694363,-0.007425242851021013,0.007425242851021013,379,76
14005,16001,2015,2016,-0.1618381386539577,-0.1439101484422729,0.017927990211684813,0.017927990211684813,1049,379
14005,16002,2015,2016,-0.04747257261423627,-0.04095445522589152,0.006518117388344749,0.006518117388344749,5933,3033
14005,16003,2015,2016,-0.19355724263414922,-0.17553523532122176,0.01802200731292747,0.01802200731292747,288,371
14005,16004,2015,2016,0.014618544350044624,-0.009551970851085924,-0.024170515201130546,0.024170515201130546,1047,784
14006,14007,2015,2016,-0.42894483645245834,-0.42570987687808276,0.0032349595743755843,0.0032349595743755843,199,100
14006,15001,2015,2016,0.028043583004067455,0.025513964510823852,-0.002529618493243603,0.002529618493243603,62882,21117
14006,15002,2015,2016,0.0551734684250962,0.06259642859523405,0.0074229601701378545,0.0074229601701378545,93216,38463
14006,15003,2015,2016,0.051108829962508415,0.07710716440125726,0.02599833443874884,0.02599833443874884,18424,7339
14006,15004,2015,2016,0.07678662623789591,0.07651644522647003,-0.00027018101142588236,0.00027018101142588236,44977,17272
14006,15005,2015,2016,-0.03630146258789131,-0.012929940320228471,0.023371522267662842,0.023371522267662842,1846,732
14006,15006,2015,2016,-0.03571083914453378,-0.022600527262517288,0.013110311882016494,0.013110311882016494,14820,5510
14006,15007,2015,2016,-0.01363530258861382,-0.006158224365363785,0.007477078223250035,0.007477078223250035,1385,239
14006,16001,2015,2016,-0.041751040523915976,-0.042686707111114164,-0.0009356665871981876,0.0009356665871981876,8780,2195
14006,16002,2015,2016,0.04053997521400573,0.046150268226316925,0.005610293012311196,0.005610293012311196,29784,11630
14006,16003,2015,2016,-0.0637944853725305,-0.04736512256159322,0.016429362810937286,0.016429362810937286,3238,2625
14006,16004,2015,2016,-0.04261121413643387,-0.02357006059030444,0.01904115354612943,0.01904115354612943,2694,2017
14007,15001,2015,2016,0.009571818259761363,0.01788536184232606,0.008313543582564696,0.008313543582564696,8854,5198
14007,15002,2015,2016,0.009037449896229224,0.03510041331029999,0.026062963414070765,0.026062963414070765,12539,9358
14007,15003,2015,2016,-0.03140924372861457,-0.030585742676558964,0.0008235010520556037,0.0008235010520556037,1849,1139
14007,15004,2015,2016,0.05947807383136007,0.098880893719227,0.039402819887866924,0.039402819887866924,6925,5089
14007,15005,2015,2016,-0.010645863125820292,-0.032034953764875675,-0.021389090639055384,0.021389090639055384,303,152
14007,15006,2015,2016,0.00025220461396017644,-0.011603013050689006,-0.011855217664649182,0.011855217664649182,2444,1388
14007,15007,2015,2016,0.04652901904244433,0.05185555206000205,0.0053265330175577205,0.0053265330175577205,309,93
14007,16001,2015,2016,-0.0951794870180122,-0.09087661598432292,0.004302871033689273,0.004302871033689273,803,360
14007,16002,2015,2016,0.0775468933733601,0.11690105594347058,0.039354162570110485,0.039354162570110485,5477,4055
14007,16003,2015,2016,-0.03657548502811608,-0.041707036128942776,-0.005131551100826699,0.005131551100826699,503,622
14007,16004,2015,2016,-0.03667593953675822,-0.007528323930862094,0.029147615605896127,0.029147615605896127,373,530
15001,15002,2015,2016,-0.010767444460960623,0.032055824722214486,0.04282326918317511,0.04282326918317511,111927,57112
15001,15003,2015,2016,-0.005960411522607869,0.013060550605829783,0.019020962128437652,0.019020962128437652,20481,9238
15001,15004,2015,2016,-0.0036237477891636364,0.021995246870678446,0.025618994659842083,0.025618994659842083,49476,23510
15001,15005,2015,2016,-0.03950440088290595,-0.028514398399960093,0.010990002482945859,0.010990002482945859,2489,1079
15001,15006,2015,2016,-0.04327484430605493,-0.03330711915585256,0.009967725150202368,0.009967725150202368,19806,8578
15001,15007,2015,2016,-0.06585639620198831,-0.018889552524922554,0.04696684367706576,0.04696684367706576,1366,352
15001,16001,2015,2016,-0.11783401043667271,-0.1182046525783915,-0.00037064214171877996,0.00037064214171877996,8603,2457
15001,16002,2015,2016,-0.016547901345973736,0.02014470741487366,0.0366926087608474,0.0366926087608474,34082,16982
15001,16003,2015,2016,-0.11072508878327274,-0.09009934403793796,0.02062574474533478,0.02062574474533478,3461,3525
15001,16004,2015,2016,-0.04282853863492633,-0.02804569411473002,0.014782844520196313,0.014782844520196313,3703,3199
15002,15003,2015,2016,0.07335900854534375,0.06616518043048916,-0.0071938281148545835,0.0071938281148545835,36616,18210
15002,15004,2015,2016,0.07060609620081891,0.09737092778407293,0.026764831583254017,0.026764831583254017,81992,45751
15002,15005,2015,2016,-0.03913782333220522,-0.03322363807871889,0.005914185253486325,0.005914185253486325,3603,1833
15002,15006,2015,2016,-0.04721753085673245,-0.040549208531565246,0.006668322325167203,0.006668322325167203,28294,14643
15002,15007,2015,2016,-0.060770511312234224,-0.016205620301688286,0.044564891010545934,0.044564891010545934,2057,620
15002,16001,2015,2016,-0.07273487855967277,-0.07448272403010046,-0.0017478454704276947,0.0017478454704276947,15504,5518
15002,16002,2015,2016,0.00230202565499772,0.029456575873680613,0.02715455021868289,0.02715455021868289,51205,29415
15002,16003,2015,2016,-0.07527914984808777,-0.06817722172499513,0.007101928123092641,0.007101928123092641,6187,6977
15002,16004,2015,2016,-0.022449616505274564,-0.0020923226552588834,0.02035729385001568,0.02035729385001568,5914,6177
15003,15004,2015,2016,0.05010088840838187,0.09830108751147905,0.048200199103097176,0.048200199103097176,15669,8786
15003,15005,2015,2016,0.05805862148743733,0.018500811224557386,-0.039557810262879946,0.039557810262879946,1163,400
15003,15006,2015,2016,-0.019613262797838992,-0.01204610586894787,0.007567156928891122,0.007567156928891122,5469,2547
15003,15007,2015,2016,-0.00010471275922512854,0.03135049100404368,0.03145520376326881,0.03145520376326881,533,142
15003,16001,2015,2016,-0.014381444191340834,-0.04132577592214253,-0.0269443317308017,0.0269443317308017,3449,955
15003,16002,2015,2016,0.016540612614989535,0.019413696649459463,0.0028730840344699284,0.0028730840344699284,9993,4851
15003,16003,2015,2016,-0.00723673374474645,-0.005750936497817119,0.0014857972469293308,0.0014857972469293308,1536,1425
15003,16004,2015,2016,0.002447703121673435,0.020514214016397764,0.01806651089472433,0.01806651089472433,1222,1138
15004,15005,2015,2016,-0.0768445590601383,-0.05822347647936466,0.01862108258077364,0.01862108258077364,1194,622
15004,15006,2015,2016,-0.091899423244163,-0.06209159672868573,0.029807826515477275,0.029807826515477275,9794,5287
15004,15007,2015,2016,-0.05550047515309336,-0.022273653930123434,0.033226821222969924,0.033226821222969924,886,240
15004,16001,2015,2016,-0.09171968308196632,-0.0976934699314684,-0.005973786849502075,0.005973786849502075,5784,1856
15004,16002,2015,2016,0.06877488335434444,0.10155268519007285,0.03277780183572841,0.03277780183572841,27612,15257
15004,16003,2015,2016,-0.027055670743988652,-0.03476294363589538,-0.00770727289190673,0.00770727289190673,3327,3159
15004,16004,2015,2016,-0.08587742657869402,-0.03880219146721871,0.04707523511147531,0.04707523511147531,1736,2109
15005,15006,2015,2016,0.06478208423873334,0.06823240381320217,0.003450319574468827,0.003450319574468827,1323,592
15005,15007,2015,2016,0.10118830884004072,0.10250444858388633,0.001316139743845604,0.001316139743845604,180,40
15005,16001,2015,2016,0.01052225692278202,-0.021098419079590005,-0.031620676002372027,0.031620676002372027,592,148
15005,16002,2015,2016,-0.072787890343756,-0.05254802064668926,0.020239869697066745,0.020239869697066745,856,457
15005,16003,2015,2016,0.011131686030736854,0.008390188851626342,-0.002741497179110512,0.002741497179110512,259,224
15005,16004,2015,2016,0.10241617566881313,0.07862244231215441,-0.023793733356658714,0.023793733356658714,380,254
15006,15007,2015,2016,0.06463126889731796,0.04582688569293289,-0.018804383204385072,0.018804383204385072,895,172
15006,16001,2015,2016,-0.17844439162623074,-0.16438272867835668,0.01406166294787406,0.01406166294787406,1374,456
15006,16002,2015,2016,-0.23200249518891142,-0.20524873174900846,0.02675376343990296,0.02675376343990296,2977,1693
15006,16003,2015,2016,-0.1101847277277543,-0.12398116467014715,-0.013796436942392853,0.013796436942392853,854,767
15006,16004,2015,2016,-0.11988615911532313,-0.14070019211287285,-0.02081403299754972,0.02081403299754972,573,444
15007,16001,2015,2016,-0.004985534990094756,-0.05265771851283836,-0.047672183522743605,0.047672183522743605,350,34
15007,16002,2015,2016,-0.031924983775063004,-0.003284893788786684,0.028640089986276318,0.028640089986276318,736,198
15007,16003,2015,2016,0.02373392776444067,0.03577465207892728,0.01204072431448661,0.01204072431448661,190,89
15007,16004,2015,2016,0.023304656120322047,-0.007563155166352943,-0.03086781128667499,0.03086781128667499,143,43
16001,16002,2015,2016,-0.43407395540364085,-0.3354687992785484,0.09860515612509246,0.09860515612509246,190,184
16001,16003,2015,2016,-0.2514329989995222,-0.2145838971817911,0.0368491018177311,0.0368491018177311,130,139
16001,16004,2015,2016,-0.277933219282227,-0.2309121503127482,0.047021068969478774,0.047021068969478774,64,73
16002,16003,2015,2016,-0.35622350531152774,-0.39272048492878736,-0.03649697961725962,0.03649697961725962,137,126
16002,16004,2015,2016,-0.36281330876293927,-0.36090242067079426,0.0019108880921450133,0.0019108880921450133,80,104
16003,16004,2015,2016,-0.2388419026221566,-0.271338710497617,-0.03249680787546039,0.03249680787546039,34,60
10001,10002,2016,2017,-0.370920252181816,-0.36051743045762336,0.010402821724192657,0.010402821724192657,1079,706
10001,10003,2016,2017,-0.2146275385958305,-0.2196808402510376,-0.005053301655207093,0.005053301655207093,128,75
10001,10004,2016,2017,-0.14148448650182782,-0.12254626350412563,0.01893822299770219,0.01893822299770219,657,274
10001,10005,2016,2017,-0.3459717943597564,-0.3339189667299263,0.012052827629830065,0.012052827629830065,395,190
10001,11001,2016,2017,0.009951951357003112,-0.020988735894241797,-0.030940687251244908,0.030940687251244908,8023,3428
10001,11002,2016,2017,-0.06883918294464808,-0.0901639839489973,-0.02132480100434922,0.02132480100434922,11716,6486
10001,11003,2016,2017,-0.20777663817292882,-0.21866793395498965,-0.010891295782060828,0.010891295782060828,4840,1964
10001,11004,2016,2017,-0.23006557254524676,-0.23832418918388412,-0.008258616638637362,0.008258616638637362,1461,599
10001,11005,2016,2017,0.26330624011357473,0.2742040241132024,0.010897783999627653,0.010897783999627653,26399,14516
10001,11006,2016,2017,-0.1757543047994919,-0.1633019880131509,0.012452316786340983,0.012452316786340983,1691,880
10001,11007,2016,2017,-0.06703161901433517,-0.03703345385160292,0.02999816516273225,0.02999816516273225,271,119
10001,11008,2016,2017,-0.05836285839751977,-0.0316724529782128,0.02669040541930697,0.02669040541930697,1682,1477
10001,12001,2016,2017,0.018230747500367864,0.019534016051832467,0.001303268551464603,0.001303268551464603,15623,8923
10001,12002,2016,2017,-0.07671379355601629,-0.07146741000236846,0.005246383553647829,0.005246383553647829,1468,1088
10001,12003,2016,2017,0.03536935478540709,0.030879064723081537,-0.004490290062325555,0.004490290062325555,25160,13920
10001,12004,2016,2017,-0.18447068906690292,-0.18715408616786536,-0.002683397100962437,0.002683397100962437,1715,484
10001,12005,2016,2017,0.016032791143611246,-0.04191930820739262,-0.057952099351003865,0.057952099351003865,13,15
10001,13001,2016,2017,0.11185154721086296,0.11455383372752628,0.0027022865166633214,0.0027022865166633214,23539,13315
10001,13002,2016,2017,-0.11659135545305895,-0.07152216948053013,0.04506918597252882,0.04506918597252882,8017,4315
10001,13003,2016,2017,-0.32442891767319676,-0.3436510628147841,-0.01922214514158732,0.01922214514158732,2593,1477
10001,13004,2016,2017,0.23143246808418688,0.21422263542167017,-0.017209832662516716,0.017209832662516716,15385,6821
10001,13005,2016,2017,0.0587237379437357,0.06218303008370702,0.003459292139971322,0.003459292139971322,2605,1597
10001,14001,2016,2017,0.05628590252341722,0.03802897761946016,-0.018256924903957056,0.018256924903957056,17997,10884
10001,14002,2016,2017,0.10717755436202817,0.0831015143275038,-0.024076040034524362,0.024076040034524362,3245,1230
10001,14003,2016,2017,0.0034713242252162463,-0.005140981033969384,-0.00861230525918563,0.00861230525918563,8069,4865
10001,14004,2016,2017,-0.11021443944438389,-0.07589581124148218,0.03431862820290171,0.03431862820290171,3949,1410
10001,14005,2016,2017,0.10313455246195873,0.08352181274086162,-0.019612739721097103,0.019612739721097103,5773,4511
10001,14006,2016,2017,-0.03347713227121043,-0.047985901826688326,-0.014508769555477898,0.014508769555477898,9355,2960
10001,14007,2016,2017,-0.1282812890555106,-0.12628097447824213,0.0020003145772684583,0.0020003145772684583,1278,1006
10001,15001,2016,2017,0.00763641407718488,-0.001248615619008876,-0.008885029696193756,0.008885029696193756,17192,7985
10001,15002,2016,2017,0.003770660196838544,-0.005751484684220867,-0.009522144881059411,0.009522144881059411,29085,17622
10001,15003,2016,2017,-0.008026667287048721,-0.0003800061929070519,0.007646661094141669,0.007646661094141669,4544,2514
10001,15004,2016,2017,-0.12687264318947997,-0.12906282242737535,-0.0021901792378953844,0.0021901792378953844,7400,3748
10001,15005,2016,2017,0.0011284201391842472,-0.0014967147400291316,-0.0026251348792133786,0.0026251348792133786,679,358
10001,15006,2016,2017,-0.056582090970381305,-0.026943685924610022,0.029638405045771282,0.029638405045771282,4028,1794
10001,15007,2016,2017,-0.07228096160654628,-0.04498247712638207,0.027298484480164205,0.027298484480164205,121,51
10001,16001,2016,2017,0.01245377466320817,0.06597755029816212,0.053523775634953946,0.053523775634953946,2450,1029
10001,16002,2016,2017,-0.10634517134665732,-0.12747776149535758,-0.021132590148700267,0.021132590148700267,5587,1943
10001,16003,2016,2017,-0.1856627351731214,-0.09265143583666939,0.09301129933645201,0.09301129933645201,965,1402
10001,16004,2016,2017,0.029232592483840334,0.018428696669411496,-0.010803895814428838,0.010803895814428838,2232,1808
10002,10003,2016,2017,-0.23614749740280505,-0.26134269418463424,-0.025195196781829188,0.025195196781829188,99,40
10002,10004,2016,2017,-0.07310101635459958,-0.02232627199735401,0.05077474435724556,0.05077474435724556,1000,444
10002,10005,2016,2017,-0.307959210831321,-0.2837322356874221,0.024226975143898877,0.024226975143898877,545,244
10002,11001,2016,2017,0.005831157561961397,-0.028335616941394966,-0.03416677450335636,0.03416677450335636,7678,2853
10002,11002,2016,2017,-0.052041637187759796,-0.05051546176083354,0.001526175426926256,0.001526175426926256,12031,6283
10002,11003,2016,2017,-0.021007548413359875,-0.012441032419095398,0.008566515994264477,0.008566515994264477,10319,4092
10002,11004,2016,2017,-0.068332969273747,-0.061478665472420646,0.0068543038013263585,0.0068543038013263585,3567,1420
10002,11005,2016,2017,0.04345716937835717,0.04839076022684694,0.004933590848489773,0.004933590848489773,15387,7742
10002,11006,2016,2017,-0.25811008887277886,-0.25490588302378625,0.003204205848992614,0.003204205848992614,915,386
10002,11007,2016,2017,-0.05464389481698033,-0.0777095393789753,-0.023065644561994975,0.023065644561994975,288,74
10002,11008,2016,2017,-0.02688315318565935,0.0253716555602372,0.05225480874589655,0.05225480874589655,1930,1640
10002,12001,2016,2017,0.06078422906803978,0.05229341971609,-0.008490809351949777,0.008490809351949777,17109,8415
10002,12002,2016,2017,0.022856370470161036,0.02481053606613265,0.001954165595971613,0.001954165595971613,2394,1479
10002,12003,2016,2017,-0.03289536213607629,-0.021894607033204172,0.011000755102872115,0.011000755102872115,20494,10539
10002,12004,2016,2017,-0.09118844904296446,-0.10463433873943082,-0.01344588969646636,0.01344588969646636,2821,688
10002,12005,2016,2017,-0.04020060160078504,0.03247108045877743,0.07267168205956248,0.07267168205956248,7,25
10002,13001,2016,2017,0.049525572316718156,0.028169833867793183,-0.021355738448924973,0.021355738448924973,19682,9446
10002,13002,2016,2017,0.012955365016946012,0.0611494788247273,0.04819411380778129,0.04819411380778129,12375,5768
10002,13003,2016,2017,-0.17002634148967796,-0.1845115301047503,-0.014485188615072336,0.014485188615072336,6056,2972
10002,13004,2016,2017,0.09768235635881882,0.10381496965996177,0.006132613301142953,0.006132613301142953,10433,4404
10002,13005,2016,2017,0.01931696897673397,0.02788340031927082,0.008566431342536852,0.008566431342536852,2107,1188
10002,14001,2016,2017,0.0165125049210008,0.010624380763577919,-0.005888124157422882,0.005888124157422882,15664,8748
10002,14002,2016,2017,0.03288799169861103,0.021226548597541393,-0.011661443101069636,0.011661443101069636,2278,797
10002,14003,2016,2017,-0.016899959517412355,-0.02105517440372549,-0.004155214886313135,0.004155214886313135,7267,3948
10002,14004,2016,2017,-0.012856409622509795,0.016318723637585544,0.02917513326009534,0.02917513326009534,5875,1841
10002,14005,2016,2017,0.03549435112698886,0.0005443636942310302,-0.034949987432757824,0.034949987432757824,4336,2921
10002,14006,2016,2017,0.007739031066649949,0.023140057032934556,0.015401025966284607,0.015401025966284607,10471,3334
10002,14007,2016,2017,-0.07462603009165561,-0.050845344020109574,0.023780686071546035,0.023780686071546035,1699,1268
10002,15001,2016,2017,0.0014027722139089115,0.006554365088536587,0.005151592874627676,0.005151592874627676,16402,7024
10002,15002,2016,2017,-0.012918548829532275,-0.015041001659704446,-0.002122452830172171,0.002122452830172171,27143,14823
10002,15003,2016,2017,-0.004880629024041566,0.029525696371234707,0.03440632539527627,0.03440632539527627,4471,2438
10002,15004,2016,2017,-0.07007615596816909,-0.05208243187894067,0.01799372408922842,0.01799372408922842,8989,4281
10002,15005,2016,2017,0.03465082968531595,0.01111389778363946,-0.02353693190167649,0.02353693190167649,804,332
10002,15006,2016,2017,-0.05501814809601824,-0.04805393537196545,0.006964212724052787,0.006964212724052787,3933,1390
10002,15007,2016,2017,-0.0438867092267617,-0.03839254695929766,0.005494162267464041,0.005494162267464041,148,46
10002,16001,2016,2017,0.029205207155462473,0.04424564012380278,0.01504043296834031,0.01504043296834031,2575,804
10002,16002,2016,2017,-0.09147603695144921,-0.08338501473847638,0.008091022212972823,0.008091022212972823,5774,2022
10002,16003,2016,2017,-0.04650739075507975,-0.0006539279761833639,0.04585346277889639,0.04585346277889639,2162,1838
10002,16004,2016,2017,-0.015080029332588344,0.0038104167977224073,0.01889044613031075,0.01889044613031075,1738,1460
10003,10004,2016,2017,0.07502657993136014,0.07601942392698155,0.000992843995621412,0.000992843995621412,204,74
10003,10005,2016,2017,-0.20443707134287303,-0.16954680399285846,0.034890267350014575,0.034890267350014575,50,29
10003,11001,2016,2017,-0.059884737289520026,-0.07902587203245663,-0.019141134742936605,0.019141134742936605,393,154
10003,11002,2016,2017,-0.06224021731921869,-0.10666494988734128,-0.04442473256812259,0.04442473256812259,763,318
10003,11003,2016,2017,-0.08974650140678324,-0.0922217520819998,-0.0024752506752165615,0.0024752506752165615,484,193
10003,11004,2016,2017,-0.22334644639891132,-0.23221447546854143,-0.008868029069630107,0.008868029069630107,55,20
10003,11005,2016,2017,0.15589691627876237,0.16215993367859455,0.006263017399832177,0.006263017399832177,2255,1202
10003,11006,2016,2017,-0.1206486425020113,-0.09923365608626959,0.021414986415741702,0.021414986415741702,124,67
10003,11007,2016,2017,-0.04647009522913227,-0.060282038915652904,-0.013811943686520632,0.013811943686520632,21,6
10003,11008,2016,2017,0.039272478404556055,0.015482795782920205,-0.02378968262163585,0.02378968262163585,228,135
10003,12001,2016,2017,-0.025564912518061107,-0.022804535814353214,0.0027603767037078925,0.0027603767037078925,966,530
10003,12002,2016,2017,0.027608951756040296,0.020250007971440342,-0.007358943784599954,0.007358943784599954,204,126
10003,12003,2016,2017,0.048420513691139914,0.0407258382475329,-0.007694675443607017,0.007694675443607017,2209,1122
10003,12004,2016,2017,-0.0708993100018062,-0.1087096636834949,-0.037810353681688696,0.037810353681688696,200,41
10003,13001,2016,2017,-0.1328831993327162,-0.10024768824921124,0.03263551108350496,0.03263551108350496,584,404
10003,13002,2016,2017,0.1004396691392242,0.10503897739870238,0.004599308259478185,0.004599308259478185,1566,686
10003,13003,2016,2017,-0.3185872907686689,-0.2852198143114339,0.03336747645723498,0.03336747645723498,61,53
10003,13004,2016,2017,0.1853241035714646,0.18642640166435032,0.0011022980928857284,0.0011022980928857284,1551,685
10003,13005,2016,2017,-0.0035363629859233624,0.01642784724340147,0.019964210229324833,0.019964210229324833,145,97
10003,14001,2016,2017,-0.027517861869292864,-0.01632636557333919,0.011191496295953673,0.011191496295953673,992,644
10003,14002,2016,2017,0.031969196918788856,0.055721588915144206,0.02375239199635535,0.02375239199635535,191,89
10003,14003,2016,2017,0.05321944363128272,0.0400655652220409,-0.013153878409241822,0.013153878409241822,824,443
10003,14004,2016,2017,0.07565869515311782,0.09513854763397055,0.019479852480852725,0.019479852480852725,756,258
10003,14005,2016,2017,-0.023855984888885507,-0.006749779443401342,0.017106205445484166,0.017106205445484166,245,231
10003,14006,2016,2017,-0.06098169188905718,-0.049764142049257165,0.011217549839800015,0.011217549839800015,540,182
10003,14007,2016,2017,-0.07203394177749628,-0.10110050007794225,-0.029066558300445966,0.029066558300445966,110,61
10003,15001,2016,2017,-0.07122869645591427,-0.06964344905574128,0.00158524740017299,0.00158524740017299,836,378
10003,15002,2016,2017,-0.04205072720985728,-0.01709330914066902,0.02495741806918826,0.02495741806918826,1755,1169
10003,15003,2016,2017,-0.041109367541121954,-0.022205540753139227,0.018903826787982726,0.018903826787982726,266,154
10003,15004,2016,2017,-0.09754097995442443,-0.09034424358871827,0.007196736365706155,0.007196736365706155,477,239
10003,15005,2016,2017,0.03072836717478721,-0.022942531285980148,-0.053670898460767356,0.053670898460767356,66,21
10003,15006,2016,2017,-0.03234332445468507,-0.026469546640085228,0.005873777814599839,0.005873777814599839,311,119
10003,15007,2016,2017,-0.013911399238733125,-0.003366215980259282,0.010545183258473843,0.010545183258473843,14,5
10003,16001,2016,2017,0.28137857571510766,0.29925273925560136,0.017874163540493704,0.017874163540493704,895,324
10003,16002,2016,2017,-0.16298429253260102,-0.11510427475967255,0.04788001777292847,0.04788001777292847,195,104
10003,16003,2016,2017,-0.0076949339445969035,-0.014478013193170694,-0.006783079248573791,0.006783079248573791,200,138
10003,16004,2016,2017,-0.0074646172854521175,-0.022408838641694757,-0.01494422135624264,0.01494422135624264,138,101
10004,10005,2016,2017,-0.023309382090571682,0.038574524334616195,0.06188390642518787,0.06188390642518787,591,234
10004,11001,2016,2017,-0.11417678181152573,-0.1079359423828275,0.006240839428698228,0.006240839428698228,673,195
10004,11002,2016,2017,-0.09350833071885331,-0.12667114410443153,-0.03316281338557822,0.03316281338557822,1563,441
10004,11003,2016,2017,0.09832276150263429,0.07606815232963456,-0.022254609172999734,0.022254609172999734,3117,787
10004,11004,2016,2017,-0.010546367326016428,-0.03779828269841449,-0.02725191537239806,0.02725191537239806,815,182
10004,11005,2016,2017,-0.16895765456839382,-0.14196738868931275,0.02699026587908107,0.02699026587908107,913,360
10004,11006,2016,2017,-0.20804573786005356,-0.19241751214522673,0.015628225714826832,0.015628225714826832,151,46
10004,11008,2016,2017,-0.05155163763699391,-0.05487744069458912,-0.0033258030575952086,0.0033258030575952086,277,124
10004,12001,2016,2017,-0.01393434140059078,-0.014135079710588371,-0.00020073830999759075,0.00020073830999759075,2415,841
10004,12002,2016,2017,0.010975400234022816,0.016287918034001484,0.005312517799978668,0.005312517799978668,414,183
10004,12003,2016,2017,0.00474225896451674,0.015116837946422063,0.010374578981905323,0.010374578981905323,4104,1484
10004,12004,2016,2017,0.14781875079544962,0.11676736215245824,-0.03105138864299138,0.03105138864299138,1670,304
10004,13001,2016,2017,-0.17884945632036695,-0.15906310438712173,0.01978635193324521,0.01978635193324521,1141,436
10004,13002,2016,2017,0.2620222994036054,0.25460259527636586,-0.007419704127239524,0.007419704127239524,5955,1785
10004,13003,2016,2017,-0.1553560933476071,-0.13297570666119793,0.02238038668640918,0.02238038668640918,849,337
10004,13004,2016,2017,-0.07092141672418889,-0.029631118708276363,0.041290298015912524,0.041290298015912524,894,320
10004,13005,2016,2017,-0.029496304474393973,-0.03428006211366549,-0.004783757639271514,0.004783757639271514,280,101
10004,14001,2016,2017,-0.1271913985635252,-0.08777453003791504,0.039416868525610174,0.039416868525610174,1348,661
10004,14002,2016,2017,-0.08506238421828229,-0.036947391201873715,0.04811499301640857,0.04811499301640857,186,67
10004,14003,2016,2017,0.013328330251812674,0.017848384402268432,0.004520054150455758,0.004520054150455758,1492,583
10004,14004,2016,2017,0.24081611159928293,0.286004638306146,0.04518852670686305,0.04518852670686305,3290,899
10004,14005,2016,2017,-0.1676988788515473,-0.1398116078051229,0.02788727104642441,0.02788727104642441,196,138
10004,14006,2016,2017,-0.09254701717355891,-0.056623014759942636,0.03592400241361628,0.03592400241361628,1090,267
10004,14007,2016,2017,-0.024632615323708643,-0.03304375673121082,-0.008411141407502178,0.008411141407502178,381,160
10004,15001,2016,2017,-0.13943227145610135,-0.09641762671868272,0.04301464473741863,0.04301464473741863,1387,498
10004,15002,2016,2017,-0.09988423852626448,-0.06892688778787975,0.030957350738384723,0.030957350738384723,3196,1388
10004,15003,2016,2017,-0.050762978974273815,-0.02253586540701768,0.028227113567256136,0.028227113567256136,598,233
10004,15004,2016,2017,-0.09079423791306977,-0.09318737533144127,-0.0023931374183714937,0.0023931374183714937,1256,367
10004,15005,2016,2017,0.04252429751859412,-0.026094554010468077,-0.06861885152906219,0.06861885152906219,162,31
10004,15006,2016,2017,0.029630179905056425,0.04167869113227758,0.012048511227221156,0.012048511227221156,1060,279
10004,15007,2016,2017,0.04117385046337494,0.07203500878086833,0.030861158317493385,0.030861158317493385,53,15
10004,16001,2016,2017,0.18193167141861002,0.20641624231824027,0.024484570899630242,0.024484570899630242,1114,285
10004,16002,2016,2017,-0.16547516277001162,-0.11172814220024131,0.05374702056977031,0.05374702056977031,520,169
10004,16003,2016,2017,0.13285109544400892,0.15165820435935412,0.018807108915345205,0.018807108915345205,1037,532
10004,16004,2016,2017,-0.07539411219155337,-0.0412467234542029,0.03414738873735047,0.03414738873735047,194,134
10005,11001,2016,2017,-0.04810031556280181,-0.04867866039336379,-0.0005783448305619818,0.0005783448305619818,2699,904
10005,11002,2016,2017,-0.10058358787140764,-0.0728314861360669,0.027752101735340748,0.027752101735340748,4167,1953
10005,11003,2016,2017,0.04024894641744034,0.024026554653212042,-0.016222391764228298,0.016222391764228298,5845,1722
10005,11004,2016,2017,-0.041184210679388926,-0.046013852645872426,-0.0048296419664835,0.0048296419664835,1760,528
10005,11005,2016,2017,0.03975757134237236,0.04860809050606192,0.008850519163689563,0.008850519163689563,7070,2944
10005,11006,2016,2017,-0.2613484749046686,-0.23720630551498734,0.02414216938968128,0.02414216938968128,303,117
10005,11007,2016,2017,-0.048749422892544185,-0.03206386676722059,0.016685556125323596,0.016685556125323596,130,37
10005,11008,2016,2017,0.07081859839310248,0.04176063153748975,-0.02905796685561273,0.02905796685561273,1452,664
10005,12001,2016,2017,0.02294738484456847,-0.002152069313468164,-0.025099454158036633,0.025099454158036633,7057,2614
10005,12002,2016,2017,0.012419168836247309,-0.018789551248183104,-0.031208720084430413,0.031208720084430413,1036,430
10005,12003,2016,2017,0.00393530031788961,0.01817897864357089,0.01424367832568128,0.01424367832568128,10217,4305
10005,12004,2016,2017,-0.012306408116737302,0.008952862837450363,0.021259270954187663,0.021259270954187663,1826,457
10005,12005,2016,2017,0.0029478621479302482,0.015867518452707393,0.012919656304777144,0.012919656304777144,5,8
10005,13001,2016,2017,-0.0710337904267247,-0.04859471073542679,0.02243907969129791,0.02243907969129791,5858,2620
10005,13002,2016,2017,0.12608900597635625,0.13526913397937282,0.009180128003016569,0.009180128003016569,8394,2903
10005,13003,2016,2017,-0.12334767686700523,-0.10773511898098487,0.015612557886020367,0.015612557886020367,3001,1326
10005,13004,2016,2017,0.07593000480706662,0.054400977517256414,-0.021529027289810203,0.021529027289810203,4645,1432
10005,13005,2016,2017,0.006970913098783879,0.0012128918581166663,-0.005758021240667213,0.005758021240667213,898,380
10005,14001,2016,2017,-0.018888420282393976,-0.008122375102235324,0.010766045180158652,0.010766045180158652,6246,2986
10005,14002,2016,2017,-0.03549474253802201,-0.001882354203619152,0.03361238833440286,0.03361238833440286,705,256
10005,14003,2016,2017,-0.04396197532874527,-0.029307369731427408,0.01465460559731786,0.01465460559731786,2840,1347
10005,14004,2016,2017,0.11550104378274996,0.12924044235595583,0.013739398573205872,0.013739398573205872,4518,1154
10005,14005,2016,2017,-0.07572223949549761,-0.06725446121856658,0.008467778276931029,0.008467778276931029,1099,744
10005,14006,2016,2017,0.02365004618464757,0.04682203089737505,0.02317198471272748,0.02317198471272748,5061,1376
10005,14007,2016,2017,-0.06124967666140403,-0.044645625455618725,0.016604051205785307,0.016604051205785307,782,452
10005,15001,2016,2017,-0.038728291937086934,-0.010762938594534168,0.027965353342552766,0.027965353342552766,6337,2391
10005,15002,2016,2017,-0.024403176105475564,-0.018986380136262172,0.005416795969213392,0.005416795969213392,11650,5223
10005,15003,2016,2017,-0.015037226962456702,0.0076182007631540585,0.02265542772561076,0.02265542772561076,1905,816
10005,15004,2016,2017,-0.06285126854353953,-0.05508753041057013,0.0077637381329694055,0.0077637381329694055,3943,1447
10005,15005,2016,2017,-0.00594621390528229,0.007866796312985206,0.013813010218267495,0.013813010218267495,283,119
10005,15006,2016,2017,-0.02161510967518473,0.0033790283780570645,0.024994138053241795,0.024994138053241795,2018,640
10005,15007,2016,2017,-0.030845622781097492,0.0016236713108185473,0.03246929409191604,0.03246929409191604,72,23
10005,16001,2016,2017,0.12288314873716924,0.12290840995996191,2.5261222792671845e-05,2.5261222792671845e-05,1882,467
10005,16002,2016,2017,-0.07287597502417476,-0.08532253388569458,-0.012446558861519824,0.012446558861519824,2644,661
10005,16003,2016,2017,0.07946195090264001,0.07854147889304025,-0.0009204720095997571,0.0009204720095997571,1836,985
10005,16004,2016,2017,0.015440680491428096,0.003331692822682238,-0.012108987668745859,0.012108987668745859,925,530
11001,11002,2016,2017,-0.3649729818887046,-0.3586060848538373,0.006366897034867258,0.006366897034867258,2054,977
11001,11003,2016,2017,-0.3363516511926769,-0.2566602314784811,0.0796914197141958,0.0796914197141958,1747,930
11001,11004,2016,2017,-0.2657146708734977,-0.17255212998727013,0.09316254088622758,0.09316254088622758,925,573
11001,11005,2016,2017,-0.38797124288173407,-0.36233648347546804,0.025634759406266028,0.025634759406266028,1569,829
11001,11006,2016,2017,0.047026738110764486,0.02437378639404495,-0.022652951716719535,0.022652951716719535,4426,1511
11001,11007,2016,2017,-0.24464575531507046,-0.1963583395257674,0.04828741578930307,0.04828741578930307,43,18
11001,11008,2016,2017,-0.21197670195591153,-0.2427443229624602,-0.030767621006548673,0.030767621006548673,509,248
11001,12001,2016,2017,-0.4151958749915001,-0.4150641772301469,0.0001316977613532444,0.0001316977613532444,1364,596
11001,12002,2016,2017,-0.2827395953365732,-0.2779035616412142,0.00483603369535901,0.00483603369535901,260,158
11001,12003,2016,2017,-0.3711282032291576,-0.31442844154824345,0.056699761680914174,0.056699761680914174,4024,2471
11001,12004,2016,2017,-0.22533014745206,-0.19073673659733958,0.034593410854720424,0.034593410854720424,1082,290
11001,13001,2016,2017,0.04421752442389828,0.023771066325640806,-0.020446458098257472,0.020446458098257472,17361,7365
11001,13002,2016,2017,-0.11733847216444125,-0.10922587711002284,0.008112595054418414,0.008112595054418414,6775,2394
11001,13003,2016,2017,0.03940958850920035,0.05667020163231815,0.0172606131231178,0.0172606131231178,11881,5666
11001,13004,2016,2017,0.03808005675183828,0.020523639937097347,-0.017556416814740933,0.017556416814740933,7690,2621
11001,13005,2016,2017,-0.059729476071782785,-0.06812987625284139,-0.008400400181058608,0.008400400181058608,1227,561
11001,14001,2016,2017,0.0072600247866414815,0.0018330327580393154,-0.005426992028602166,0.005426992028602166,13579,6700
11001,14002,2016,2017,-0.018843591192979393,-0.02521223633439255,-0.006368645141413158,0.006368645141413158,1564,486
11001,14003,2016,2017,-0.030873100361438664,-0.03867835733519283,-0.007805256973754164,0.007805256973754164,6107,2873
11001,14004,2016,2017,-0.07814007543030392,-0.06356782582198003,0.014572249608323887,0.014572249608323887,3919,983
11001,14005,2016,2017,0.053075022941191846,0.007827682566198951,-0.045247340374992895,0.045247340374992895,4166,2360
11001,14006,2016,2017,0.05367289291116627,0.07677296050092546,0.023100067589759188,0.023100067589759188,10850,3202
11001,14007,2016,2017,0.0259547907673579,0.010487242483080765,-0.015467548284277136,0.015467548284277136,2518,1325
11001,15001,2016,2017,0.06592192301259124,0.06827229168871995,0.002350368676128714,0.002350368676128714,17529,6644
11001,15002,2016,2017,0.027995191791511893,0.013427518822745637,-0.014567672968766257,0.014567672968766257,26663,12416
11001,15003,2016,2017,0.03163179839678455,0.014177474279801703,-0.017454324116982847,0.017454324116982847,4634,1805
11001,15004,2016,2017,0.0031801322251345525,0.013966111644126943,0.01078597941899239,0.01078597941899239,10338,4223
11001,15005,2016,2017,0.08192729580460276,0.0872946806507214,0.00536738484611865,0.00536738484611865,935,405
11001,15006,2016,2017,0.06793187561689504,0.08174585622946764,0.013813980612572607,0.013813980612572607,5807,1927
11001,15007,2016,2017,0.023495484171953487,0.01696743002897599,-0.006528054142977496,0.006528054142977496,218,56
11001,16001,2016,2017,-0.06521036140873716,-0.05077555357248203,0.014434807836255135,0.014434807836255135,1406,372
11001,16002,2016,2017,0.007120110559813111,0.03461872114348815,0.02749861058367504,0.02749861058367504,7570,2587
11001,16003,2016,2017,-0.07765929249623571,-0.08380255932773745,-0.006143266831501737,0.006143266831501737,1613,953
11001,16004,2016,2017,-0.01027414791084828,-0.019268063743668885,-0.008993915832820606,0.008993915832820606,1584,1024
11002,11003,2016,2017,-0.323337127768783,-0.3808749066768174,-0.05753777890803441,0.05753777890803441,4950,1316
11002,11004,2016,2017,-0.17007647290500816,-0.1820899159637912,-0.012013443058783047,0.012013443058783047,3883,1493
11002,11005,2016,2017,-0.33407569894934763,-0.42648792843231675,-0.09241222948296912,0.09241222948296912,6254,2009
11002,11006,2016,2017,0.019768584327113245,0.01075603085438477,-0.009012553472728476,0.009012553472728476,7391,3250
11002,11007,2016,2017,-0.23914345633736664,-0.20654442107308843,0.03259903526427821,0.03259903526427821,106,46
11002,11008,2016,2017,-0.10603596153203518,-0.24855902429599158,-0.1425230627639564,0.1425230627639564,2212,718
11002,12001,2016,2017,0.0554701021220122,0.051180006711979774,-0.004290095410032425,0.004290095410032425,27633,14743
11002,12002,2016,2017,0.018978760491617737,0.03340519313509072,0.014426432643472986,0.014426432643472986,3920,2725
11002,12003,2016,2017,0.08835585267888088,0.07075476618900432,-0.017601086489876558,0.017601086489876558,44604,22891
11002,12004,2016,2017,-0.01657379430072174,-0.02024854565533478,-0.0036747513546130407,0.0036747513546130407,6828,1988
11002,12005,2016,2017,-0.03293893505168528,-0.04557110072315811,-0.012632165671472836,0.012632165671472836,13,23
11002,13001,2016,2017,0.07373632702671994,0.07367150344328234,-6.482358343759542e-05,6.482358343759542e-05,34005,18375
11002,13002,2016,2017,-0.0671405973521107,-0.09966177825658791,-0.03252118090447721,0.03252118090447721,16458,6322
11002,13003,2016,2017,0.04862500342292478,0.06516683129547539,0.01654182787255061,0.01654182787255061,22455,12735
11002,13004,2016,2017,-0.11925625517904685,-0.12839088562195772,-0.009134630442910865,0.009134630442910865,8247,3475
11002,13005,2016,2017,0.03611354555499241,0.0257389186775341,-0.010374626877458309,0.010374626877458309,3776,2096
11002,14001,2016,2017,0.01552729655266419,-0.002715152641542765,-0.018242449194206953,0.018242449194206953,26095,15274
11002,14002,2016,2017,0.023130842642264334,0.006870767449240043,-0.01626007519302429,0.01626007519302429,3619,1334
11002,14003,2016,2017,0.0409673376762466,0.026444993275848164,-0.014522344400398436,0.014522344400398436,14743,8288
11002,14004,2016,2017,-0.07855445614069287,-0.09010189710791865,-0.011547440967225778,0.011547440967225778,7815,2132
11002,14005,2016,2017,0.028458426190363494,0.039086787849008375,0.010628361658644881,0.010628361658644881,6992,5960
11002,14006,2016,2017,-0.0238939598942853,-0.030016631810385802,-0.006122671916100501,0.006122671916100501,16021,5009
11002,14007,2016,2017,0.03696016033051763,0.04417726246638388,0.007217102135866245,0.007217102135866245,4900,3426
11002,15001,2016,2017,0.013399007456228485,0.020958998615386432,0.0075599911591579475,0.0075599911591579475,28392,13088
11002,15002,2016,2017,0.013532560380404944,0.0146716824285074,0.0011391220481024554,0.0011391220481024554,48329,28372
11002,15003,2016,2017,-0.009040048118636767,0.004045623194713061,0.013085671313349829,0.013085671313349829,7433,3971
11002,15004,2016,2017,0.03309063257408232,0.029607147634408287,-0.0034834849396740315,0.0034834849396740315,21129,10024
11002,15005,2016,2017,-0.016138994112528553,-0.022070811620708484,-0.005931817508179931,0.005931817508179931,1006,496
11002,15006,2016,2017,-0.024529462537864623,-0.014015396934553736,0.010514065603310887,0.010514065603310887,7684,2971
11002,15007,2016,2017,-0.007844169868002434,-0.014359199186699213,-0.006515029318696779,0.006515029318696779,330,102
11002,16001,2016,2017,-0.06446430107442018,-0.11516451961890144,-0.05070021854448126,0.05070021854448126,2792,622
11002,16002,2016,2017,0.03829003848218962,0.03493687019635234,-0.003353168285837281,0.003353168285837281,15625,5807
11002,16003,2016,2017,-0.10073665414303663,-0.06445641903032573,0.036280235112710904,0.036280235112710904,2867,2580
11002,16004,2016,2017,-0.054615057034942495,-0.04207021952790965,0.012544837507032842,0.012544837507032842,2432,2180
11003,11004,2016,2017,-0.1570386438732393,-0.08763213044000363,0.06940651343323566,0.06940651343323566,3087,1318
11003,11005,2016,2017,-0.46147807898460574,-0.4599219428344672,0.001556136150138554,0.001556136150138554,1574,568
11003,11006,2016,2017,-0.0043248917054967756,0.001980557628425921,0.006305449333922696,0.006305449333922696,5257,1833
11003,11007,2016,2017,-0.260629008898839,-0.23932558768680892,0.021303421212030077,0.021303421212030077,60,16
11003,11008,2016,2017,-0.1566353639222967,-0.22923541180109686,-0.07260004787880014,0.07260004787880014,1225,406
11003,12001,2016,2017,0.002528160145363895,-0.007496244474428752,-0.010024404619792648,0.010024404619792648,18987,7491
11003,12002,2016,2017,0.035387520942275805,0.04862281361278577,0.013235292670509963,0.013235292670509963,3298,1722
11003,12003,2016,2017,0.06586860682765726,0.05015720366182785,-0.01571140316582941,0.01571140316582941,33888,13203
11003,12004,2016,2017,0.12570034006225397,0.14090139184248293,0.015201051780228958,0.015201051780228958,8818,2251
11003,12005,2016,2017,-0.03329633960019425,-0.045956760690043154,-0.012660421089848904,0.012660421089848904,10,13
11003,13001,2016,2017,-0.12941017143399436,-0.13431108666710667,-0.004900915233112313,0.004900915233112313,15358,6065
11003,13002,2016,2017,0.1914246588767326,0.17311931538019346,-0.018305343496539145,0.018305343496539145,25043,8158
11003,13003,2016,2017,0.0684974138920238,0.10115770147013348,0.03266028757810968,0.03266028757810968,18647,8422
11003,13004,2016,2017,-0.16556538333017137,-0.16048758040670208,0.005077802923469293,0.005077802923469293,5007,1585
11003,13005,2016,2017,-0.03217279863881874,-0.04598786703607555,-0.013815068397256804,0.013815068397256804,2142,868
11003,14001,2016,2017,-0.06799297069392905,-0.028432032610830854,0.0395609380830982,0.0395609380830982,16035,8258
11003,14002,2016,2017,-0.07800205575196296,-0.059847432582791536,0.01815462316917143,0.01815462316917143,1700,540
11003,14003,2016,2017,0.012816108222543641,0.024250151788860305,0.011434043566316663,0.011434043566316663,10593,4858
11003,14004,2016,2017,0.15352385541153657,0.13699804215376632,-0.01652581325777025,0.01652581325777025,13103,3045
11003,14005,2016,2017,-0.11194115192379243,-0.10539784013197044,0.006543311791821993,0.006543311791821993,2913,1961
11003,14006,2016,2017,-0.015496282713519409,-0.010771434179324312,0.004724848534195096,0.004724848534195096,12742,3092
11003,14007,2016,2017,0.02203797168040106,0.03932348401978787,0.017285512339386813,0.017285512339386813,3613,2001
11003,15001,2016,2017,-0.051264518684429855,-0.044466087225476236,0.006798431458953619,0.006798431458953619,18578,6325
11003,15002,2016,2017,-0.052555651849056154,-0.033689413479505534,0.01886623836955062,0.01886623836955062,32684,14978
11003,15003,2016,2017,-0.029098114978711957,-0.024945245896622913,0.004152869082089044,0.004152869082089044,5323,2052
11003,15004,2016,2017,0.025814358410106753,0.03378019847725717,0.007965840067150416,0.007965840067150416,16250,6003
11003,15005,2016,2017,-0.03789729889915253,-0.04867279193708368,-0.010775493037931148,0.010775493037931148,682,240
11003,15006,2016,2017,0.016624506129107205,0.008141316205699179,-0.008483189923408026,0.008483189923408026,6969,1890
11003,15007,2016,2017,0.02141449383535978,0.008046194195192969,-0.013368299640166812,0.013368299640166812,314,70
11003,16001,2016,2017,0.04323807770266927,0.0026909780104666897,-0.04054709969220258,0.04054709969220258,3560,684
11003,16002,2016,2017,0.0009358555044435245,0.03354612132003141,0.03261026581558789,0.03261026581558789,10901,3426
11003,16003,2016,2017,0.17113855990579,0.1443612510196137,-0.0267773088861763,0.0267773088861763,6814,3322
11003,16004,2016,2017,-0.028760915984949696,-0.01923139367642695,0.009529522308522748,0.009529522308522748,2137,1383
11004,11005,2016,2017,-0.3097931984344144,-0.2838531314378714,0.025940066996543,0.025940066996543,1498,696
11004,11006,2016,2017,0.06099688866232006,0.05607321251063347,-0.004923676151686589,0.004923676151686589,3083,1051
11004,11007,2016,2017,-0.11655102219655189,-0.08522286818084418,0.03132815401570771,0.03132815401570771,94,30
11004,11008,2016,2017,-0.12226223374150602,-0.15000380833392182,-0.027741574592415802,0.027741574592415802,590,266
11004,12001,2016,2017,-0.03825858110429685,-0.044878223946636736,-0.006619642842339887,0.006619642842339887,7124,2830
11004,12002,2016,2017,0.0448562947904163,0.0496288127509348,0.004772517960518502,0.004772517960518502,1552,791
11004,12003,2016,2017,0.040843959904141684,0.03728786311036268,-0.0035560967937790025,0.0035560967937790025,14483,5812
11004,12004,2016,2017,0.16681449033367055,0.18634019152572906,0.019525701192058514,0.019525701192058514,4901,1319
11004,13001,2016,2017,-0.07372954002416222,-0.0963115065403437,-0.02258196651618148,0.02258196651618148,7492,2788
11004,13002,2016,2017,-0.025926880271546365,-0.03556090700925464,-0.009634026737708277,0.009634026737708277,6138,1890
11004,13003,2016,2017,0.19817282292080768,0.20659829175131433,0.008425468830506655,0.008425468830506655,12594,5444
11004,13004,2016,2017,-0.18920863135942886,-0.1678772525763795,0.02133137878304936,0.02133137878304936,1596,568
11004,13005,2016,2017,-0.04895469963966401,-0.0709864835635314,-0.0220317839238674,0.0220317839238674,820,313
11004,14001,2016,2017,-0.018880245102757997,-0.01688894522706492,0.0019912998756930755,0.0019912998756930755,7965,3703
11004,14002,2016,2017,-0.0614277870254426,-0.053132325991966066,0.008295461033476531,0.008295461033476531,769,236
11004,14003,2016,2017,-0.019748847159799767,-0.013237208634927878,0.006511638524871889,0.006511638524871889,4064,1862
11004,14004,2016,2017,-0.04809829476529115,-0.040939002401391845,0.007159292363899304,0.007159292363899304,2823,638
11004,14005,2016,2017,-0.06377839641367648,-0.03765567169058007,0.026122724723096416,0.026122724723096416,1523,1127
11004,14006,2016,2017,0.05002193939709108,0.04182255726499844,-0.008199382132092634,0.008199382132092634,7037,1703
11004,14007,2016,2017,0.08071456254027476,0.0756430043424031,-0.005071558197871653,0.005071558197871653,2130,1076
11004,15001,2016,2017,0.02145781945746955,0.02426303712824439,0.002805217670774837,0.002805217670774837,10045,3489
11004,15002,2016,2017,0.01808438427207991,0.012443618496905302,-0.0056407657751746075,0.0056407657751746075,16862,7365
11004,15003,2016,2017,0.0024834560514506313,-0.0021859026989173155,-0.004669358750367947,0.004669358750367947,2640,992
11004,15004,2016,2017,0.10819283459596876,0.10857921927184304,0.0003863846758742767,0.0003863846758742767,9540,3536
11004,15005,2016,2017,-0.08891430294288587,-0.04259939375866832,0.046314909184217545,0.046314909184217545,195,106
11004,15006,2016,2017,-0.005604200595120369,-0.022092488563658284,-0.016488287968537914,0.016488287968537914,2780,715
11004,15007,2016,2017,0.016290983355562703,0.03308127025860719,0.016790286903044484,0.016790286903044484,134,38
11004,16001,2016,2017,-0.13801835326246045,-0.16918529869520363,-0.031166945432743176,0.031166945432743176,535,85
11004,16002,2016,2017,0.0661352551912983,0.08017024334372418,0.014034988152425876,0.014034988152425876,6127,1879
11004,16003,2016,2017,0.019816210024935155,0.029115896292720184,0.009299686267785028,0.009299686267785028,1722,986
11004,16004,2016,2017,-0.06910551928932271,-0.06071374701908154,0.008391772270241168,0.008391772270241168,707,471
11005,11006,2016,2017,-0.1835767565425508,-0.15665806594508103,0.026918690597469763,0.026918690597469763,2764,1395
11005,11007,2016,2017,-0.26364792308496815,-0.24928257725323194,0.01436534583173621,0.01436534583173621,76,26
11005,11008,2016,2017,-0.21325639571864097,-0.3114384329572755,-0.09818203723863456,0.09818203723863456,1063,392
11005,12001,2016,2017,0.11205894253087408,0.10053972678510495,-0.011519215745769126,0.011519215745769126,29817,15067
11005,12002,2016,2017,0.024158258317013345,0.0018897680938562143,-0.02226849022315713,0.02226849022315713,3815,2210
11005,12003,2016,2017,0.07194719551859853,0.05227411341504165,-0.01967308210355688,0.01967308210355688,41338,20435
11005,12004,2016,2017,-0.11906400951333139,-0.1417332375801536,-0.022669228066822214,0.022669228066822214,4154,987
11005,12005,2016,2017,-0.05267805900876963,-0.06208581208619694,-0.009407753077427312,0.009407753077427312,10,18
11005,13001,2016,2017,0.04436984064461424,0.04285505158092892,-0.0015147890636853165,0.0015147890636853165,30484,15939
11005,13002,2016,2017,-0.03477758886836437,0.018331749764965963,0.05310933863333034,0.05310933863333034,17219,8299
11005,13003,2016,2017,-0.26770405194445984,-0.2863196454933914,-0.018615593548931553,0.018615593548931553,6847,3496
11005,13004,2016,2017,0.24405516118601658,0.22442107870068692,-0.019634082485329662,0.019634082485329662,22613,9346
11005,13005,2016,2017,0.059129081696504354,0.07000819974707269,0.010879118050568334,0.010879118050568334,3960,2299
11005,14001,2016,2017,0.05765361525909056,0.03902254074842278,-0.018631074510667783,0.018631074510667783,27424,15354
11005,14002,2016,2017,0.06665080519505208,0.06389290346931714,-0.0027579017257349375,0.0027579017257349375,4134,1577
11005,14003,2016,2017,-0.0051855593775327145,-0.002556499065768716,0.0026290603117639986,0.0026290603117639986,12189,7005
11005,14004,2016,2017,-0.04893696507164404,-0.01598486651848252,0.032952098553161516,0.032952098553161516,8304,2673
11005,14005,2016,2017,0.038934240329905966,0.031761440454292765,-0.0071727998756132005,0.0071727998756132005,6919,5361
11005,14006,2016,2017,-0.03197551913232523,-0.030803096954893264,0.0011724221774319643,0.0011724221774319643,14843,4570
11005,14007,2016,2017,-0.11063670441608411,-0.10430805787487171,0.0063286465412124016,0.0063286465412124016,2340,1687
11005,15001,2016,2017,-0.0135273717739435,-0.038642677201141055,-0.025115305427197556,0.025115305427197556,25301,10341
11005,15002,2016,2017,-7.232387916115034e-05,-0.0005502491171698509,-0.00047792523800870056,0.00047792523800870056,44833,25407
11005,15003,2016,2017,-0.008530139995270362,-0.0035118101796411437,0.005018329815629218,0.005018329815629218,7079,3545
11005,15004,2016,2017,-0.10667675945573434,-0.10952918813003161,-0.002852428674297275,0.002852428674297275,13191,6043
11005,15005,2016,2017,-0.011856960697319273,-0.02629178005506683,-0.014434819357747557,0.014434819357747557,980,443
11005,15006,2016,2017,-0.0520884095795595,-0.04330758758778579,0.008780821991773713,0.008780821991773713,6551,2414
11005,15007,2016,2017,-0.06576794866661619,-0.05370994151640875,0.012058007150207432,0.012058007150207432,205,69
11005,16001,2016,2017,0.0868938103278101,0.124449634935687,0.0375558246078769,0.0375558246078769,5112,1820
11005,16002,2016,2017,-0.06173293945062803,-0.11232049465238447,-0.050587555201756444,0.050587555201756444,10810,3117
11005,16003,2016,2017,-0.09376952820275276,-0.03607944968037477,0.057690078522377994,0.057690078522377994,2811,2652
11005,16004,2016,2017,0.08484813299203937,0.07496303923114332,-0.009885093760896052,0.009885093760896052,4311,3159
11006,11007,2016,2017,-0.005706586515187754,-0.017864444315651838,-0.012157857800464085,0.012157857800464085,195,49
11006,11008,2016,2017,-0.14897718534554413,-0.0956952036280196,0.05328198171752453,0.05328198171752453,398,352
11006,12001,2016,2017,-0.05270843784575288,-0.05174378881122559,0.0009646490345272887,0.0009646490345272887,5632,2513
11006,12002,2016,2017,-0.051547965466257346,-0.031810683570466305,0.01973728189579104,0.01973728189579104,761,469
11006,12003,2016,2017,0.020037894251883043,0.02908794644603131,0.009050052194148266,0.009050052194148266,11541,5213
11006,12004,2016,2017,-0.023719522742357408,-0.022725203326764584,0.0009943194155928245,0.0009943194155928245,1848,447
11006,13001,2016,2017,0.06130261240353853,0.04756199008435015,-0.013740622319188378,0.013740622319188378,10219,4387
11006,13002,2016,2017,-0.058592442307905515,-0.036937388161977405,0.02165505414592811,0.02165505414592811,4484,1718
11006,13003,2016,2017,0.012408527455496062,-0.005566888842415987,-0.01797541629791205,0.01797541629791205,5961,2507
11006,13004,2016,2017,-0.07115973109297412,-0.06180465948390179,0.009355071609072327,0.009355071609072327,2589,964
11006,13005,2016,2017,0.022804564339013254,0.017395830422690405,-0.00540873391632285,0.00540873391632285,1052,488
11006,14001,2016,2017,0.01080122338521808,-0.006868245611342251,-0.01766946899656033,0.01766946899656033,7499,3522
11006,14002,2016,2017,0.021644863616984835,0.00334780566483935,-0.018297057952145486,0.018297057952145486,1059,310
11006,14003,2016,2017,0.04398648715496935,0.04296662604158439,-0.001019861113384958,0.001019861113384958,4496,2162
11006,14004,2016,2017,-0.09068777681456446,-0.0502093963821958,0.040478380432368656,0.040478380432368656,1885,553
11006,14005,2016,2017,0.024555830663224153,0.013594284570597151,-0.010961546092627002,0.010961546092627002,2037,1320
11006,14006,2016,2017,-0.03075280627848493,-0.04165511188934601,-0.010902305610861078,0.010902305610861078,4326,1062
11006,14007,2016,2017,0.02924976902868026,0.006785363275241062,-0.0224644057534392,0.0224644057534392,1412,709
11006,15001,2016,2017,0.0344141529814735,0.021704826047876723,-0.01270932693359678,0.01270932693359678,8905,3178
11006,15002,2016,2017,-0.01336235072097122,-0.02610395503862527,-0.01274160431765405,0.01274160431765405,12968,6005
11006,15003,2016,2017,-0.0375439191323207,-0.02741831752264949,0.010125601609671207,0.010125601609671207,1820,799
11006,15004,2016,2017,-0.01892833359592437,-0.021345922491681765,-0.0024175888957573936,0.0024175888957573936,5140,1992
11006,15005,2016,2017,-0.02570522905723191,-0.029331452450056354,-0.0036262233928244444,0.0036262233928244444,264,107
11006,15006,2016,2017,0.0024773446990134338,0.022793998233464282,0.02031665353445085,0.02031665353445085,2440,828
11006,15007,2016,2017,-0.01011605386737995,-0.05607143973808865,-0.0459553858707087,0.0459553858707087,92,16
11006,16001,2016,2017,-0.0673980510152873,-0.03793493508594063,0.029463115929346667,0.029463115929346667,721,213
11006,16002,2016,2017,0.003382376050354253,0.0017087793961924184,-0.0016735966541618348,0.0016735966541618348,4061,1232
11006,16003,2016,2017,-0.14321368927731118,-0.06752071347339375,0.07569297580391743,0.07569297580391743,530,539
11006,16004,2016,2017,-0.05892644876882509,-0.022666952525338988,0.03625949624348611,0.03625949624348611,631,538
11007,11008,2016,2017,-0.13229172763273186,-0.1946541387156964,-0.06236241108296453,0.06236241108296453,33,7
11007,12001,2016,2017,-0.06410587042398808,-0.06852063167307887,-0.004414761249090793,0.004414761249090793,474,149
11007,12002,2016,2017,0.002495812521471873,0.013119910102342933,0.01062409758087106,0.01062409758087106,109,48
11007,12003,2016,2017,0.04019443107921865,0.05007938964027734,0.009884958561058692,0.009884958561058692,1385,484
11007,12004,2016,2017,0.11463036647085459,0.07242697239235235,-0.04220339407850224,0.04220339407850224,453,68
11007,13001,2016,2017,-0.036682640369551545,-0.011923881333060792,0.024758759036490753,0.024758759036490753,686,266
11007,13002,2016,2017,-0.0005249519737249793,-0.022459712378702496,-0.021934760404977518,0.021934760404977518,590,133
11007,13003,2016,2017,0.06932444104181476,0.04721031009981589,-0.02211413094199887,0.02211413094199887,878,265
11007,13004,2016,2017,-0.04372789062348279,-0.04453433296162946,-0.0008064423381466679,0.0008064423381466679,276,72
11007,13005,2016,2017,-0.012772008313339502,-0.007398771372997135,0.0053732369403423665,0.0053732369403423665,86,32
11007,14001,2016,2017,-0.018789448216856512,-0.005835449379299256,0.012953998837557256,0.012953998837557256,663,268
11007,14002,2016,2017,-0.014406416699279287,-0.02921848743494598,-0.014812070735666693,0.014812070735666693,86,18
11007,14003,2016,2017,0.013315481927359195,0.011955668442600943,-0.0013598134847582523,0.0013598134847582523,421,151
11007,14004,2016,2017,0.020200769251174856,0.001962501620651344,-0.01823826763052351,0.01823826763052351,353,57
11007,14005,2016,2017,-0.033482769960133996,-0.0252248597395948,0.008257910220539195,0.008257910220539195,144,79
11007,14006,2016,2017,-0.0039162232096815195,0.002639766760630216,0.006555989970311735,0.006555989970311735,496,102
11007,14007,2016,2017,0.03743873235453903,0.019080452311447657,-0.018358280043091375,0.018358280043091375,165,61
11007,15001,2016,2017,-0.001939915025410583,0.011234241603778358,0.013174156629188942,0.013174156629188942,805,242
11007,15002,2016,2017,-0.010000359973643774,-0.017782787147478142,-0.0077824271738343685,0.0077824271738343685,1322,453
11007,15003,2016,2017,0.006324508558992203,-0.019310451215718782,-0.025634959774710985,0.025634959774710985,238,61
11007,15004,2016,2017,0.021612417226576204,0.006307834975779319,-0.015304582250796884,0.015304582250796884,654,175
11007,15005,2016,2017,-0.020384355229617648,-0.0016439861897364597,0.01874036903988119,0.01874036903988119,27,10
11007,15006,2016,2017,0.0023476002178047387,0.037205277426804226,0.03485767720899949,0.03485767720899949,253,75
11007,15007,2016,2017,0.0689800794093206,0.0874051743817765,0.018425094972455897,0.018425094972455897,20,5
11007,16001,2016,2017,-0.025321370993657572,-0.016979410394373343,0.008341960599284229,0.008341960599284229,91,18
11007,16002,2016,2017,0.03872056252903008,0.05883947251188153,0.02011890998285145,0.02011890998285145,528,141
11007,16003,2016,2017,0.004209654624511898,-0.02365364106975919,-0.02786329569427109,0.02786329569427109,140,50
11007,16004,2016,2017,-0.020622246320157665,-0.013750565135267982,0.006871681184889683,0.006871681184889683,79,42
11008,12001,2016,2017,0.01924373811166257,0.03237834309628132,0.013134604984618749,0.013134604984618749,4087,2972
11008,12002,2016,2017,0.0002539010620352035,-0.012166396269127775,-0.01242029733116298,0.01242029733116298,562,445
11008,12003,2016,2017,0.02310466538262101,0.026367026126431162,0.0032623607438101512,0.0032623607438101512,6403,4407
11008,12004,2016,2017,0.0349369362476374,0.023307988808250885,-0.011628947439386514,0.011628947439386514,1364,493
11008,12005,2016,2017,0.07002952772664568,0.04011096118175367,-0.029918566544892014,0.029918566544892014,6,10
11008,13001,2016,2017,-0.06719216768657035,-0.03858763817729316,0.028604529509277193,0.028604529509277193,3327,2718
11008,13002,2016,2017,0.11639553485087968,0.07636006137117339,-0.04003547347970629,0.04003547347970629,5004,2341
11008,13003,2016,2017,-0.07348093387000088,-0.03970053154447418,0.0337804023255267,0.0337804023255267,2140,1834
11008,13004,2016,2017,0.012490079376005258,0.01654287266449032,0.004052793288485063,0.004052793288485063,2093,1203
11008,13005,2016,2017,0.04605170327366728,0.02954223111719449,-0.016509472156472794,0.016509472156472794,664,445
11008,14001,2016,2017,-0.034170280235618425,-0.010214660659784967,0.023955619575833458,0.023955619575833458,3349,2949
11008,14002,2016,2017,-0.02925916179385472,-0.00940629092810671,0.01985287086574801,0.01985287086574801,419,243
11008,14003,2016,2017,-0.02809410818439214,-0.01625119651096647,0.01184291167342567,0.01184291167342567,1753,1426
11008,14004,2016,2017,0.11264355893977715,0.08202869169803154,-0.030614867241745614,0.030614867241745614,2744,933
11008,14005,2016,2017,-0.06449323258192836,-0.033883780028980424,0.03060945255294794,0.03060945255294794,658,887
11008,14006,2016,2017,-0.003297823295986478,0.0012453850798871359,0.0045432083758736135,0.0045432083758736135,2629,1111
11008,14007,2016,2017,-0.01925815208329557,-0.006989236623841537,0.012268915459454032,0.012268915459454032,580,559
11008,15001,2016,2017,-0.044611623816097845,-0.016903888099361733,0.027707735716736112,0.027707735716736112,3506,2321
11008,15002,2016,2017,-0.02212162043694652,-0.0061887777071459584,0.01593284272980056,0.01593284272980056,6738,5424
11008,15003,2016,2017,0.0020441124744601516,0.019599025720613783,0.01755491324615363,0.01755491324615363,1208,863
11008,15004,2016,2017,-0.021174132509509266,0.005904062069896238,0.027078194579405503,0.027078194579405503,2723,1899
11008,15005,2016,2017,-0.012455600436236582,0.027944001594147356,0.04039960203038394,0.04039960203038394,156,136
11008,15006,2016,2017,-0.008647298768397049,-0.022093501026877266,-0.013446202258480217,0.013446202258480217,1246,554
11008,15007,2016,2017,0.036010762443695644,0.04928469991345984,0.013273937469764192,0.013273937469764192,73,34
11008,16001,2016,2017,0.11555747233938768,0.04645610432654905,-0.06910136801283863,0.06910136801283863,1119,307
11008,16002,2016,2017,-0.02002338568932381,-0.005524482176498036,0.014498903512825775,0.014498903512825775,1961,1010
11008,16003,2016,2017,0.11356159639315909,0.06516271269861364,-0.04839888369454545,0.04839888369454545,1318,922
11008,16004,2016,2017,0.036183909137775576,0.04058155311862918,0.004397643980853606,0.004397643980853606,615,644
12001,12002,2016,2017,-0.38286082022304446,-0.43331245947301233,-0.05045163924996787,0.05045163924996787,237,106
12001,12003,2016,2017,-0.569202011294517,-0.6037870678977583,-0.03458505660324129,0.03458505660324129,2500,1055
12001,12004,2016,2017,-0.39637125249453614,-0.3936449597753808,0.0027262927191553654,0.0027262927191553654,644,144
12001,13001,2016,2017,0.02150206020553695,0.03259940634711591,0.011097346141578961,0.011097346141578961,30749,16801
12001,13002,2016,2017,-0.02535737025788478,-0.04555403991846219,-0.020196669660577413,0.020196669660577413,18846,7451
12001,13003,2016,2017,-0.070396828364927,-0.06917355673865569,0.0012232716262713106,0.0012232716262713106,16305,8939
12001,13004,2016,2017,0.10692490704464239,0.1167495418222313,0.009824634777588909,0.009824634777588909,17351,7723
12001,13005,2016,2017,-0.017661177823697253,-0.03060743821168326,-0.012946260387986006,0.012946260387986006,3005,1627
12001,14001,2016,2017,0.036424939395165036,0.032108493493413666,-0.00431644590175137,0.00431644590175137,27699,16294
12001,14002,2016,2017,0.029590397739069053,0.013043832708486813,-0.01654656503058224,0.01654656503058224,3760,1359
12001,14003,2016,2017,-0.009277174180044867,-0.027829111917700475,-0.018551937737655608,0.018551937737655608,12794,7014
12001,14004,2016,2017,-0.0133515644866098,-0.03603675214834375,-0.02268518766173395,0.02268518766173395,10054,2666
12001,14005,2016,2017,0.05546641234751892,0.05592673528894374,0.00046032294142481917,0.00046032294142481917,7777,6208
12001,14006,2016,2017,-0.05073741421543639,-0.04642945454921349,0.004307959666222903,0.004307959666222903,14917,4683
12001,14007,2016,2017,-0.03526782805753767,-0.02078077009147726,0.01448705796606041,0.01448705796606041,3642,2655
12001,15001,2016,2017,0.006268644872129715,0.013381613655429059,0.007112968783299344,0.007112968783299344,28224,12736
12001,15002,2016,2017,0.010191957608781976,0.02396440343058462,0.013772445821802643,0.013772445821802643,48556,28507
12001,15003,2016,2017,-0.0061365628140598065,0.005093088850301836,0.011229651664361642,0.011229651664361642,7596,3947
12001,15004,2016,2017,-0.05840109641643211,-0.03256189274997251,0.0258392036664596,0.0258392036664596,16519,8386
12001,15005,2016,2017,0.031854348143393066,0.019837655112822535,-0.01201669303057053,0.01201669303057053,1325,619
12001,15006,2016,2017,0.028672809265328343,0.008395500265830105,-0.02027730899949824,0.02027730899949824,9385,3204
12001,15007,2016,2017,-0.020295364360211614,-0.021232383181975307,-0.0009370188217636931,0.0009370188217636931,306,96
12001,16001,2016,2017,-0.017994331223456266,-0.03868256416988061,-0.020688232946424346,0.020688232946424346,3522,946
12001,16002,2016,2017,-0.08850187494130084,-0.06866729354145877,0.019834581399842066,0.019834581399842066,10485,4041
12001,16003,2016,2017,-0.03452640517711383,-0.07169108231995497,-0.03716467714284114,0.03716467714284114,3988,2475
12001,16004,2016,2017,0.04629252217927495,0.0371801734648263,-0.009112348714448652,0.009112348714448652,3909,2964
12002,12003,2016,2017,-0.4007259356652857,-0.4254572175806127,-0.02473128191532703,0.02473128191532703,401,246
12002,12004,2016,2017,-0.30084998865055157,-0.3221625574467719,-0.021312568796220344,0.021312568796220344,98,24
12002,13001,2016,2017,-0.05417989125361347,-0.039940653030465546,0.014239238223147925,0.014239238223147925,3427,2427
12002,13002,2016,2017,0.02103511864388263,0.010560869959583085,-0.010474248684299544,0.010474248684299544,3314,1621
12002,13003,2016,2017,0.05361336529878277,0.06224116189731479,0.008627796598532016,0.008627796598532016,3773,2518
12002,13004,2016,2017,-0.0011426290714582552,-0.010080262832183391,-0.008937633760725136,0.008937633760725136,1897,954
12002,13005,2016,2017,-0.012527656435373399,-0.037545600022290744,-0.025017943586917345,0.025017943586917345,448,268
12002,14001,2016,2017,0.006456128305601778,-0.006775638557650823,-0.0132317668632526,0.0132317668632526,3895,2693
12002,14002,2016,2017,-0.0343978857695745,0.004938780112926901,0.0393366658825014,0.0393366658825014,392,240
12002,14003,2016,2017,0.025969390821252585,0.011447043787826301,-0.014522347033426284,0.014522347033426284,2231,1459
12002,14004,2016,2017,-0.03853010435805479,-0.05880464073612971,-0.02027453637807492,0.02027453637807492,1271,396
12002,14005,2016,2017,-0.022012786906315713,0.0054767579862742685,0.027489544892589982,0.027489544892589982,832,975
12002,14006,2016,2017,-0.007725405075823775,0.001045835600036956,0.008771240675860732,0.008771240675860732,2496,1001
12002,14007,2016,2017,0.06201956761050268,0.07049656608294241,0.008476998472439733,0.008476998472439733,909,756
12002,15001,2016,2017,-0.00663360962175963,0.001137435992847951,0.007771045614607581,0.007771045614607581,4030,2253
12002,15002,2016,2017,0.011929649925295289,0.011397927442189195,-0.0005317224831060934,0.0005317224831060934,7428,5180
12002,15003,2016,2017,-0.001484469720223591,0.0059718755130948676,0.007456345233318459,0.007456345233318459,1149,727
12002,15004,2016,2017,0.019943276468100304,0.03169519494874581,0.011751918480645503,0.011751918480645503,3194,1912
12002,15005,2016,2017,0.005339862959669318,-0.015835170660095887,-0.021175033619765204,0.021175033619765204,173,90
12002,15006,2016,2017,0.013930454826219988,0.0106668207472257,-0.003263634078994288,0.003263634078994288,1366,598
12002,15007,2016,2017,-0.005553294613793472,-0.03349494650325595,-0.027941651889462477,0.027941651889462477,50,15
12002,16001,2016,2017,0.013916291205936702,0.012586641628661693,-0.0013296495772750095,0.0013296495772750095,620,226
12002,16002,2016,2017,0.032516351737967526,0.0432658570597359,0.010749505321768375,0.010749505321768375,2459,1151
12002,16003,2016,2017,-0.07833159313918335,-0.05028758024529081,0.028044012893892543,0.028044012893892543,412,450
12002,16004,2016,2017,0.014553744114400441,-0.0023205667113753024,-0.016874310825775743,0.016874310825775743,523,461
12003,12004,2016,2017,-0.43998762826742627,-0.4290137012921453,0.01097392697528099,0.01097392697528099,880,199
12003,13001,2016,2017,0.0359929762517016,0.012275785100048371,-0.02371719115165323,0.02371719115165323,48670,24568
12003,13002,2016,2017,0.040046933498946294,0.06196940581053813,0.021922472311591834,0.021922472311591834,34327,14969
12003,13003,2016,2017,-0.01599736085981015,-0.011115971598145454,0.004881389261664695,0.004881389261664695,30034,16169
12003,13004,2016,2017,-0.10159750071480804,-0.10632407374021981,-0.004726573025411768,0.004726573025411768,14663,6072
12003,13005,2016,2017,0.054479158823732915,0.06414152391459221,0.009662365090859298,0.009662365090859298,6265,3609
12003,14001,2016,2017,-0.01024967472608143,-0.010216278009459347,3.339671662208263e-05,3.339671662208263e-05,38724,22906
12003,14002,2016,2017,0.009852341953212693,0.0160329738723613,0.006180631919148607,0.006180631919148607,5351,2098
12003,14003,2016,2017,0.03404033485847255,0.04112953021250407,0.007089195354031519,0.007089195354031519,22404,12878
12003,14004,2016,2017,-0.005213841801473266,0.022077750751423014,0.02729159255289628,0.02729159255289628,16132,5068
12003,14005,2016,2017,-0.040373686480558196,-0.035676511397281264,0.004697175083276932,0.004697175083276932,8567,7205
12003,14006,2016,2017,0.018625409716827003,-0.0015000692007288022,-0.020125478917555804,0.020125478917555804,28259,8365
12003,14007,2016,2017,-0.0018905735098950604,0.0032967233150394625,0.005187296824934523,0.005187296824934523,6577,4469
12003,15001,2016,2017,-0.025949224986396388,-0.03821491318298341,-0.012265688196587021,0.012265688196587021,41124,17482
12003,15002,2016,2017,-0.01866827796215844,-0.02791976464746948,-0.00925148668531104,0.00925148668531104,72268,40684
12003,15003,2016,2017,-0.005778466336328099,-0.011827652519159824,-0.006049186182831724,0.006049186182831724,11873,5724
12003,15004,2016,2017,0.027560972924570645,0.003767966501817466,-0.023793006422753178,0.023793006422753178,32388,14205
12003,15005,2016,2017,-0.07445462604328801,-0.06437080216922074,0.010083823874067269,0.010083823874067269,1147,601
12003,15006,2016,2017,-0.07085188721293399,-0.05626873144301039,0.014583155769923604,0.014583155769923604,10430,3895
12003,15007,2016,2017,-0.021192065698894164,-0.023720782968925318,-0.0025287172700311535,0.0025287172700311535,478,146
12003,16001,2016,2017,0.0438286233951496,0.04219556060831105,-0.0016330627868385503,0.0016330627868385503,7003,2098
12003,16002,2016,2017,0.04638265836598907,0.015463058984735122,-0.03091959938125395,0.03091959938125395,24660,8245
12003,16003,2016,2017,0.007004118931122069,0.06646604402062967,0.059461925089507595,0.059461925089507595,7397,6218
12003,16004,2016,2017,-0.02155770254460379,-0.013089807494842273,0.008467895049761517,0.008467895049761517,4549,3759
12004,13001,2016,2017,-0.22340900000409433,-0.20745975571121492,0.015949244292879416,0.015949244292879416,3186,913
12004,13002,2016,2017,0.1315730752824301,0.10092369317825346,-0.03064938210417663,0.03064938210417663,9551,2134
12004,13003,2016,2017,0.10443188974927801,0.1265622494855317,0.0221303597362537,0.0221303597362537,8696,2899
12004,13004,2016,2017,-0.008868103694557641,0.0050314967709322745,0.013899600465489916,0.013899600465489916,3695,932
12004,13005,2016,2017,-0.06323954182352964,-0.08665957349410229,-0.023420031670572647,0.023420031670572647,665,172
12004,14001,2016,2017,-0.07249363255932745,-0.046443273238455894,0.026050359320871554,0.026050359320871554,5724,2062
12004,14002,2016,2017,-0.10023157441726536,-0.0653149099800797,0.03491666443718566,0.03491666443718566,525,134
12004,14003,2016,2017,-0.05768768239787897,-0.02602514690133602,0.03166253549654295,0.03166253549654295,3035,1107
12004,14004,2016,2017,0.1725499085818209,0.18475329401573312,0.012203385433912223,0.012203385433912223,6172,1213
12004,14005,2016,2017,-0.13248699102991848,-0.12956220177185315,0.00292478925806533,0.00292478925806533,881,404
12004,14006,2016,2017,-0.03020793329707453,-0.010162029057644637,0.020045904239429896,0.020045904239429896,4597,857
12004,14007,2016,2017,0.011457985124205356,-0.013599170123065102,-0.02505715524727046,0.02505715524727046,1359,439
12004,15001,2016,2017,-0.05900510707142786,-0.04344391109131577,0.015561195980112089,0.015561195980112089,6671,1678
12004,15002,2016,2017,-0.04523602414532955,-0.03820820735003939,0.007027816795290159,0.007027816795290159,12391,3948
12004,15003,2016,2017,-0.03589483362145762,-0.015707456987410016,0.020187376634047606,0.020187376634047606,1947,586
12004,15004,2016,2017,0.017398685615400592,0.027493425409813806,0.010094739794413214,0.010094739794413214,6283,1707
12004,15005,2016,2017,-0.008408334328589792,0.02698545915758708,0.03539379348617687,0.03539379348617687,316,111
12004,15006,2016,2017,0.033142969098726854,0.03256528712237892,-0.0005776819763479366,0.0005776819763479366,2973,610
12004,15007,2016,2017,0.06446511488593229,0.12302180930601757,0.05855669442008528,0.05855669442008528,171,49
12004,16001,2016,2017,-0.008038074571173144,0.0016713250054004034,0.009709399576573548,0.009709399576573548,1095,191
12004,16002,2016,2017,0.020882651780680394,0.060378680910648935,0.03949602912996854,0.03949602912996854,4621,1133
12004,16003,2016,2017,0.18240721041116065,0.13918980402835612,-0.043217406382804524,0.043217406382804524,3184,1069
12004,16004,2016,2017,-0.03161088708083763,-0.04515570534517949,-0.013544818264341854,0.013544818264341854,796,322
12005,13001,2016,2017,0.005233257150183373,0.0006620644211690364,-0.004571192729014337,0.004571192729014337,23,41
12005,13002,2016,2017,-0.022768185995416232,-0.03575027996358957,-0.01298209396817334,0.01298209396817334,12,16
12005,13003,2016,2017,-0.021774372217793294,0.02306718987644113,0.04484156209423443,0.04484156209423443,12,34
12005,13004,2016,2017,-0.0058440727034892006,-0.019088136590393556,-0.013244063886904356,0.013244063886904356,9,12
12005,14001,2016,2017,0.03362127490562734,-0.008112161845934008,-0.04173343675156135,0.04173343675156135,26,37
12005,14003,2016,2017,0.010837022267503675,0.0010999785040886364,-0.009737043763415039,0.009737043763415039,11,20
12005,14004,2016,2017,-0.025006897216435238,-0.013358669674456218,0.01164822754197902,0.01164822754197902,6,7
12005,14005,2016,2017,0.02163913665310665,0.0033919512088323497,-0.018247185444274297,0.018247185444274297,6,14
12005,14006,2016,2017,-0.0077814569439036245,0.038432813696475374,0.046214270640379,0.046214270640379,12,20
12005,15001,2016,2017,-0.009303945901004978,0.007040839805690575,0.016344785706695553,0.016344785706695553,19,34
12005,15002,2016,2017,0.018540585395103795,0.0011825739730021738,-0.01735801142210162,0.01735801142210162,42,72
12005,15003,2016,2017,0.0030125075357891537,0.06489246489618465,0.0618799573603955,0.0618799573603955,6,18
12005,15004,2016,2017,-0.01172578861216869,0.06977387514068394,0.08149966375285263,0.08149966375285263,13,42
12005,16002,2016,2017,-0.06783191298040901,0.08222601680713448,0.1500579297875435,0.1500579297875435,5,27
12005,16003,2016,2017,0.05087361162416109,-0.05283789855904171,-0.10371151018320279,0.10371151018320279,6,5
13001,13002,2016,2017,-0.510499598946351,-0.5186388794092235,-0.008139280462872489,0.008139280462872489,1753,625
13001,13003,2016,2017,-0.5689418255340901,-0.6013730820459937,-0.032431256511903594,0.032431256511903594,853,371
13001,13004,2016,2017,-0.4837918781967781,-0.49957900109655273,-0.01578712289977463,0.01578712289977463,943,323
13001,13005,2016,2017,-0.3753875012997825,-0.40976150954722446,-0.03437400824744197,0.03437400824744197,287,129
13001,14001,2016,2017,0.07849680133962122,0.04387098513739985,-0.034625816202221375,0.034625816202221375,35891,19950
13001,14002,2016,2017,0.08063216126671126,0.054981849508296855,-0.025650311758414403,0.025650311758414403,5458,1948
13001,14003,2016,2017,-0.007076782608231673,-0.011123052576279747,-0.004046269968048075,0.004046269968048075,15433,8904
13001,14004,2016,2017,-0.2518525300512142,-0.23177146533056048,0.02008106472065374,0.02008106472065374,4330,1244
13001,14005,2016,2017,0.1296220676368986,0.10873910311711023,-0.02088296451978837,0.02088296451978837,11583,8511
13001,14006,2016,2017,0.03043164582592788,0.018188267955936078,-0.0122433778699918,0.0122433778699918,22483,6968
13001,14007,2016,2017,-0.09741267493126868,-0.07811706034328045,0.01929561458798823,0.01929561458798823,3279,2542
13001,15001,2016,2017,0.07728333625222644,0.07093519784239032,-0.0063481384098361265,0.0063481384098361265,38950,17222
13001,15002,2016,2017,0.050573633019606413,0.0419460738229002,-0.008627559196706214,0.008627559196706214,61762,35024
13001,15003,2016,2017,0.024725236264288734,0.028464523544308368,0.0037392872800196333,0.0037392872800196333,10107,5128
13001,15004,2016,2017,-0.02391617940974686,-0.027457754918187832,-0.0035415755084409715,0.0035415755084409715,21989,10306
13001,15005,2016,2017,0.011574110262951806,-0.0033572953080887695,-0.014931405571040576,0.014931405571040576,1419,658
13001,15006,2016,2017,-0.02435695223866068,-0.005133436908086519,0.019223515330574162,0.019223515330574162,9343,3671
13001,15007,2016,2017,-0.028176692716624815,-0.042804995122680406,-0.014628302406055591,0.014628302406055591,348,99
13001,16001,2016,2017,-0.1812216945744237,-0.18449484999503793,-0.0032731554206142377,0.0032731554206142377,1808,488
13001,16002,2016,2017,-0.046980100743861455,-0.07318885906435435,-0.026208758320492895,0.026208758320492895,14645,4856
13001,16003,2016,2017,-0.22376733822546846,-0.13321100069056432,0.09055633753490414,0.09055633753490414,1753,2307
13001,16004,2016,2017,-0.03597698624265382,-0.026339403347362213,0.00963758289529161,0.00963758289529161,3251,2794
13002,13003,2016,2017,-0.5024140856125563,-0.5014321925926276,0.0009818930199286813,0.0009818930199286813,887,356
13002,13004,2016,2017,-0.43848043772993917,-0.4312496285847525,0.007230809145186645,0.007230809145186645,776,228
13002,13005,2016,2017,-0.3414291474639071,-0.3514571950266541,-0.010028047562747,0.010028047562747,234,94
13002,14001,2016,2017,-0.1329187554992302,-0.0717975938974902,0.06112116160174001,0.06112116160174001,13956,8114
13002,14002,2016,2017,-0.1096110180034341,-0.0360105153642704,0.0736005026391637,0.0736005026391637,1530,691
13002,14003,2016,2017,0.01751609530082908,0.047193892457249344,0.029677797156420264,0.029677797156420264,11520,5782
13002,14004,2016,2017,0.3549762865673838,0.3331562321049241,-0.02182005446245966,0.02182005446245966,21966,5774
13002,14005,2016,2017,-0.2048066430621341,-0.1808753121396519,0.023931330922482202,0.023931330922482202,1851,1508
13002,14006,2016,2017,-0.07410570424827882,-0.04354722538733734,0.030558478860941485,0.030558478860941485,11249,3032
13002,14007,2016,2017,-0.05419896051279709,-0.044231226071758625,0.009967734441038462,0.009967734441038462,2724,1544
13002,15001,2016,2017,-0.13395330223957827,-0.131426806694364,0.00252649554521428,0.00252649554521428,15440,5248
13002,15002,2016,2017,-0.11517431396306868,-0.0853768568823858,0.029797457080682876,0.029797457080682876,30230,14832
13002,15003,2016,2017,-0.05517697605484992,-0.038122727252458605,0.017054248802391314,0.017054248802391314,5127,2162
13002,15004,2016,2017,-0.08325589422974432,-0.09509500620060357,-0.011839111970859253,0.011839111970859253,12396,4319
13002,15005,2016,2017,-0.025393968317101646,-0.03445237147326489,-0.009058403156163242,0.009058403156163242,792,294
13002,15006,2016,2017,0.03177488920304104,0.004591274598057279,-0.027183614604983763,0.027183614604983763,7879,2068
13002,15007,2016,2017,0.00747168735952374,0.03281068852239658,0.02533900116287284,0.02533900116287284,306,93
13002,16001,2016,2017,0.2367349945396874,0.22704831879663426,-0.009686675743053152,0.009686675743053152,7535,1966
13002,16002,2016,2017,-0.11119098304256482,-0.0969258689515329,0.014265114091031914,0.014265114091031914,7762,2259
13002,16003,2016,2017,0.27400456002126033,0.2362548627718758,-0.03774969724938454,0.03774969724938454,9768,4772
13002,16004,2016,2017,-0.005576521292222266,0.028717955338794728,0.03429447663101699,0.03429447663101699,2572,1899
13003,13004,2016,2017,-0.550854017177581,-0.5424419417843267,0.008412075393254281,0.008412075393254281,171,81
13003,13005,2016,2017,-0.40721203929943794,-0.45048942431125216,-0.04327738501181422,0.04327738501181422,104,39
13003,14001,2016,2017,-0.010844225890589835,-0.011707032572353596,-0.0008628066817637607,0.0008628066817637607,20169,12266
13003,14002,2016,2017,-0.09676200555295067,-0.106291519167698,-0.009529513614747326,0.009529513614747326,1631,595
13003,14003,2016,2017,0.01006645711913004,0.0008302968672932346,-0.009236160251836805,0.009236160251836805,11135,6335
13003,14004,2016,2017,-0.11795009593612059,-0.12507829968956236,-0.007128203753441767,0.007128203753441767,5351,1441
13003,14005,2016,2017,-0.05589771447653689,-0.03274230047781948,0.023155413998717407,0.023155413998717407,4085,3851
13003,14006,2016,2017,0.06417208258669421,0.03143664749518539,-0.03273543509150882,0.03273543509150882,17069,5041
13003,14007,2016,2017,0.1883795068020993,0.17847601043184738,-0.009903496370251924,0.009903496370251924,7050,4415
13003,15001,2016,2017,0.040158380561970346,0.04076985139052747,0.0006114708285571216,0.0006114708285571216,25119,11327
13003,15002,2016,2017,0.0544104707243419,0.045325479485328675,-0.009084991239013226,0.009084991239013226,43299,24612
13003,15003,2016,2017,-0.005824433559771876,-0.0234759384628198,-0.017651504903047927,0.017651504903047927,6211,2937
13003,15004,2016,2017,0.1630458656481488,0.16791432566188447,0.00486846001373567,0.00486846001373567,24123,11547
13003,15005,2016,2017,-0.07418680849817234,-0.01898771592728739,0.055199092570884956,0.055199092570884956,573,413
13003,15006,2016,2017,0.021336215627027942,0.011538076093439768,-0.009798139533588174,0.009798139533588174,7517,2694
13003,15007,2016,2017,0.04414864673357053,0.03634785405213288,-0.00780079268143765,0.00780079268143765,386,120
13003,16001,2016,2017,-0.2511413651866534,-0.24643495745464186,0.004706407732011558,0.004706407732011558,675,187
13003,16002,2016,2017,0.16953549854283897,0.17516922704161586,0.005633728498776885,0.005633728498776885,18494,7164
13003,16003,2016,2017,-0.06317263447755224,-0.05192953366493786,0.011243100812614377,0.011243100812614377,2819,2209
13003,16004,2016,2017,-0.08893610860128338,-0.09515949716593762,-0.006223388564654236,0.006223388564654236,1646,1375
13004,13005,2016,2017,-0.3377870444230826,-0.35701581291016654,-0.019228768487083936,0.019228768487083936,122,45
13004,14001,2016,2017,0.06251972959097116,0.04133851804830186,-0.021181211542669297,0.021181211542669297,15950,7280
13004,14002,2016,2017,0.0722314836308852,0.06062315394550042,-0.011608329685384784,0.011608329685384784,2444,744
13004,14003,2016,2017,-0.03186390055320372,-0.04522435108942835,-0.01336045053622463,0.01336045053622463,6083,2703
13004,14004,2016,2017,-0.05027094407679744,0.0006335998681894804,0.05090454394498692,0.05090454394498692,4451,1306
13004,14005,2016,2017,0.041993470006794945,0.01898603103179877,-0.023007438974996176,0.023007438974996176,3981,2389
13004,14006,2016,2017,-0.028478519181333838,-0.003545717735080602,0.024932801446253237,0.024932801446253237,8196,2288
13004,14007,2016,2017,-0.1373601490095716,-0.14929911476519087,-0.011938965755619257,0.011938965755619257,1019,533
13004,15001,2016,2017,-0.008551419500116881,-0.017665375549474286,-0.009113956049357405,0.009113956049357405,14164,4929
13004,15002,2016,2017,-0.0045463236880683225,-0.014784999214565222,-0.010238675526496899,0.010238675526496899,24637,11209
13004,15003,2016,2017,0.01824185130503492,0.017176817361943632,-0.001065033943091289,0.001065033943091289,4387,1770
13004,15004,2016,2017,-0.09735596662614047,-0.09023968121914448,0.0071162854069959924,0.0071162854069959924,7106,2733
13004,15005,2016,2017,0.07747270428704862,0.056367866440585154,-0.02110483784646347,0.02110483784646347,913,331
13004,15006,2016,2017,-0.04292978036067199,-0.021621657292224667,0.021308123068447326,0.021308123068447326,3678,1187
13004,15007,2016,2017,-0.05361924323408747,-0.033519834187622104,0.020099409046465365,0.020099409046465365,121,36
13004,16001,2016,2017,0.09212609884244273,0.13424715849883168,0.042121059656388946,0.042121059656388946,3044,948
13004,16002,2016,2017,-0.030750912545307117,-0.04815298105821151,-0.017402068512904392,0.017402068512904392,6557,1769
13004,16003,2016,2017,-0.09008647616215609,-0.053725086372755915,0.03636138978940018,0.03636138978940018,1502,1078
13004,16004,2016,2017,0.12824623648799777,0.0984307939127639,-0.029815442575233872,0.029815442575233872,3015,1680
13005,14001,2016,2017,0.009682976533750024,0.013595612546065686,0.003912636012315661,0.003912636012315661,3531,2302
13005,14002,2016,2017,0.031843844812151786,0.04666196264998203,0.014818117837830241,0.014818117837830241,538,246
13005,14003,2016,2017,0.026360593827478712,0.007607365158364257,-0.018753228669114455,0.018753228669114455,2002,1131
13005,14004,2016,2017,-0.03564489250641146,-0.012060455857307239,0.023584436649104222,0.023584436649104222,1149,410
13005,14005,2016,2017,-0.015109525008580647,0.0025300699938965274,0.017639595002477176,0.017639595002477176,773,757
13005,14006,2016,2017,-0.022893838284888092,-0.03864516449278824,-0.01575132620790015,0.01575132620790015,2064,637
13005,14007,2016,2017,0.04328793213736914,-0.021506417271334042,-0.06479434940870318,0.06479434940870318,735,363
13005,15001,2016,2017,-0.02343102798886618,-0.05354021515177702,-0.030109187162910837,0.030109187162910837,3333,1380
13005,15002,2016,2017,-0.014865038383441206,-0.026146098098366197,-0.01128105971492499,0.01128105971492499,5989,3571
13005,15003,2016,2017,0.009607109488438405,-0.0008951606364501444,-0.01050227012488855,0.01050227012488855,1092,552
13005,15004,2016,2017,-0.031673518974580386,-0.0580518765626251,-0.026378357588044715,0.026378357588044715,2231,987
13005,15005,2016,2017,-0.015218902515552305,0.028729974561189513,0.04394887707674182,0.04394887707674182,132,98
13005,15006,2016,2017,-0.010772660376734319,-0.022644562689584792,-0.011871902312850473,0.011871902312850473,1065,389
13005,15007,2016,2017,-0.002119111152612364,-0.014734943227186067,-0.012615832074573704,0.012615832074573704,46,14
13005,16001,2016,2017,-0.005331864068176044,-0.00012557904170522343,0.005206285026470821,0.005206285026470821,491,164
13005,16002,2016,2017,0.010372939372840125,0.0018640736789359543,-0.008508865693904171,0.008508865693904171,1979,744
13005,16003,2016,2017,-0.04488021230980448,0.012250780825317397,0.05713099313512188,0.05713099313512188,461,506
13005,16004,2016,2017,0.0927810226524809,0.10316208710718916,0.010381064454708266,0.010381064454708266,743,640
14001,14002,2016,2017,-0.3759428434903554,-0.29277724330146304,0.08316560018889235,0.08316560018889235,232,230
14001,14003,2016,2017,-0.502624832710483,-0.5363991294934198,-0.03377429678293686,0.03377429678293686,604,375
14001,14004,2016,2017,-0.4606736590598457,-0.42046430681856506,0.04020935224128064,0.04020935224128064,645,255
14001,14005,2016,2017,-0.45713455558759797,-0.5188349054253769,-0.061700349837778945,0.061700349837778945,265,212
14001,14006,2016,2017,-0.530594791497633,-0.5120789234194134,0.01851586807821959,0.01851586807821959,752,256
14001,14007,2016,2017,-0.39572399059641133,-0.42583186602720835,-0.030107875430797015,0.030107875430797015,279,215
14001,15001,2016,2017,0.026145324062446414,0.00048063664498599907,-0.025664687417460415,0.025664687417460415,30631,14430
14001,15002,2016,2017,0.041353403922837186,0.036721890344394825,-0.00463151357844236,0.00463151357844236,53129,33772
14001,15003,2016,2017,0.007254739379288418,-0.004543500195196717,-0.011798239574485135,0.011798239574485135,8275,4459
14001,15004,2016,2017,0.000476449530391588,-0.009578571621906975,-0.010055021152298563,0.010055021152298563,20329,10471
14001,15005,2016,2017,-0.03144007836779239,-0.028268515503009344,0.0031715628647830466,0.0031715628647830466,966,556
14001,15006,2016,2017,-0.02084156471558153,-0.013128134589701492,0.007713430125880039,0.007713430125880039,8181,3456
14001,15007,2016,2017,-0.03225430035621864,-0.039924219870368795,-0.007669919514150157,0.007669919514150157,292,98
14001,16001,2016,2017,-0.07854995898764405,-0.04966841374216691,0.02888154524547714,0.02888154524547714,2738,1052
14001,16002,2016,2017,0.01628760163991461,-0.014972062002292933,-0.031259663642207544,0.031259663642207544,15364,5736
14001,16003,2016,2017,-0.12402234278536382,-0.03339451222774035,0.09062783055762347,0.09062783055762347,2676,3409
14001,16004,2016,2017,0.02351674523748549,0.0281400649612176,0.00462331972373211,0.00462331972373211,3680,3334
14002,14003,2016,2017,-0.3488864826586449,-0.33526923796538904,0.01361724469325587,0.01361724469325587,114,54
14002,14004,2016,2017,-0.339228573594622,-0.31122245210914656,0.028006121485475433,0.028006121485475433,91,19
14002,14005,2016,2017,-0.3192453618590861,-0.3449487111846139,-0.025703349325527813,0.025703349325527813,55,27
14002,14006,2016,2017,-0.3826354900902667,-0.33496951236881517,0.047665977721451536,0.047665977721451536,116,33
14002,14007,2016,2017,-0.306825906140809,-0.2852079964953926,0.021617909645416433,0.021617909645416433,36,24
14002,15001,2016,2017,0.024122021339300078,0.0058461529915228546,-0.018275868347777224,0.018275868347777224,4161,1246
14002,15002,2016,2017,0.007764760451035377,-0.005536086557474555,-0.013300847008509933,0.013300847008509933,6626,2639
14002,15003,2016,2017,0.007561228261195279,-0.006719516870654431,-0.01428074513184971,0.01428074513184971,1094,366
14002,15004,2016,2017,-0.03448234738775628,-0.011798126681469893,0.02268422070628639,0.02268422070628639,2230,850
14002,15005,2016,2017,0.004778694366008592,-0.029684417337575056,-0.03446311170358365,0.03446311170358365,156,43
14002,15006,2016,2017,-0.03683929200919291,-0.032765102859158075,0.004074189150034838,0.004074189150034838,927,248
14002,16001,2016,2017,-0.05677549267088603,-0.0008713084202960106,0.055904184250590024,0.055904184250590024,351,112
14002,16002,2016,2017,-0.03531351513301926,-0.02583576911094564,0.00947774602207362,0.00947774602207362,1582,436
14002,16003,2016,2017,-0.11326390991580237,-0.012741268165564406,0.10052264175023796,0.10052264175023796,284,300
14002,16004,2016,2017,-0.02536400930804135,0.00404071119082361,0.02940472049886496,0.02940472049886496,364,259
14003,14004,2016,2017,-0.42539858110494194,-0.3660331140917605,0.05936546701318146,0.05936546701318146,300,147
14003,14005,2016,2017,-0.4114052240073243,-0.4839343376781991,-0.07252911367087478,0.07252911367087478,150,86
14003,14006,2016,2017,-0.4944303433993997,-0.4777071608158384,0.016723182583561258,0.016723182583561258,315,103
14003,14007,2016,2017,-0.38104027014399483,-0.4263740615361921,-0.04533379139219729,0.04533379139219729,114,64
14003,15001,2016,2017,-0.009600945164476926,-0.01278989442824998,-0.0031889492637730537,0.0031889492637730537,14540,6948
14003,15002,2016,2017,-0.013500858759280353,-0.02779541950141141,-0.014294560742131058,0.014294560742131058,24807,15106
14003,15003,2016,2017,-0.039018331099209394,-0.04812219376353638,-0.009103862664326987,0.009103862664326987,3516,1843
14003,15004,2016,2017,-0.008384843594519535,-0.02570486189643602,-0.017320018301916484,0.017320018301916484,10237,4934
14003,15005,2016,2017,0.004230156169353945,0.009295163467345146,0.005065007297991201,0.005065007297991201,616,344
14003,15006,2016,2017,-0.0009449849819242421,0.022634490289615845,0.023579475271540088,0.023579475271540088,4556,1999
14003,15007,2016,2017,0.016191481439839835,0.030173823543439178,0.013982342103599343,0.013982342103599343,213,82
14003,16001,2016,2017,0.019973789968731444,0.043550490556321424,0.02357670058758998,0.02357670058758998,2264,838
14003,16002,2016,2017,-0.002039385777840436,0.012253179087522237,0.014292564865362673,0.014292564865362673,7536,3155
14003,16003,2016,2017,-0.05545648241854083,-0.02802260040789393,0.0274338820106469,0.0274338820106469,1881,1708
14003,16004,2016,2017,-0.01619930048850553,-0.00918958586243884,0.007009714626066692,0.007009714626066692,1581,1442
14004,14005,2016,2017,-0.41839131307492455,-0.4108175239805699,0.007573789094354633,0.007573789094354633,93,46
14004,14006,2016,2017,-0.444750022229031,-0.3673883689418366,0.07736165328719441,0.07736165328719441,388,86
14004,14007,2016,2017,-0.3704877462683745,-0.3421233979105284,0.02836434835784607,0.02836434835784607,91,43
14004,15001,2016,2017,-0.10353319662087723,-0.07466335320236725,0.028869843418509983,0.028869843418509983,8240,2133
14004,15002,2016,2017,-0.10999148849119526,-0.0877815064121765,0.022209982079018767,0.022209982079018767,14707,4828
14004,15003,2016,2017,-0.07061991756649016,-0.03540410204386746,0.03521581552262271,0.03521581552262271,2373,761
14004,15004,2016,2017,-0.0921375841720648,-0.09869833852737075,-0.006560754355305953,0.006560754355305953,5852,1376
14004,15005,2016,2017,0.02769699196522287,0.05194979155863466,0.02425279959341179,0.02425279959341179,570,185
14004,15006,2016,2017,0.06929703054229092,0.050002391902669176,-0.01929463863962174,0.01929463863962174,4860,940
14004,15007,2016,2017,0.02498297233369675,0.07494232024677379,0.04995934791307704,0.04995934791307704,182,48
14004,16001,2016,2017,0.22203396835764547,0.2210114235339201,-0.0010225448237253798,0.0010225448237253798,4224,836
14004,16002,2016,2017,-0.11958198436598835,-0.08749919331167724,0.03208279105431111,0.03208279105431111,3570,772
14004,16003,2016,2017,0.2905103242630472,0.23091271043346165,-0.05959761382958553,0.05959761382958553,6152,2056
14004,16004,2016,2017,0.015218546133352027,0.03267719191096234,0.017458645777610315,0.017458645777610315,1490,720
14005,14006,2016,2017,-0.44122474248723464,-0.4789515375429225,-0.03772679505568788,0.03772679505568788,164,49
14005,14007,2016,2017,-0.36036231777629874,-0.422515645374299,-0.06215332759800024,0.06215332759800024,47,35
14005,15001,2016,2017,0.048399488661970184,0.044022623165866234,-0.00437686549610395,0.00437686549610395,8571,5690
14005,15002,2016,2017,0.029089478564017307,0.029080536416802936,-8.942147214370533e-06,8.942147214370533e-06,13535,11819
14005,15003,2016,2017,0.020106098542786388,0.008113397064858544,-0.011992701477927845,0.011992701477927845,2225,1611
14005,15004,2016,2017,-0.022010573903608596,0.0007242979426075976,0.022734871846216195,0.022734871846216195,4632,3692
14005,15005,2016,2017,0.043330653954249544,0.011623523303675264,-0.03170713065057428,0.03170713065057428,386,240
14005,15006,2016,2017,-0.028333344966156918,-0.03505147876069571,-0.0067181337945387935,0.0067181337945387935,1911,1049
14005,15007,2016,2017,-0.02217988757694363,-0.03695802908460578,-0.014778141507662147,0.014778141507662147,76,33
14005,16001,2016,2017,-0.1439101484422729,-0.12476497814578616,0.01914517029648674,0.01914517029648674,379,204
14005,16002,2016,2017,-0.04095445522589152,-0.021015884651235186,0.019938570574656336,0.019938570574656336,3033,1886
14005,16003,2016,2017,-0.17553523532122176,-0.11472110757104029,0.06081412775018147,0.06081412775018147,371,725
14005,16004,2016,2017,-0.009551970851085924,-0.05099429350738174,-0.04144232265629581,0.04144232265629581,784,792
14006,14007,2016,2017,-0.42570987687808276,-0.4104459679769048,0.015263908901177958,0.015263908901177958,100,45
14006,15001,2016,2017,0.025513964510823852,0.030114135441273022,0.00460017093044917,0.00460017093044917,21117,5712
14006,15002,2016,2017,0.06259642859523405,0.03395519511829655,-0.028641233476937505,0.028641233476937505,38463,12528
14006,15003,2016,2017,0.07710716440125726,0.10106204929990446,0.023954884898647208,0.023954884898647208,7339,2450
14006,15004,2016,2017,0.07651644522647003,0.07152770204753159,-0.004988743178938437,0.004988743178938437,17272,4905
14006,15005,2016,2017,-0.012929940320228471,0.016213630124335108,0.02914357044456358,0.02914357044456358,732,259
14006,15006,2016,2017,-0.022600527262517288,-0.008155327988338365,0.014445199274178923,0.014445199274178923,5510,1257
14006,15007,2016,2017,-0.006158224365363785,-0.017153757400273972,-0.010995533034910188,0.010995533034910188,239,41
14006,16001,2016,2017,-0.042686707111114164,-0.009143535725806298,0.033543171385307866,0.033543171385307866,2195,458
14006,16002,2016,2017,0.046150268226316925,0.017793170865696453,-0.028357097360620472,0.028357097360620472,11630,2329
14006,16003,2016,2017,-0.04736512256159322,-0.01892235427402195,0.02844276828757127,0.02844276828757127,2625,1271
14006,16004,2016,2017,-0.02357006059030444,-0.02007621229982697,0.0034938482904774727,0.0034938482904774727,2017,979
14007,15001,2016,2017,0.01788536184232606,0.009701342189786346,-0.008184019652539712,0.008184019652539712,5198,2835
14007,15002,2016,2017,0.03510041331029999,0.02891869664424345,-0.00618171666605654,0.00618171666605654,9358,6632
14007,15003,2016,2017,-0.030585742676558964,-0.0405965158946372,-0.010010773218078233,0.010010773218078233,1139,692
14007,15004,2016,2017,0.098880893719227,0.09303981214284893,-0.005841081576378068,0.005841081576378068,5089,2910
14007,15005,2016,2017,-0.032034953764875675,-0.04560292644735922,-0.013567972682483546,0.013567972682483546,152,88
14007,15006,2016,2017,-0.011603013050689006,-0.028536291872274088,-0.01693327882158508,0.01693327882158508,1388,588
14007,15007,2016,2017,0.05185555206000205,0.045233439391490236,-0.006622112668511815,0.006622112668511815,93,36
14007,16001,2016,2017,-0.09087661598432292,-0.09808997985586462,-0.0072133638715417,0.0072133638715417,360,128
14007,16002,2016,2017,0.11690105594347058,0.10941768088708499,-0.007483375056385591,0.007483375056385591,4055,1828
14007,16003,2016,2017,-0.041707036128942776,0.011656776005337627,0.0533638121342804,0.0533638121342804,622,776
14007,16004,2016,2017,-0.007528323930862094,-0.009028474496506162,-0.0015001505656440685,0.0015001505656440685,530,541
15001,15002,2016,2017,0.032055824722214486,0.028618003631525925,-0.0034378210906885615,0.0034378210906885615,57112,27240
15001,15003,2016,2017,0.013060550605829783,0.015062691141879279,0.002002140536049496,0.002002140536049496,9238,3875
15001,15004,2016,2017,0.021995246870678446,0.04430089710390609,0.022305650233227645,0.022305650233227645,23510,9783
15001,15005,2016,2017,-0.028514398399960093,-0.023788908610218974,0.004725489789741119,0.004725489789741119,1079,460
15001,15006,2016,2017,-0.03330711915585256,-0.0033715438912457663,0.029935575264606797,0.029935575264606797,8578,2903
15001,15007,2016,2017,-0.018889552524922554,-0.028495178368261414,-0.00960562584333886,0.00960562584333886,352,86
15001,16001,2016,2017,-0.1182046525783915,-0.07835059073792584,0.03985406184046565,0.03985406184046565,2457,720
15001,16002,2016,2017,0.02014470741487366,0.023677235997037565,0.003532528582163904,0.003532528582163904,16982,5269
15001,16003,2016,2017,-0.09009934403793796,-0.06779803503862643,0.022301308999311528,0.022301308999311528,3525,2375
15001,16004,2016,2017,-0.02804569411473002,-0.0337111125125592,-0.005665418397829178,0.005665418397829178,3199,2115
15002,15003,2016,2017,0.06616518043048916,0.06185946335546399,-0.004305717075025174,0.004305717075025174,18210,9632
15002,15004,2016,2017,0.09737092778407293,0.09218717419991657,-0.0051837535841563614,0.0051837535841563614,45751,22848
15002,15005,2016,2017,-0.03322363807871889,-0.056765582413857256,-0.023541944335138364,0.023541944335138364,1833,880
15002,15006,2016,2017,-0.040549208531565246,-0.024164186648233388,0.01638502188333186,0.01638502188333186,14643,6069
15002,15007,2016,2017,-0.016205620301688286,-0.040088995171179025,-0.02388337486949074,0.02388337486949074,620,181
15002,16001,2016,2017,-0.07448272403010046,-0.05686490940475376,0.0176178146253467,0.0176178146253467,5518,1895
15002,16002,2016,2017,0.029456575873680613,0.01066890013554351,-0.018787675738137104,0.018787675738137104,29415,11148
15002,16003,2016,2017,-0.06817722172499513,-0.03196229442939867,0.03621492729559646,0.03621492729559646,6977,6306
15002,16004,2016,2017,-0.0020923226552588834,-0.015124825141075899,-0.013032502485817016,0.013032502485817016,6177,5155
15003,15004,2016,2017,0.09830108751147905,0.08851358116788029,-0.009787506343598762,0.009787506343598762,8786,3760
15003,15005,2016,2017,0.018500811224557386,0.005743382575290624,-0.012757428649266761,0.012757428649266761,400,172
15003,15006,2016,2017,-0.01204610586894787,0.0038569160648219253,0.015903021933769794,0.015903021933769794,2547,942
15003,15007,2016,2017,0.03135049100404368,0.02235693028461509,-0.008993560719428594,0.008993560719428594,142,40
15003,16001,2016,2017,-0.04132577592214253,-0.05861015015220498,-0.017284374230062446,0.017284374230062446,955,235
15003,16002,2016,2017,0.019413696649459463,0.0006556246334198882,-0.018758072016039573,0.018758072016039573,4851,1537
15003,16003,2016,2017,-0.005750936497817119,0.005191820637548608,0.010942757135365726,0.010942757135365726,1425,1008
15003,16004,2016,2017,0.020514214016397764,0.00624367064555268,-0.014270543370845084,0.014270543370845084,1138,790
15004,15005,2016,2017,-0.05822347647936466,-0.04013859584682575,0.018084880632538915,0.018084880632538915,622,307
15004,15006,2016,2017,-0.06209159672868573,-0.05298863990474168,0.009102956823944047,0.009102956823944047,5287,1737
15004,15007,2016,2017,-0.022273653930123434,-0.0034460951771755123,0.01882755875294792,0.01882755875294792,240,77
15004,16001,2016,2017,-0.0976934699314684,-0.10779293796760078,-0.010099468036132389,0.010099468036132389,1856,435
15004,16002,2016,2017,0.10155268519007285,0.0939014856779553,-0.007651199512117554,0.007651199512117554,15257,4961
15004,16003,2016,2017,-0.03476294363589538,-0.01502900672567078,0.019733936910224605,0.019733936910224605,3159,2188
15004,16004,2016,2017,-0.03880219146721871,-0.05092552101905229,-0.012123329551833581,0.012123329551833581,2109,1437
15005,15006,2016,2017,0.06823240381320217,0.071730559232168,0.003498155418965837,0.003498155418965837,592,211
15005,15007,2016,2017,0.10250444858388633,0.03851937712052457,-0.06398507146336176,0.06398507146336176,40,7
15005,16001,2016,2017,-0.021098419079590005,-0.013313923619961553,0.007784495459628452,0.007784495459628452,148,44
15005,16002,2016,2017,-0.05254802064668926,-0.015995747471719887,0.03655227317496937,0.03655227317496937,457,198
15005,16003,2016,2017,0.008390188851626342,0.00512804301241337,-0.003262145839212972,0.003262145839212972,224,146
15005,16004,2016,2017,0.07862244231215441,0.016251897122025443,-0.06237054519012897,0.06237054519012897,254,123
15006,15007,2016,2017,0.04582688569293289,0.0973559883555068,0.051529102662573906,0.051529102662573906,172,57
15006,16001,2016,2017,-0.16438272867835668,-0.14159160706714988,0.022791121611206805,0.022791121611206805,456,98
15006,16002,2016,2017,-0.20524873174900846,-0.16349424315921707,0.04175448858979139,0.04175448858979139,1693,488
15006,16003,2016,2017,-0.12398116467014715,-0.15150834647283987,-0.027527181802692716,0.027527181802692716,767,313
15006,16004,2016,2017,-0.14070019211287285,-0.143139358139524,-0.002439166026651146,0.002439166026651146,444,248
15007,16001,2016,2017,-0.05265771851283836,-0.02149498375942756,0.0311627347534108,0.0311627347534108,34,8
15007,16002,2016,2017,-0.003284893788786684,0.02285046640543906,0.026135360194225743,0.026135360194225743,198,53
15007,16003,2016,2017,0.03577465207892728,0.0024898733250411447,-0.033284778753886135,0.033284778753886135,89,29
15007,16004,2016,2017,-0.007563155166352943,0.009500928007284089,0.017064083173637033,0.017064083173637033,43,24
16001,16002,2016,2017,-0.3354687992785484,-0.35324044037446234,-0.017771641095913948,0.017771641095913948,184,20
16001,16003,2016,2017,-0.2145838971817911,-0.2584036175388865,-0.043819720357095415,0.043819720357095415,139,34
16001,16004,2016,2017,-0.2309121503127482,-0.25931890525931545,-0.028406754946567248,0.028406754946567248,73,24
16002,16003,2016,2017,-0.39272048492878736,-0.3758478555817824,0.016872629347004953,0.016872629347004953,126,79
16002,16004,2016,2017,-0.36090242067079426,-0.3727333847783231,-0.011830964107528819,0.011830964107528819,104,55
16003,16004,2016,2017,-0.271338710497617,-0.31915289107394557,-0.04781418057632858,0.04781418057632858,60,53
10001,10002,2017,2018,-0.36051743045762336,-0.32964681741734014,0.030870613040283212,0.030870613040283212,706,520
10001,10003,2017,2018,-0.2196808402510376,-0.23579168270675863,-0.01611084245572103,0.01611084245572103,75,76
10001,10004,2017,2018,-0.12254626350412563,-0.0997894225590733,0.02275684094505233,0.02275684094505233,274,248
10001,10005,2017,2018,-0.3339189667299263,-0.3048026722633044,0.02911629446662195,0.02911629446662195,190,106
10001,11001,2017,2018,-0.020988735894241797,-0.03283256139179238,-0.011843825497550583,0.011843825497550583,3428,2183
10001,11002,2017,2018,-0.0901639839489973,-0.08281545380338648,0.007348530145610821,0.007348530145610821,6486,4026
10001,11003,2017,2018,-0.21866793395498965,-0.2195506739744032,-0.0008827400194135471,0.0008827400194135471,1964,1350
10001,11004,2017,2018,-0.23832418918388412,-0.21993833836045368,0.018385850823430444,0.018385850823430444,599,372
10001,11005,2017,2018,0.2742040241132024,0.27326097268501925,-0.0009430514281831281,0.0009430514281831281,14516,9352
10001,11006,2017,2018,-0.1633019880131509,-0.12726833931740028,0.036033648695750625,0.036033648695750625,880,675
10001,11007,2017,2018,-0.03703345385160292,-0.01975252225110131,0.01728093160050161,0.01728093160050161,119,73
10001,11008,2017,2018,-0.0316724529782128,-0.014484193972639392,0.017188259005573407,0.017188259005573407,1477,894
10001,12001,2017,2018,0.019534016051832467,0.010196596337330426,-0.00933741971450204,0.00933741971450204,8923,5842
10001,12002,2017,2018,-0.07146741000236846,-0.05618180256105847,0.015285607441309988,0.015285607441309988,1088,878
10001,12003,2017,2018,0.030879064723081537,0.047638455536296406,0.01675939081321487,0.01675939081321487,13920,8733
10001,12004,2017,2018,-0.18715408616786536,-0.19656508877093956,-0.009411002603074203,0.009411002603074203,484,261
10001,12005,2017,2018,-0.04191930820739262,0.024492292638119185,0.0664116008455118,0.0664116008455118,15,30
10001,13001,2017,2018,0.11455383372752628,0.11169847848151812,-0.002855355246008162,0.002855355246008162,13315,8205
10001,13002,2017,2018,-0.07152216948053013,-0.08069071332882552,-0.009168543848295393,0.009168543848295393,4315,2810
10001,13003,2017,2018,-0.3436510628147841,-0.323566636374028,0.020084426440756087,0.020084426440756087,1477,975
10001,13004,2017,2018,0.21422263542167017,0.2091940672751316,-0.00502856814653857,0.00502856814653857,6821,4329
10001,13005,2017,2018,0.06218303008370702,0.07539554497408323,0.013212514890376205,0.013212514890376205,1597,1180
10001,14001,2017,2018,0.03802897761946016,0.037952416668548004,-7.656095091215787e-05,7.656095091215787e-05,10884,7540
10001,14002,2017,2018,0.0831015143275038,0.08703179282122787,0.003930278493724071,0.003930278493724071,1230,687
10001,14003,2017,2018,-0.005140981033969384,-0.02057181491493722,-0.015430833880967837,0.015430833880967837,4865,3361
10001,14004,2017,2018,-0.07589581124148218,-0.058314414799288575,0.0175813964421936,0.0175813964421936,1410,776
10001,14005,2017,2018,0.08352181274086162,0.059108211219602295,-0.024413601521259327,0.024413601521259327,4511,2827
10001,14006,2017,2018,-0.047985901826688326,-0.006069316003370057,0.04191658582331827,0.04191658582331827,2960,1401
10001,14007,2017,2018,-0.12628097447824213,-0.14996836330311253,-0.023687388824870398,0.023687388824870398,1006,627
10001,15001,2017,2018,-0.001248615619008876,0.018775422226582517,0.020024037845591394,0.020024037845591394,7985,4452
10001,15002,2017,2018,-0.005751484684220867,-0.007708283322911359,-0.001956798638690492,0.001956798638690492,17622,12359
10001,15003,2017,2018,-0.0003800061929070519,-0.025727023418794494,-0.02534701722588744,0.02534701722588744,2514,1456
10001,15004,2017,2018,-0.12906282242737535,-0.1373391406096454,-0.008276318182270037,0.008276318182270037,3748,2053
10001,15005,2017,2018,-0.0014967147400291316,0.012689231082881893,0.014185945822911024,0.014185945822911024,358,279
10001,15006,2017,2018,-0.026943685924610022,-0.034369474730525686,-0.007425788805915663,0.007425788805915663,1794,989
10001,15007,2017,2018,-0.04498247712638207,-0.025074597849183457,0.019907879277198615,0.019907879277198615,51,39
10001,16001,2017,2018,0.06597755029816212,0.05669211157050482,-0.009285438727657296,0.009285438727657296,1029,596
10001,16002,2017,2018,-0.12747776149535758,-0.12604208219501645,0.0014356793003411361,0.0014356793003411361,1943,1038
10001,16003,2017,2018,-0.09265143583666939,-0.11072230596196495,-0.018070870125295554,0.018070870125295554,1402,937
10001,16004,2017,2018,0.018428696669411496,0.04321610731434681,0.024787410644935313,0.024787410644935313,1808,1141
10002,10003,2017,2018,-0.26134269418463424,-0.2664431307443785,-0.005100436559744237,0.005100436559744237,40,47
10002,10004,2017,2018,-0.02232627199735401,-0.0059324677108642246,0.016393804286489785,0.016393804286489785,444,379
10002,10005,2017,2018,-0.2837322356874221,-0.26888564427471995,0.01484659141270217,0.01484659141270217,244,123
10002,11001,2017,2018,-0.028335616941394966,-0.061847026013086434,-0.033511409071691464,0.033511409071691464,2853,1684
10002,11002,2017,2018,-0.05051546176083354,-0.038864560447904414,0.011650901312929125,0.011650901312929125,6283,4040
10002,11003,2017,2018,-0.012441032419095398,0.004276720272856587,0.016717752691951984,0.016717752691951984,4092,3032
10002,11004,2017,2018,-0.061478665472420646,-0.06454185300961296,-0.0030631875371923134,0.0030631875371923134,1420,806
10002,11005,2017,2018,0.04839076022684694,0.04071897543056054,-0.007671784796286399,0.007671784796286399,7742,4919
10002,11006,2017,2018,-0.25490588302378625,-0.2107699905046557,0.044135892519130554,0.044135892519130554,386,338
10002,11007,2017,2018,-0.0777095393789753,-0.04864393947533233,0.02906559990364297,0.02906559990364297,74,51
10002,11008,2017,2018,0.0253716555602372,0.02558714156127583,0.00021548600103862836,0.00021548600103862836,1640,940
10002,12001,2017,2018,0.05229341971609,0.05577319849568272,0.0034797787795927196,0.0034797787795927196,8415,5795
10002,12002,2017,2018,0.02481053606613265,0.0017243075628142635,-0.023086228503318387,0.023086228503318387,1479,1005
10002,12003,2017,2018,-0.021894607033204172,-0.011588231359172266,0.010306375674031906,0.010306375674031906,10539,6614
10002,12004,2017,2018,-0.10463433873943082,-0.07405754577645916,0.030576792962971652,0.030576792962971652,688,491
10002,12005,2017,2018,0.03247108045877743,0.007925417975922876,-0.024545662482854558,0.024545662482854558,25,23
10002,13001,2017,2018,0.028169833867793183,0.03335213539327894,0.005182301525485759,0.005182301525485759,9446,5992
10002,13002,2017,2018,0.0611494788247273,0.05773686231117475,-0.003412616513552548,0.003412616513552548,5768,3911
10002,13003,2017,2018,-0.1845115301047503,-0.22082888787957722,-0.03631735777482692,0.03631735777482692,2972,1496
10002,13004,2017,2018,0.10381496965996177,0.12768251985324855,0.023867550193286777,0.023867550193286777,4404,3078
10002,13005,2017,2018,0.02788340031927082,0.019267686401559233,-0.008615713917711588,0.008615713917711588,1188,813
10002,14001,2017,2018,0.010624380763577919,0.020966537324603435,0.010342156561025516,0.010342156561025516,8748,6338
10002,14002,2017,2018,0.021226548597541393,0.024294955614168483,0.0030684070166270908,0.0030684070166270908,797,446
10002,14003,2017,2018,-0.02105517440372549,-0.02399785528619168,-0.00294268088246619,0.00294268088246619,3948,2894
10002,14004,2017,2018,0.016318723637585544,0.036770010208147415,0.02045128657056187,0.02045128657056187,1841,1057
10002,14005,2017,2018,0.0005443636942310302,-0.012469780542150997,-0.013014144236382027,0.013014144236382027,2921,1915
10002,14006,2017,2018,0.023140057032934556,0.015073417421051397,-0.00806663961188316,0.00806663961188316,3334,1339
10002,14007,2017,2018,-0.050845344020109574,-0.05627085590589974,-0.005425511885790164,0.005425511885790164,1268,893
10002,15001,2017,2018,0.006554365088536587,0.008261615243770082,0.001707250155233495,0.001707250155233495,7024,3774
10002,15002,2017,2018,-0.015041001659704446,-0.014198640834160385,0.0008423608255440605,0.0008423608255440605,14823,10639
10002,15003,2017,2018,0.029525696371234707,0.001312129186320392,-0.028213567184914315,0.028213567184914315,2438,1424
10002,15004,2017,2018,-0.05208243187894067,-0.06559906274791204,-0.013516630868971369,0.013516630868971369,4281,2382
10002,15005,2017,2018,0.01111389778363946,0.00898714216959176,-0.002126755614047699,0.002126755614047699,332,239
10002,15006,2017,2018,-0.04805393537196545,-0.05390602748837538,-0.0058520921164099265,0.0058520921164099265,1390,781
10002,15007,2017,2018,-0.03839254695929766,-0.08092557617901683,-0.042533029219719166,0.042533029219719166,46,21
10002,16001,2017,2018,0.04424564012380278,0.0552492220781925,0.011003581954389718,0.011003581954389718,804,521
10002,16002,2017,2018,-0.08338501473847638,-0.08295709135742377,0.00042792338105261674,0.00042792338105261674,2022,1107
10002,16003,2017,2018,-0.0006539279761833639,0.006478659112265637,0.007132587088449001,0.007132587088449001,1838,1400
10002,16004,2017,2018,0.0038104167977224073,-0.009511477678693737,-0.013321894476416145,0.013321894476416145,1460,788
10003,10004,2017,2018,0.07601942392698155,0.08652516768815198,0.01050574376117043,0.01050574376117043,74,100
10003,10005,2017,2018,-0.16954680399285846,-0.18979214586979132,-0.02024534187693286,0.02024534187693286,29,21
10003,11001,2017,2018,-0.07902587203245663,-0.08528416814874758,-0.006258296116290946,0.006258296116290946,154,179
10003,11002,2017,2018,-0.10666494988734128,-0.16419838438593784,-0.05753343449859656,0.05753343449859656,318,243
10003,11003,2017,2018,-0.0922217520819998,-0.12245505116537092,-0.03023329908337112,0.03023329908337112,193,199
10003,11004,2017,2018,-0.23221447546854143,-0.21805358794856117,0.014160887519980264,0.014160887519980264,20,26
10003,11005,2017,2018,0.16215993367859455,0.19367450204907194,0.03151456837047739,0.03151456837047739,1202,1392
10003,11006,2017,2018,-0.09923365608626959,-0.17045237993132753,-0.07121872384505794,0.07121872384505794,67,42
10003,11007,2017,2018,-0.060282038915652904,-0.02790805948764239,0.03237397942801051,0.03237397942801051,6,8
10003,11008,2017,2018,0.015482795782920205,0.06739329823009411,0.051910502447173906,0.051910502447173906,135,180
10003,12001,2017,2018,-0.022804535814353214,-0.021603603727026063,0.0012009320873271508,0.0012009320873271508,530,630
10003,12002,2017,2018,0.020250007971440342,0.006491667189043741,-0.0137583407823966,0.0137583407823966,126,147
10003,12003,2017,2018,0.0407258382475329,0.05671421884421764,0.01598838059668474,0.01598838059668474,1122,1232
10003,12004,2017,2018,-0.1087096636834949,-0.12407333329456409,-0.015363669611069192,0.015363669611069192,41,39
10003,13001,2017,2018,-0.10024768824921124,-0.12500450906787278,-0.02475682081866154,0.02475682081866154,404,390
10003,13002,2017,2018,0.10503897739870238,0.1143955974417425,0.009356620043040123,0.009356620043040123,686,794
10003,13003,2017,2018,-0.2852198143114339,-0.3414495320555942,-0.0562297177441603,0.0562297177441603,53,36
10003,13004,2017,2018,0.18642640166435032,0.21731324798918947,0.03088684632483915,0.03088684632483915,685,793
10003,13005,2017,2018,0.01642784724340147,0.0029228668433115166,-0.013504980400089954,0.013504980400089954,97,107
10003,14001,2017,2018,-0.01632636557333919,-0.01987178558904128,-0.0035454200157020895,0.0035454200157020895,644,770
10003,14002,2017,2018,0.055721588915144206,0.06476794724430532,0.009046358329161112,0.009046358329161112,89,87
10003,14003,2017,2018,0.0400655652220409,0.012918581631390804,-0.02714698359065009,0.02714698359065009,443,476
10003,14004,2017,2018,0.09513854763397055,0.12367202002763202,0.02853347239366147,0.02853347239366147,258,262
10003,14005,2017,2018,-0.006749779443401342,-0.04088661749798754,-0.0341368380545862,0.0341368380545862,231,222
10003,14006,2017,2018,-0.049764142049257165,-0.047451313106623774,0.002312828942633391,0.002312828942633391,182,130
10003,14007,2017,2018,-0.10110050007794225,0.017637003466608847,0.11873750354455109,0.11873750354455109,61,183
10003,15001,2017,2018,-0.06964344905574128,-0.07317564314033063,-0.003532194084589352,0.003532194084589352,378,345
10003,15002,2017,2018,-0.01709330914066902,-0.01962998352542338,-0.0025366743847543595,0.0025366743847543595,1169,1429
10003,15003,2017,2018,-0.022205540753139227,-0.022340817753657788,-0.0001352770005185605,0.0001352770005185605,154,174
10003,15004,2017,2018,-0.09034424358871827,-0.13271000378745204,-0.04236576019873377,0.04236576019873377,239,188
10003,15005,2017,2018,-0.022942531285980148,-0.00812361548581108,0.014818915800169068,0.014818915800169068,21,30
10003,15006,2017,2018,-0.026469546640085228,-0.04671415881141936,-0.020244612171334133,0.020244612171334133,119,104
10003,16001,2017,2018,0.29925273925560136,0.33794875696406534,0.03869601770846398,0.03869601770846398,324,361
10003,16002,2017,2018,-0.11510427475967255,-0.15487744694641908,-0.03977317218674653,0.03977317218674653,104,75
10003,16003,2017,2018,-0.014478013193170694,0.012595928332722215,0.02707394152589291,0.02707394152589291,138,208
10003,16004,2017,2018,-0.022408838641694757,-0.04354104597173077,-0.021132207330036016,0.021132207330036016,101,86
10004,10005,2017,2018,0.038574524334616195,0.06642659527165364,0.02785207093703744,0.02785207093703744,234,173
10004,11001,2017,2018,-0.1079359423828275,-0.15818189285164583,-0.05024595046881833,0.05024595046881833,195,117
10004,11002,2017,2018,-0.12667114410443153,-0.16746372575645888,-0.04079258165202734,0.04079258165202734,441,267
10004,11003,2017,2018,0.07606815232963456,0.03674471629189179,-0.039323436037742764,0.039323436037742764,787,562
10004,11004,2017,2018,-0.03779828269841449,-0.05537259446626198,-0.01757431176784749,0.01757431176784749,182,118
10004,11005,2017,2018,-0.14196738868931275,-0.14678108651771382,-0.004813697828401076,0.004813697828401076,360,292
10004,11006,2017,2018,-0.19241751214522673,-0.1535175816339695,0.03889993051125723,0.03889993051125723,46,55
10004,11008,2017,2018,-0.05487744069458912,-0.07243893208869479,-0.017561491394105663,0.017561491394105663,124,78
10004,12001,2017,2018,-0.014135079710588371,0.008033024923968402,0.022168104634556773,0.022168104634556773,841,804
10004,12002,2017,2018,0.016287918034001484,0.03414568041532943,0.017857762381327944,0.017857762381327944,183,192
10004,12003,2017,2018,0.015116837946422063,0.014835872260088088,-0.0002809656863339751,0.0002809656863339751,1484,1135
10004,12004,2017,2018,0.11676736215245824,0.07756881054891539,-0.03919855160354285,0.03919855160354285,304,183
10004,13001,2017,2018,-0.15906310438712173,-0.1633992782695645,-0.0043361738824427565,0.0043361738824427565,436,341
10004,13002,2017,2018,0.25460259527636586,0.24886212457166765,-0.005740470704698214,0.005740470704698214,1785,1434
10004,13003,2017,2018,-0.13297570666119793,-0.19108826686303276,-0.058112560201834834,0.058112560201834834,337,175
10004,13004,2017,2018,-0.029631118708276363,0.011304003675313591,0.040935122383589956,0.040935122383589956,320,331
10004,13005,2017,2018,-0.03428006211366549,-0.027130633900704387,0.0071494282129610995,0.0071494282129610995,101,96
10004,14001,2017,2018,-0.08777453003791504,-0.06370123279873936,0.024073297239175673,0.024073297239175673,661,683
10004,14002,2017,2018,-0.036947391201873715,-0.018979533089862957,0.017967858112010758,0.017967858112010758,67,53
10004,14003,2017,2018,0.017848384402268432,-0.0020862096099167064,-0.019934594012185138,0.019934594012185138,583,485
10004,14004,2017,2018,0.286004638306146,0.24345180693223054,-0.04255283137391544,0.04255283137391544,899,499
10004,14005,2017,2018,-0.1398116078051229,-0.120176077911646,0.01963552989347689,0.01963552989347689,138,144
10004,14006,2017,2018,-0.056623014759942636,-0.028912197884812686,0.02771081687512995,0.02771081687512995,267,163
10004,14007,2017,2018,-0.03304375673121082,0.035535351250304985,0.06857910798151581,0.06857910798151581,160,224
10004,15001,2017,2018,-0.09641762671868272,-0.1271655752897674,-0.03074794857108469,0.03074794857108469,498,273
10004,15002,2017,2018,-0.06892688778787975,-0.05377972413638853,0.01514716365149122,0.01514716365149122,1388,1363
10004,15003,2017,2018,-0.02253586540701768,-0.027591989993888455,-0.005056124586870776,0.005056124586870776,233,186
10004,15004,2017,2018,-0.09318737533144127,-0.08616091184622855,0.007026463485212714,0.007026463485212714,367,287
10004,15005,2017,2018,-0.026094554010468077,-0.016281336378610952,0.009813217631857125,0.009813217631857125,31,31
10004,15006,2017,2018,0.04167869113227758,0.013958698250157081,-0.0277199928821205,0.0277199928821205,279,172
10004,15007,2017,2018,0.07203500878086833,0.02286987545665663,-0.0491651333242117,0.0491651333242117,15,8
10004,16001,2017,2018,0.20641624231824027,0.20291818622783703,-0.00349805609040324,0.00349805609040324,285,210
10004,16002,2017,2018,-0.11172814220024131,-0.105464156544665,0.006263985655576315,0.006263985655576315,169,124
10004,16003,2017,2018,0.15165820435935412,0.13314256568757749,-0.018515638671776635,0.018515638671776635,532,434
10004,16004,2017,2018,-0.0412467234542029,-0.08092395470130372,-0.03967723124710082,0.03967723124710082,134,72
10005,11001,2017,2018,-0.04867866039336379,-0.05557100755211716,-0.006892347158753372,0.006892347158753372,904,468
10005,11002,2017,2018,-0.0728314861360669,-0.09868671054941006,-0.02585522441334316,0.02585522441334316,1953,834
10005,11003,2017,2018,0.024026554653212042,0.03290931087297849,0.00888275621976645,0.00888275621976645,1722,1009
10005,11004,2017,2018,-0.046013852645872426,-0.03270137306327033,0.013312479582602094,0.013312479582602094,528,263
10005,11005,2017,2018,0.04860809050606192,0.0453659461118419,-0.00324214439422002,0.00324214439422002,2944,1530
10005,11006,2017,2018,-0.23720630551498734,-0.19700084179946395,0.04020546371552339,0.04020546371552339,117,80
10005,11007,2017,2018,-0.03206386676722059,-0.06450804543544629,-0.0324441786682257,0.0324441786682257,37,12
10005,11008,2017,2018,0.04176063153748975,0.07435336458453234,0.0325927330470426,0.0325927330470426,664,367
10005,12001,2017,2018,-0.002152069313468164,-0.0062737676469965635,-0.004121698333528399,0.004121698333528399,2614,1407
10005,12002,2017,2018,-0.018789551248183104,-0.0061452140818791514,0.012644337166303952,0.012644337166303952,430,280
10005,12003,2017,2018,0.01817897864357089,0.020263976111717853,0.002084997468146964,0.002084997468146964,4305,2142
10005,12004,2017,2018,0.008952862837450363,0.02683008694135215,0.017877224103901787,0.017877224103901787,457,247
10005,13001,2017,2018,-0.04859471073542679,-0.068475940016602,-0.01988122928117521,0.01988122928117521,2620,1180
10005,13002,2017,2018,0.13526913397937282,0.14127113015997927,0.006001996180606456,0.006001996180606456,2903,1672
10005,13003,2017,2018,-0.10773511898098487,-0.13996811225572137,-0.0322329932747365,0.0322329932747365,1326,525
10005,13004,2017,2018,0.054400977517256414,0.059235174700100694,0.00483419718284428,0.00483419718284428,1432,770
10005,13005,2017,2018,0.0012128918581166663,0.0288792377623341,0.027666345904217435,0.027666345904217435,380,256
10005,14001,2017,2018,-0.008122375102235324,-0.009364224286922128,-0.0012418491846868038,0.0012418491846868038,2986,1679
10005,14002,2017,2018,-0.001882354203619152,-0.04519107078487548,-0.043308716581256325,0.043308716581256325,256,83
10005,14003,2017,2018,-0.029307369731427408,-5.48518319103225e-05,0.029252517899517085,0.029252517899517085,1347,915
10005,14004,2017,2018,0.12924044235595583,0.1342560408849887,0.005015598529032855,0.005015598529032855,1154,523
10005,14005,2017,2018,-0.06725446121856658,-0.08062715838752164,-0.013372697168955061,0.013372697168955061,744,375
10005,14006,2017,2018,0.04682203089737505,-0.016540372785367526,-0.06336240368274257,0.06336240368274257,1376,333
10005,14007,2017,2018,-0.044645625455618725,0.01813623504653445,0.06278186050215318,0.06278186050215318,452,373
10005,15001,2017,2018,-0.010762938594534168,-0.038133107956065435,-0.027370169361531266,0.027370169361531266,2391,896
10005,15002,2017,2018,-0.018986380136262172,-0.022807642404193834,-0.003821262267931662,0.003821262267931662,5223,2951
10005,15003,2017,2018,0.0076182007631540585,-0.01902141439173426,-0.02663961515488832,0.02663961515488832,816,371
10005,15004,2017,2018,-0.05508753041057013,-0.08306913605691013,-0.027981605646340002,0.027981605646340002,1447,578
10005,15005,2017,2018,0.007866796312985206,-0.001928166808048514,-0.00979496312103372,0.00979496312103372,119,65
10005,15006,2017,2018,0.0033790283780570645,-0.0018042056383782258,-0.005183234016435291,0.005183234016435291,640,291
10005,15007,2017,2018,0.0016236713108185473,-0.020449625327884805,-0.022073296638703353,0.022073296638703353,23,10
10005,16001,2017,2018,0.12290840995996191,0.13972041587711012,0.01681200591714821,0.01681200591714821,467,259
10005,16002,2017,2018,-0.08532253388569458,-0.09661199175102053,-0.011289457865325953,0.011289457865325953,661,264
10005,16003,2017,2018,0.07854147889304025,0.0694217519770745,-0.009119726915965756,0.009119726915965756,985,565
10005,16004,2017,2018,0.003331692822682238,0.02342019543581372,0.02008850261313148,0.02008850261313148,530,275
11001,11002,2017,2018,-0.3586060848538373,-0.36114229392371366,-0.0025362090698763384,0.0025362090698763384,977,655
11001,11003,2017,2018,-0.2566602314784811,-0.27656333860469023,-0.01990310712620913,0.01990310712620913,930,651
11001,11004,2017,2018,-0.17255212998727013,-0.14750103820676594,0.025051091780504187,0.025051091780504187,573,425
11001,11005,2017,2018,-0.36233648347546804,-0.35840370450688847,0.0039327789685795755,0.0039327789685795755,829,624
11001,11006,2017,2018,0.02437378639404495,0.02715437872126318,0.00278059232721823,0.00278059232721823,1511,1071
11001,11007,2017,2018,-0.1963583395257674,-0.1854194004250739,0.01093893910069349,0.01093893910069349,18,12
11001,11008,2017,2018,-0.2427443229624602,-0.24357442789666067,-0.0008301049342004652,0.0008301049342004652,248,150
11001,12001,2017,2018,-0.4150641772301469,-0.4292979566433032,-0.014233779413156344,0.014233779413156344,596,420
11001,12002,2017,2018,-0.2779035616412142,-0.3055325122901482,-0.027628950648934003,0.027628950648934003,158,109
11001,12003,2017,2018,-0.31442844154824345,-0.28845225875127783,0.02597618279696562,0.02597618279696562,2471,1911
11001,12004,2017,2018,-0.19073673659733958,-0.18278041608465848,0.007956320512681109,0.007956320512681109,290,203
11001,13001,2017,2018,0.023771066325640806,0.033717705068728114,0.009946638743087308,0.009946638743087308,7365,5179
11001,13002,2017,2018,-0.10922587711002284,-0.11015081822766612,-0.0009249411176432826,0.0009249411176432826,2394,1814
11001,13003,2017,2018,0.05667020163231815,0.06990535200589622,0.013235150373578065,0.013235150373578065,5666,3987
11001,13004,2017,2018,0.020523639937097347,-0.008648999358468112,-0.02917263929556546,0.02917263929556546,2621,1653
11001,13005,2017,2018,-0.06812987625284139,-0.06575736847729322,0.002372507775548177,0.002372507775548177,561,449
11001,14001,2017,2018,0.0018330327580393154,-0.019207888519977127,-0.02104092127801644,0.02104092127801644,6700,4864
11001,14002,2017,2018,-0.02521223633439255,-0.05544248297620173,-0.03023024664180918,0.03023024664180918,486,242
11001,14003,2017,2018,-0.03867835733519283,-0.04045450391582144,-0.001776146580628614,0.001776146580628614,2873,2328
11001,14004,2017,2018,-0.06356782582198003,-0.05145101219873034,0.012116813623249692,0.012116813623249692,983,594
11001,14005,2017,2018,0.007827682566198951,-0.0016034095124360381,-0.00943109207863499,0.00943109207863499,2360,1716
11001,14006,2017,2018,0.07677296050092546,0.15461457623876443,0.07784161573783897,0.07784161573783897,3202,1960
11001,14007,2017,2018,0.010487242483080765,0.008429981508527034,-0.002057260974553731,0.002057260974553731,1325,1035
11001,15001,2017,2018,0.06827229168871995,0.10027023805462061,0.031997946365900656,0.031997946365900656,6644,4298
11001,15002,2017,2018,0.013427518822745637,0.017206916895207848,0.0037793980724622114,0.0037793980724622114,12416,9799
11001,15003,2017,2018,0.014177474279801703,0.020577292797464352,0.006399818517662649,0.006399818517662649,1805,1328
11001,15004,2017,2018,0.013966111644126943,0.04258396263683159,0.028617850992704648,0.028617850992704648,4223,3012
11001,15005,2017,2018,0.0872946806507214,0.07791551710845876,-0.009379163542262647,0.009379163542262647,405,304
11001,15006,2017,2018,0.08174585622946764,0.09196932500750898,0.01022346877804134,0.01022346877804134,1927,1287
11001,15007,2017,2018,0.01696743002897599,0.03369575282322095,0.016728322794244962,0.016728322794244962,56,46
11001,16001,2017,2018,-0.05077555357248203,-0.08530148913264968,-0.03452593556016765,0.03452593556016765,372,199
11001,16002,2017,2018,0.03461872114348815,0.03563693425574983,0.001018213112261683,0.001018213112261683,2587,1588
11001,16003,2017,2018,-0.08380255932773745,-0.07669264191873758,0.007109917408999869,0.007109917408999869,953,814
11001,16004,2017,2018,-0.019268063743668885,-0.02631711341508627,-0.007049049671417385,0.007049049671417385,1024,621
11002,11003,2017,2018,-0.3808749066768174,-0.37944865237440933,0.0014262543024080587,0.0014262543024080587,1316,956
11002,11004,2017,2018,-0.1820899159637912,-0.13409988462903685,0.04799003133475435,0.04799003133475435,1493,1097
11002,11005,2017,2018,-0.42648792843231675,-0.4129262117527312,0.013561716679585556,0.013561716679585556,2009,1404
11002,11006,2017,2018,0.01075603085438477,0.01899845336867805,0.008242422514293279,0.008242422514293279,3250,2155
11002,11007,2017,2018,-0.20654442107308843,-0.22482908382261182,-0.018284662749523395,0.018284662749523395,46,20
11002,11008,2017,2018,-0.24855902429599158,-0.2465914193228168,0.0019676049731747747,0.0019676049731747747,718,395
11002,12001,2017,2018,0.051180006711979774,0.05646674552861182,0.005286738816632046,0.005286738816632046,14743,10217
11002,12002,2017,2018,0.03340519313509072,0.014538426007895374,-0.01886676712719535,0.01886676712719535,2725,1917
11002,12003,2017,2018,0.07075476618900432,0.06722958267639423,-0.0035251835126100944,0.0035251835126100944,22891,14068
11002,12004,2017,2018,-0.02024854565533478,0.0120821032343939,0.03233064888972868,0.03233064888972868,1988,1384
11002,12005,2017,2018,-0.04557110072315811,-0.021442717822329392,0.02412838290082872,0.02412838290082872,23,33
11002,13001,2017,2018,0.07367150344328234,0.08963283810747252,0.015961334664190183,0.015961334664190183,18375,11942
11002,13002,2017,2018,-0.09966177825658791,-0.09468886039520141,0.004972917861386497,0.004972917861386497,6322,4437
11002,13003,2017,2018,0.06516683129547539,0.05459307279379717,-0.010573758501678215,0.010573758501678215,12735,7748
11002,13004,2017,2018,-0.12839088562195772,-0.12495305202504116,0.003437833596916559,0.003437833596916559,3475,2277
11002,13005,2017,2018,0.0257389186775341,0.012567984871761485,-0.013170933805772616,0.013170933805772616,2096,1421
11002,14001,2017,2018,-0.002715152641542765,0.004955150274817899,0.007670302916360663,0.007670302916360663,15274,11001
11002,14002,2017,2018,0.006870767449240043,0.019149511578655173,0.01227874412941513,0.01227874412941513,1334,780
11002,14003,2017,2018,0.026444993275848164,0.009766712184663162,-0.016678281091185,0.016678281091185,8288,5871
11002,14004,2017,2018,-0.09010189710791865,-0.06637305079967706,0.023728846308241583,0.023728846308241583,2132,1222
11002,14005,2017,2018,0.039086787849008375,0.04618667680543077,0.007099888956422391,0.007099888956422391,5960,4213
11002,14006,2017,2018,-0.030016631810385802,-0.0355226810761108,-0.0055060492657249965,0.0055060492657249965,5009,1991
11002,14007,2017,2018,0.04417726246638388,0.002971805307170784,-0.041205457159213095,0.041205457159213095,3426,2131
11002,15001,2017,2018,0.020958998615386432,0.015563735296390675,-0.005395263318995758,0.005395263318995758,13088,6953
11002,15002,2017,2018,0.0146716824285074,0.010761543997351446,-0.0039101384311559535,0.0039101384311559535,28372,20264
11002,15003,2017,2018,0.004045623194713061,-0.008967345782759295,-0.013012968977472356,0.013012968977472356,3971,2491
11002,15004,2017,2018,0.029607147634408287,0.02104216105670931,-0.008564986577698976,0.008564986577698976,10024,5834
11002,15005,2017,2018,-0.022070811620708484,-0.024113772975985437,-0.002042961355276953,0.002042961355276953,496,360
11002,15006,2017,2018,-0.014015396934553736,-0.005864750190746525,0.008150646743807211,0.008150646743807211,2971,1794
11002,15007,2017,2018,-0.014359199186699213,-0.026519872608844208,-0.012160673422144995,0.012160673422144995,102,62
11002,16001,2017,2018,-0.11516451961890144,-0.1374440962683441,-0.022279576649442676,0.022279576649442676,622,327
11002,16002,2017,2018,0.03493687019635234,0.03396897887796517,-0.0009678913183871693,0.0009678913183871693,5807,3255
11002,16003,2017,2018,-0.06445641903032573,-0.07820864892159327,-0.013752229891267537,0.013752229891267537,2580,1820
11002,16004,2017,2018,-0.04207021952790965,-0.05467864567566904,-0.012608426147759387,0.012608426147759387,2180,1180
11003,11004,2017,2018,-0.08763213044000363,-0.12601980206093216,-0.03838767162092853,0.03838767162092853,1318,704
11003,11005,2017,2018,-0.4599219428344672,-0.449573134940311,0.010348807894156209,0.010348807894156209,568,492
11003,11006,2017,2018,0.001980557628425921,-0.0036915296906989423,-0.005672087319124863,0.005672087319124863,1833,1293
11003,11007,2017,2018,-0.23932558768680892,-0.20812062266277653,0.03120496502403239,0.03120496502403239,16,14
11003,11008,2017,2018,-0.22923541180109686,-0.23017453677253322,-0.0009391249714363614,0.0009391249714363614,406,256
11003,12001,2017,2018,-0.007496244474428752,0.0031124100725563046,0.010608654546985057,0.010608654546985057,7491,5956
11003,12002,2017,2018,0.04862281361278577,0.05942093827069067,0.010798124657904903,0.010798124657904903,1722,1515
11003,12003,2017,2018,0.05015720366182785,0.04976704683089009,-0.0003901568309377587,0.0003901568309377587,13203,9107
11003,12004,2017,2018,0.14090139184248293,0.12763338451574827,-0.013268007326734665,0.013268007326734665,2251,1463
11003,12005,2017,2018,-0.045956760690043154,-0.02367770349435191,0.022279057195691242,0.022279057195691242,13,21
11003,13001,2017,2018,-0.13431108666710667,-0.1449840851140452,-0.01067299844693853,0.01067299844693853,6065,4144
11003,13002,2017,2018,0.17311931538019346,0.19065928045743152,0.017539965077238068,0.017539965077238068,8158,6445
11003,13003,2017,2018,0.10115770147013348,0.1029652825940902,0.0018075811239567224,0.0018075811239567224,8422,5885
11003,13004,2017,2018,-0.16048758040670208,-0.17247843947507632,-0.011990859068374243,0.011990859068374243,1585,1103
11003,13005,2017,2018,-0.04598786703607555,-0.044677285553035774,0.001310581483039773,0.001310581483039773,868,710
11003,14001,2017,2018,-0.028432032610830854,-0.023710966079586938,0.004721066531243916,0.004721066531243916,8258,6696
11003,14002,2017,2018,-0.059847432582791536,-0.03162820076583269,0.028219231816958845,0.028219231816958845,540,392
11003,14003,2017,2018,0.024250151788860305,0.03771488089161593,0.013464729102755629,0.013464729102755629,4858,4205
11003,14004,2017,2018,0.13699804215376632,0.11928701706918513,-0.017711025084581195,0.017711025084581195,3045,1717
11003,14005,2017,2018,-0.10539784013197044,-0.09025467325588026,0.015143166876090186,0.015143166876090186,1961,1663
11003,14006,2017,2018,-0.010771434179324312,-0.07038086047554676,-0.05960942629622244,0.05960942629622244,3092,1093
11003,14007,2017,2018,0.03932348401978787,0.06982709385243724,0.030503609832649367,0.030503609832649367,2001,1816
11003,15001,2017,2018,-0.044466087225476236,-0.05801676877082753,-0.013550681545351294,0.013550681545351294,6325,3622
11003,15002,2017,2018,-0.033689413479505534,-0.030660761746371133,0.0030286517331344007,0.0030286517331344007,14978,12266
11003,15003,2017,2018,-0.024945245896622913,-0.03240493706117623,-0.00745969116455332,0.00745969116455332,2052,1473
11003,15004,2017,2018,0.03378019847725717,0.042167080617458816,0.008386882140201647,0.008386882140201647,6003,4110
11003,15005,2017,2018,-0.04867279193708368,-0.042436276056732405,0.006236515880351276,0.006236515880351276,240,208
11003,15006,2017,2018,0.008141316205699179,-0.013235265232799297,-0.021376581438498476,0.021376581438498476,1890,1134
11003,15007,2017,2018,0.008046194195192969,0.01967326996764299,0.011627075772450021,0.011627075772450021,70,57
11003,16001,2017,2018,0.0026909780104666897,-0.024700600801819055,-0.027391578812285745,0.027391578812285745,684,407
11003,16002,2017,2018,0.03354612132003141,0.02563999401452249,-0.00790612730550892,0.00790612730550892,3426,2096
11003,16003,2017,2018,0.1443612510196137,0.17288998319642457,0.028528732176810873,0.028528732176810873,3322,2944
11003,16004,2017,2018,-0.01923139367642695,-0.03075877606983151,-0.011527382393404562,0.011527382393404562,1383,849
11004,11005,2017,2018,-0.2838531314378714,-0.2662514677797593,0.01760166365811211,0.01760166365811211,696,464
11004,11006,2017,2018,0.05607321251063347,0.07753006909632951,0.021456856585696037,0.021456856585696037,1051,703
11004,11007,2017,2018,-0.08522286818084418,-0.07362050014037999,0.01160236804046419,0.01160236804046419,30,17
11004,11008,2017,2018,-0.15000380833392182,-0.13275177401344895,0.01725203432047287,0.01725203432047287,266,156
11004,12001,2017,2018,-0.044878223946636736,-0.042696713079699834,0.002181510866936902,0.002181510866936902,2830,1830
11004,12002,2017,2018,0.0496288127509348,0.022417876344124132,-0.02721093640681067,0.02721093640681067,791,489
11004,12003,2017,2018,0.03728786311036268,0.05167358199714087,0.014385718886778191,0.014385718886778191,5812,3521
11004,12004,2017,2018,0.18634019152572906,0.17267309843076967,-0.013667093094959393,0.013667093094959393,1319,729
11004,12005,2017,2018,-0.054823957127409714,0.027408273704488353,0.08223223083189807,0.08223223083189807,5,12
11004,13001,2017,2018,-0.0963115065403437,-0.08289639885238913,0.013415107687954578,0.013415107687954578,2788,1712
11004,13002,2017,2018,-0.03556090700925464,-0.0581342060161467,-0.02257329900689206,0.02257329900689206,1890,1097
11004,13003,2017,2018,0.20659829175131433,0.21177386964921038,0.00517557789789605,0.00517557789789605,5444,3293
11004,13004,2017,2018,-0.1678772525763795,-0.13916451464594498,0.028712737930434523,0.028712737930434523,568,408
11004,13005,2017,2018,-0.0709864835635314,-0.0890673048337351,-0.01808082127020369,0.01808082127020369,313,186
11004,14001,2017,2018,-0.01688894522706492,-0.02057665126444585,-0.003687706037380927,0.003687706037380927,3703,2423
11004,14002,2017,2018,-0.053132325991966066,-0.05543553087583103,-0.0023032048838649635,0.0023032048838649635,236,118
11004,14003,2017,2018,-0.013237208634927878,0.00921167244572334,0.02244888108065122,0.02244888108065122,1862,1425
11004,14004,2017,2018,-0.040939002401391845,-0.05230093544662634,-0.011361933045234494,0.011361933045234494,638,289
11004,14005,2017,2018,-0.03765567169058007,-0.028027555084794598,0.00962811660578547,0.00962811660578547,1127,766
11004,14006,2017,2018,0.04182255726499844,0.015416657349435118,-0.026405899915563323,0.026405899915563323,1703,592
11004,14007,2017,2018,0.0756430043424031,0.09534038824448687,0.019697383902083768,0.019697383902083768,1076,796
11004,15001,2017,2018,0.02426303712824439,0.02116269237132214,-0.0031003447569222485,0.0031003447569222485,3489,1743
11004,15002,2017,2018,0.012443618496905302,0.02258239718229756,0.010138778685392258,0.010138778685392258,7365,5107
11004,15003,2017,2018,-0.0021859026989173155,0.007534445036123579,0.009720347735040893,0.009720347735040893,992,641
11004,15004,2017,2018,0.10857921927184304,0.1257607528015663,0.01718153352972325,0.01718153352972325,3536,2124
11004,15005,2017,2018,-0.04259939375866832,-0.059577752206931345,-0.016978358448263023,0.016978358448263023,106,64
11004,15006,2017,2018,-0.022092488563658284,-0.014579193382700806,0.007513295180957478,0.007513295180957478,715,407
11004,15007,2017,2018,0.03308127025860719,0.005972402278819004,-0.027108867979788183,0.027108867979788183,38,19
11004,16001,2017,2018,-0.16918529869520363,-0.19800955381972427,-0.028824255124520637,0.028824255124520637,85,36
11004,16002,2017,2018,0.08017024334372418,0.0914117534057452,0.011241510062021023,0.011241510062021023,1879,1050
11004,16003,2017,2018,0.029115896292720184,0.030563596031261252,0.0014476997385410688,0.0014476997385410688,986,690
11004,16004,2017,2018,-0.06071374701908154,-0.04719991473179373,0.013513832287287808,0.013513832287287808,471,273
11005,11006,2017,2018,-0.15665806594508103,-0.16807957352896294,-0.011421507583881912,0.011421507583881912,1395,876
11005,11007,2017,2018,-0.24928257725323194,-0.2511686283013192,-0.001886051048087256,0.001886051048087256,26,14
11005,11008,2017,2018,-0.3114384329572755,-0.26871635870193783,0.042722074255337694,0.042722074255337694,392,315
11005,12001,2017,2018,0.10053972678510495,0.10179948268836247,0.0012597559032575256,0.0012597559032575256,15067,10744
11005,12002,2017,2018,0.0018897680938562143,0.026463196733076597,0.024573428639220383,0.024573428639220383,2210,1920
11005,12003,2017,2018,0.05227411341504165,0.05230708044459913,3.2967029557476324e-05,3.2967029557476324e-05,20435,13127
11005,12004,2017,2018,-0.1417332375801536,-0.14623852336585957,-0.00450528578570597,0.00450528578570597,987,602
11005,12005,2017,2018,-0.06208581208619694,-0.06880480217201991,-0.006718990085822968,0.006718990085822968,18,21
11005,13001,2017,2018,0.04285505158092892,0.045361441631554096,0.002506390050625175,0.002506390050625175,15939,10490
11005,13002,2017,2018,0.018331749764965963,-0.01413238069093487,-0.03246413045590083,0.03246413045590083,8299,5437
11005,13003,2017,2018,-0.2863196454933914,-0.2795845820145769,0.006735063478814474,0.006735063478814474,3496,2300
11005,13004,2017,2018,0.22442107870068692,0.23444856991856589,0.010027491217878964,0.010027491217878964,9346,6466
11005,13005,2017,2018,0.07000819974707269,0.08045112849316047,0.010442928746087779,0.010442928746087779,2299,1773
11005,14001,2017,2018,0.03902254074842278,0.046230898029637646,0.007208357281214869,0.007208357281214869,15354,11467
11005,14002,2017,2018,0.06389290346931714,0.06251283740815648,-0.001380066061160659,0.001380066061160659,1577,909
11005,14003,2017,2018,-0.002556499065768716,-0.006477846417555896,-0.00392134735178718,0.00392134735178718,7005,5365
11005,14004,2017,2018,-0.01598486651848252,-0.027459328274676457,-0.011474461756193936,0.011474461756193936,2673,1388
11005,14005,2017,2018,0.031761440454292765,0.026990109634000156,-0.004771330820292609,0.004771330820292609,5361,3807
11005,14006,2017,2018,-0.030803096954893264,-0.036028265835481625,-0.005225168880588361,0.005225168880588361,4570,1897
11005,14007,2017,2018,-0.10430805787487171,-0.10493198332390012,-0.0006239254490284091,0.0006239254490284091,1687,1286
11005,15001,2017,2018,-0.038642677201141055,-0.025799979947904807,0.012842697253236248,0.012842697253236248,10341,5949
11005,15002,2017,2018,-0.0005502491171698509,-0.002697848831256331,-0.00214759971408648,0.00214759971408648,25407,18982
11005,15003,2017,2018,-0.0035118101796411437,-0.0028872108593628156,0.0006245993202783282,0.0006245993202783282,3545,2435
11005,15004,2017,2018,-0.10952918813003161,-0.1203913161406664,-0.010862128010634783,0.010862128010634783,6043,3553
11005,15005,2017,2018,-0.02629178005506683,-0.012645268957245239,0.013646511097821591,0.013646511097821591,443,367
11005,15006,2017,2018,-0.04330758758778579,-0.04237229303927359,0.0009352945485121972,0.0009352945485121972,2414,1473
11005,15007,2017,2018,-0.05370994151640875,-0.029263352222336277,0.024446589294072476,0.024446589294072476,69,58
11005,16001,2017,2018,0.124449634935687,0.13323749995127587,0.00878786501558887,0.00878786501558887,1820,1212
11005,16002,2017,2018,-0.11232049465238447,-0.10687851642297476,0.0054419782294097135,0.0054419782294097135,3117,1825
11005,16003,2017,2018,-0.03607944968037477,-0.04767361993734362,-0.01159417025696885,0.01159417025696885,2652,1970
11005,16004,2017,2018,0.07496303923114332,0.09041845082615024,0.015455411595006921,0.015455411595006921,3159,2025
11006,11007,2017,2018,-0.017864444315651838,-0.03596708659217637,-0.018102642276524535,0.018102642276524535,49,24
11006,11008,2017,2018,-0.0956952036280196,-0.0961145754261734,-0.00041937179815379477,0.00041937179815379477,352,204
11006,12001,2017,2018,-0.05174378881122559,-0.020946472861568786,0.030797315949656807,0.030797315949656807,2513,2014
11006,12002,2017,2018,-0.031810683570466305,-0.018629285647554845,0.01318139792291146,0.01318139792291146,469,396
11006,12003,2017,2018,0.02908794644603131,0.01298364335669474,-0.01610430308933657,0.01610430308933657,5213,3133
11006,12004,2017,2018,-0.022725203326764584,-0.0568808099994853,-0.03415560667272072,0.03415560667272072,447,226
11006,12005,2017,2018,-0.00045295077352663297,-0.005476554861434007,-0.005023604087907374,0.005023604087907374,8,9
11006,13001,2017,2018,0.04756199008435015,0.07415491274902031,0.026592922664670157,0.026592922664670157,4387,3094
11006,13002,2017,2018,-0.036937388161977405,-0.020708456478479995,0.01622893168349741,0.01622893168349741,1718,1311
11006,13003,2017,2018,-0.005566888842415987,-0.056193502013341216,-0.05062661317092523,0.05062661317092523,2507,1287
11006,13004,2017,2018,-0.06180465948390179,-0.06241068280921442,-0.0006060233253126282,0.0006060233253126282,964,642
11006,13005,2017,2018,0.017395830422690405,0.02872727586019139,0.011331445437500986,0.011331445437500986,488,382
11006,14001,2017,2018,-0.006868245611342251,-0.005648826891714947,0.0012194187196273047,0.0012194187196273047,3522,2581
11006,14002,2017,2018,0.00334780566483935,0.012389227572769671,0.009041421907930322,0.009041421907930322,310,186
11006,14003,2017,2018,0.04296662604158439,0.040214670286245015,-0.0027519557553393748,0.0027519557553393748,2162,1627
11006,14004,2017,2018,-0.0502093963821958,-0.04814263554375502,0.002066760838440776,0.002066760838440776,553,299
11006,14005,2017,2018,0.013594284570597151,0.01858957693066587,0.00499529236006872,0.00499529236006872,1320,962
11006,14006,2017,2018,-0.04165511188934601,-0.05918624123756023,-0.01753112934821422,0.01753112934821422,1062,400
11006,14007,2017,2018,0.006785363275241062,-0.03932896005642897,-0.04611432333167003,0.04611432333167003,709,412
11006,15001,2017,2018,0.021704826047876723,0.016994685743866943,-0.004710140304009781,0.004710140304009781,3178,1729
11006,15002,2017,2018,-0.02610395503862527,-0.018979683498620715,0.007124271540004556,0.007124271540004556,6005,4555
11006,15003,2017,2018,-0.02741831752264949,-0.03151936940327279,-0.004101051880623298,0.004101051880623298,799,529
11006,15004,2017,2018,-0.021345922491681765,-0.03705219779170634,-0.015706275300024577,0.015706275300024577,1992,1131
11006,15005,2017,2018,-0.029331452450056354,-0.03449422356392347,-0.005162771113867114,0.005162771113867114,107,78
11006,15006,2017,2018,0.022793998233464282,0.009439138720653094,-0.013354859512811188,0.013354859512811188,828,467
11006,15007,2017,2018,-0.05607143973808865,-0.04658560432197854,0.009485835416110117,0.009485835416110117,16,12
11006,16001,2017,2018,-0.03793493508594063,-0.07273135913851854,-0.03479642405257791,0.03479642405257791,213,105
11006,16002,2017,2018,0.0017087793961924184,-0.03523045378551987,-0.03693923318171229,0.03693923318171229,1232,588
11006,16003,2017,2018,-0.06752071347339375,-0.0741047261719324,-0.006584012698538644,0.006584012698538644,539,400
11006,16004,2017,2018,-0.022666952525338988,-0.014025474304329865,0.008641478221009124,0.008641478221009124,538,335
11007,11008,2017,2018,-0.1946541387156964,-0.11935695909240962,0.07529717962328678,0.07529717962328678,7,8
11007,12001,2017,2018,-0.06852063167307887,-0.08611455914475252,-0.017593927471673654,0.017593927471673654,149,79
11007,12002,2017,2018,0.013119910102342933,-0.01877962959242673,-0.03189953969476966,0.03189953969476966,48,25
11007,12003,2017,2018,0.05007938964027734,0.0577285160010326,0.007649126360755258,0.007649126360755258,484,279
11007,12004,2017,2018,0.07242697239235235,0.09550114082944185,0.023074168437089496,0.023074168437089496,68,44
11007,13001,2017,2018,-0.011923881333060792,-0.024882781276849696,-0.012958899943788904,0.012958899943788904,266,136
11007,13002,2017,2018,-0.022459712378702496,0.01712427231317664,0.03958398469187914,0.03958398469187914,133,107
11007,13003,2017,2018,0.04721031009981589,0.034001881937667,-0.013208428162148893,0.013208428162148893,265,136
11007,13004,2017,2018,-0.04453433296162946,-0.015224615413097633,0.029309717548531827,0.029309717548531827,72,52
11007,13005,2017,2018,-0.007398771372997135,-0.003957327437769386,0.003441443935227749,0.003441443935227749,32,21
11007,14001,2017,2018,-0.005835449379299256,-0.021203569808143464,-0.015368120428844207,0.015368120428844207,268,153
11007,14002,2017,2018,-0.02921848743494598,-0.004537381858827776,0.024681105576118204,0.024681105576118204,18,11
11007,14003,2017,2018,0.011955668442600943,0.02923901665264971,0.017283348210048767,0.017283348210048767,151,112
11007,14004,2017,2018,0.001962501620651344,0.01670532364298472,0.014742822022333374,0.014742822022333374,57,30
11007,14005,2017,2018,-0.0252248597395948,-0.008997725639331638,0.016227134100263163,0.016227134100263163,79,55
11007,14006,2017,2018,0.002639766760630216,-0.00982251280380423,-0.012462279564434447,0.012462279564434447,102,34
11007,14007,2017,2018,0.019080452311447657,0.017908977692148716,-0.0011714746192989407,0.0011714746192989407,61,39
11007,15001,2017,2018,0.011234241603778358,0.0033734702101012367,-0.007860771393677121,0.007860771393677121,242,110
11007,15002,2017,2018,-0.017782787147478142,-0.0005395276886802088,0.017243259458797934,0.017243259458797934,453,320
11007,15003,2017,2018,-0.019310451215718782,0.004836043407766698,0.02414649462348548,0.02414649462348548,61,43
11007,15004,2017,2018,0.006307834975779319,0.038918701699163664,0.03261086672338435,0.03261086672338435,175,115
11007,15005,2017,2018,-0.0016439861897364597,0.020111184101169997,0.021755170290906456,0.021755170290906456,10,8
11007,15006,2017,2018,0.037205277426804226,0.035626190531677954,-0.001579086895126272,0.001579086895126272,75,39
11007,16001,2017,2018,-0.016979410394373343,0.030966273545577516,0.047945683939950856,0.047945683939950856,18,15
11007,16002,2017,2018,0.05883947251188153,0.056072798965296856,-0.0027666735465846706,0.0027666735465846706,141,70
11007,16003,2017,2018,-0.02365364106975919,-0.009509998707206318,0.014143642362552873,0.014143642362552873,50,37
11007,16004,2017,2018,-0.013750565135267982,-0.02220055843539794,-0.008449993300129957,0.008449993300129957,42,20
11008,12001,2017,2018,0.03237834309628132,0.02380070191195162,-0.008577641184329701,0.008577641184329701,2972,1814
11008,12002,2017,2018,-0.012166396269127775,0.0022329860668340467,0.014399382335961821,0.014399382335961821,445,336
11008,12003,2017,2018,0.026367026126431162,0.028716163487400574,0.0023491373609694118,0.0023491373609694118,4407,2517
11008,12004,2017,2018,0.023307988808250885,0.020814777053796273,-0.002493211754454612,0.002493211754454612,493,272
11008,12005,2017,2018,0.04011096118175367,-0.0024635300972510182,-0.042574491279004686,0.042574491279004686,10,7
11008,13001,2017,2018,-0.03858763817729316,-0.05834963785083012,-0.019761999673536958,0.019761999673536958,2718,1426
11008,13002,2017,2018,0.07636006137117339,0.10888632186593286,0.03252626049475947,0.03252626049475947,2341,1678
11008,13003,2017,2018,-0.03970053154447418,-0.07590798960756924,-0.03620745806309506,0.03620745806309506,1834,869
11008,13004,2017,2018,0.01654287266449032,0.036806805448927005,0.020263932784436684,0.020263932784436684,1203,790
11008,13005,2017,2018,0.02954223111719449,0.037533007660763826,0.007990776543569337,0.007990776543569337,445,306
11008,14001,2017,2018,-0.010214660659784967,-0.008484214916282587,0.00173044574350238,0.00173044574350238,2949,1929
11008,14002,2017,2018,-0.00940629092810671,-0.027833084471605894,-0.018426793543499183,0.018426793543499183,243,108
11008,14003,2017,2018,-0.01625119651096647,-0.007430686823219826,0.008820509687746643,0.008820509687746643,1426,1012
11008,14004,2017,2018,0.08202869169803154,0.07845554640930501,-0.0035731452887265286,0.0035731452887265286,933,453
11008,14005,2017,2018,-0.033883780028980424,-0.05065480498766884,-0.016771024958688416,0.016771024958688416,887,514
11008,14006,2017,2018,0.0012453850798871359,-0.013576026550496513,-0.014821411630383648,0.014821411630383648,1111,388
11008,14007,2017,2018,-0.006989236623841537,0.027536106519770908,0.03452534314361244,0.03452534314361244,559,447
11008,15001,2017,2018,-0.016903888099361733,-0.05079382237996799,-0.03388993428060626,0.03388993428060626,2321,970
11008,15002,2017,2018,-0.0061887777071459584,-0.004047041503753477,0.0021417362033924817,0.0021417362033924817,5424,3603
11008,15003,2017,2018,0.019599025720613783,0.028665331692046596,0.009066305971432813,0.009066305971432813,863,546
11008,15004,2017,2018,0.005904062069896238,-0.01839910125265029,-0.024303163322546527,0.024303163322546527,1899,926
11008,15005,2017,2018,0.027944001594147356,0.017173056339228176,-0.01077094525491918,0.01077094525491918,136,85
11008,15006,2017,2018,-0.022093501026877266,-0.02389896902217778,-0.0018054679953005137,0.0018054679953005137,554,293
11008,15007,2017,2018,0.04928469991345984,0.024363226858624798,-0.02492147305483504,0.02492147305483504,34,17
11008,16001,2017,2018,0.04645610432654905,0.10950069866098006,0.063044594334431,0.063044594334431,307,249
11008,16002,2017,2018,-0.005524482176498036,-0.0399939796509168,-0.03446949747441876,0.03446949747441876,1010,429
11008,16003,2017,2018,0.06516271269861364,0.06145783296291096,-0.0037048797357026736,0.0037048797357026736,922,617
11008,16004,2017,2018,0.04058155311862918,0.04307903505597673,0.0024974819373475496,0.0024974819373475496,644,349
12001,12002,2017,2018,-0.43331245947301233,-0.42439794467613295,0.00891451479687938,0.00891451479687938,106,115
12001,12003,2017,2018,-0.6037870678977583,-0.5844165217486114,0.019370546149146906,0.019370546149146906,1055,892
12001,12004,2017,2018,-0.3936449597753808,-0.3656874532003996,0.027957506574981195,0.027957506574981195,144,129
12001,13001,2017,2018,0.03259940634711591,0.04487579408949398,0.012276387742378068,0.012276387742378068,16801,11854
12001,13002,2017,2018,-0.04555403991846219,-0.04556987194129192,-1.5832022829724568e-05,1.5832022829724568e-05,7451,5667
12001,13003,2017,2018,-0.06917355673865569,-0.08234863957015671,-0.013175082831501025,0.013175082831501025,8939,5861
12001,13004,2017,2018,0.1167495418222313,0.11313034615032988,-0.003619195671901415,0.003619195671901415,7723,5429
12001,13005,2017,2018,-0.03060743821168326,-0.0401334854628071,-0.009526047251123843,0.009526047251123843,1627,1233
12001,14001,2017,2018,0.032108493493413666,0.034226090484044354,0.002117596990630688,0.002117596990630688,16294,12676
12001,14002,2017,2018,0.013043832708486813,0.010574433759624384,-0.002469398948862429,0.002469398948862429,1359,814
12001,14003,2017,2018,-0.027829111917700475,-0.03355527161375369,-0.0057261596960532166,0.0057261596960532166,7014,5659
12001,14004,2017,2018,-0.03603675214834375,-0.046939178175717376,-0.010902426027373624,0.010902426027373624,2666,1458
12001,14005,2017,2018,0.05592673528894374,0.05371011455518985,-0.0022166207337538935,0.0022166207337538935,6208,4665
12001,14006,2017,2018,-0.04642945454921349,-0.04511305355369137,0.0013164009955221184,0.0013164009955221184,4683,2092
12001,14007,2017,2018,-0.02078077009147726,-0.03576580031047982,-0.014985030219002562,0.014985030219002562,2655,1998
12001,15001,2017,2018,0.013381613655429059,0.007330667896511585,-0.006050945758917473,0.006050945758917473,12736,7400
12001,15002,2017,2018,0.02396440343058462,0.021746609618849493,-0.002217793811735126,0.002217793811735126,28507,22366
12001,15003,2017,2018,0.005093088850301836,-0.0024490728670527296,-0.007542161717354565,0.007542161717354565,3947,2775
12001,15004,2017,2018,-0.03256189274997251,-0.05465669331643516,-0.022094800566462652,0.022094800566462652,8386,5109
12001,15005,2017,2018,0.019837655112822535,0.002623868962622505,-0.01721378615020003,0.01721378615020003,619,454
12001,15006,2017,2018,0.008395500265830105,0.015666192132848176,0.007270691867018071,0.007270691867018071,3204,2119
12001,15007,2017,2018,-0.021232383181975307,-0.008648470168502434,0.012583913013472873,0.012583913013472873,96,77
12001,16001,2017,2018,-0.03868256416988061,-0.0556857669428285,-0.017003202772947888,0.017003202772947888,946,583
12001,16002,2017,2018,-0.06866729354145877,-0.06953952794234924,-0.0008722344008904731,0.0008722344008904731,4041,2454
12001,16003,2017,2018,-0.07169108231995497,-0.05628768332354287,0.015403398996412097,0.015403398996412097,2475,2180
12001,16004,2017,2018,0.0371801734648263,0.04824227351340564,0.01106210004857934,0.01106210004857934,2964,1963
12002,12003,2017,2018,-0.4254572175806127,-0.38211898029485675,0.043338237285755976,0.043338237285755976,246,304
12002,12004,2017,2018,-0.3221625574467719,-0.32855917694708964,-0.006396619500317724,0.006396619500317724,24,17
12002,13001,2017,2018,-0.039940653030465546,-0.041120076596970624,-0.0011794235665050778,0.0011794235665050778,2427,1848
12002,13002,2017,2018,0.010560869959583085,0.0331025544998512,0.022541684540268114,0.022541684540268114,1621,1483
12002,13003,2017,2018,0.06224116189731479,0.0379635613743887,-0.024277600522926088,0.024277600522926088,2518,1720
12002,13004,2017,2018,-0.010080262832183391,0.019153215771708493,0.029233478603891885,0.029233478603891885,954,865
12002,13005,2017,2018,-0.037545600022290744,-0.012445130293440678,0.025100469728850064,0.025100469728850064,268,274
12002,14001,2017,2018,-0.006775638557650823,0.011866962248920048,0.01864260080657087,0.01864260080657087,2693,2483
12002,14002,2017,2018,0.004938780112926901,0.009335262204852127,0.004396482091925226,0.004396482091925226,240,165
12002,14003,2017,2018,0.011447043787826301,0.031608543157416194,0.020161499369589893,0.020161499369589893,1459,1425
12002,14004,2017,2018,-0.05880464073612971,-0.033793125211984826,0.025011515524144885,0.025011515524144885,396,293
12002,14005,2017,2018,0.0054767579862742685,0.00026423342303387166,-0.005212524563240397,0.005212524563240397,975,799
12002,14006,2017,2018,0.001045835600036956,-0.05125018135773064,-0.0522960169577676,0.0522960169577676,1001,376
12002,14007,2017,2018,0.07049656608294241,0.03973988896006256,-0.030756677122879855,0.030756677122879855,756,564
12002,15001,2017,2018,0.001137435992847951,-0.012237219145789627,-0.013374655138637578,0.013374655138637578,2253,1386
12002,15002,2017,2018,0.011397927442189195,0.004202029943018112,-0.0071958974991710835,0.0071958974991710835,5180,4412
12002,15003,2017,2018,0.0059718755130948676,-0.028124934587311565,-0.03409681010040643,0.03409681010040643,727,485
12002,15004,2017,2018,0.03169519494874581,0.006898447231663205,-0.024796747717082603,0.024796747717082603,1912,1239
12002,15005,2017,2018,-0.015835170660095887,-0.01833624641109999,-0.0025010757510041046,0.0025010757510041046,90,79
12002,15006,2017,2018,0.0106668207472257,0.009376459717112795,-0.0012903610301129055,0.0012903610301129055,598,422
12002,15007,2017,2018,-0.03349494650325595,0.02316443283712573,0.05665937934038168,0.05665937934038168,15,20
12002,16001,2017,2018,0.012586641628661693,-0.00033345663138792,-0.012920098260049613,0.012920098260049613,226,155
12002,16002,2017,2018,0.0432658570597359,0.02151781432583203,-0.02174804273390387,0.02174804273390387,1151,705
12002,16003,2017,2018,-0.05028758024529081,0.005019133709268216,0.05530671395455902,0.05530671395455902,450,555
12002,16004,2017,2018,-0.0023205667113753024,0.01506614315814224,0.01738670986951754,0.01738670986951754,461,356
12003,12004,2017,2018,-0.4290137012921453,-0.3816057709581382,0.04740793033400709,0.04740793033400709,199,182
12003,13001,2017,2018,0.012275785100048371,-0.0009045124912530196,-0.01318029759130139,0.01318029759130139,24568,14823
12003,13002,2017,2018,0.06196940581053813,0.07164566919102468,0.00967626338048655,0.00967626338048655,14969,10350
12003,13003,2017,2018,-0.011115971598145454,-0.0034207299691814777,0.007695241628963977,0.007695241628963977,16169,10033
12003,13004,2017,2018,-0.10632407374021981,-0.09233448603527367,0.013989587704946141,0.013989587704946141,6072,4050
12003,13005,2017,2018,0.06414152391459221,0.06806357542815723,0.00392205151356502,0.00392205151356502,3609,2572
12003,14001,2017,2018,-0.010216278009459347,-0.010059700027578633,0.00015657798188071365,0.00015657798188071365,22906,15981
12003,14002,2017,2018,0.0160329738723613,0.025758885843808296,0.009725911971446996,0.009725911971446996,2098,1190
12003,14003,2017,2018,0.04112953021250407,0.04603829387987302,0.004908763667368955,0.004908763667368955,12878,9486
12003,14004,2017,2018,0.022077750751423014,0.037723833936060394,0.01564608318463738,0.01564608318463738,5068,2779
12003,14005,2017,2018,-0.035676511397281264,-0.028031024228285416,0.007645487168995848,0.007645487168995848,7205,5029
12003,14006,2017,2018,-0.0015000692007288022,-0.0360469250053538,-0.034546855804625,0.034546855804625,8365,3014
12003,14007,2017,2018,0.0032967233150394625,0.0149553573692464,0.011658634054206937,0.011658634054206937,4469,3310
12003,15001,2017,2018,-0.03821491318298341,-0.05006975365948214,-0.011854840476498728,0.011854840476498728,17482,8872
12003,15002,2017,2018,-0.02791976464746948,-0.025371934632173375,0.0025478300152961056,0.0025478300152961056,40684,28920
12003,15003,2017,2018,-0.011827652519159824,-0.0028833358547816126,0.008944316664378211,0.008944316664378211,5724,3810
12003,15004,2017,2018,0.003767966501817466,0.01909039385721699,0.015322427355399524,0.015322427355399524,14205,8607
12003,15005,2017,2018,-0.06437080216922074,-0.04783789277960278,0.01653290938961796,0.01653290938961796,601,478
12003,15006,2017,2018,-0.05626873144301039,-0.06531405161914731,-0.009045320176136927,0.009045320176136927,3895,2145
12003,15007,2017,2018,-0.023720782968925318,-0.029051216413260757,-0.005330433444335439,0.005330433444335439,146,92
12003,16001,2017,2018,0.04219556060831105,0.07066791569502065,0.028472355086709603,0.028472355086709603,2098,1427
12003,16002,2017,2018,0.015463058984735122,0.017383880207810107,0.0019208212230749852,0.0019208212230749852,8245,4574
12003,16003,2017,2018,0.06646604402062967,0.06494349172626675,-0.0015225522943629194,0.0015225522943629194,6218,4503
12003,16004,2017,2018,-0.013089807494842273,-0.016894248789480197,-0.003804441294637924,0.003804441294637924,3759,2100
12004,13001,2017,2018,-0.20745975571121492,-0.22763276264732224,-0.020173006936107324,0.020173006936107324,913,474
12004,13002,2017,2018,0.10092369317825346,0.08296512157164919,-0.017958571606604273,0.017958571606604273,2134,1335
12004,13003,2017,2018,0.1265622494855317,0.13665606078141723,0.010093811295885519,0.010093811295885519,2899,1835
12004,13004,2017,2018,0.0050314967709322745,0.013682184067006059,0.008650687296073784,0.008650687296073784,932,615
12004,13005,2017,2018,-0.08665957349410229,-0.07576141955526809,0.010898153938834199,0.010898153938834199,172,130
12004,14001,2017,2018,-0.046443273238455894,-0.04374816064357838,0.002695112594877515,0.002695112594877515,2062,1439
12004,14002,2017,2018,-0.0653149099800797,-0.06835265491966362,-0.0030377449395839196,0.0030377449395839196,134,69
12004,14003,2017,2018,-0.02602514690133602,-0.0037314352380577796,0.02229371166327824,0.02229371166327824,1107,891
12004,14004,2017,2018,0.18475329401573312,0.1615928257637709,-0.02316046825196222,0.02316046825196222,1213,586
12004,14005,2017,2018,-0.12956220177185315,-0.11680511404880037,0.012757087723052785,0.012757087723052785,404,296
12004,14006,2017,2018,-0.010162029057644637,-0.02123360757632775,-0.011071578518683114,0.011071578518683114,857,321
12004,14007,2017,2018,-0.013599170123065102,0.0376409424453005,0.0512401125683656,0.0512401125683656,439,410
12004,15001,2017,2018,-0.04344391109131577,-0.04667111104707625,-0.0032271999557604777,0.0032271999557604777,1678,851
12004,15002,2017,2018,-0.03820820735003939,-0.03711905068612551,0.0010891566639138761,0.0010891566639138761,3948,2776
12004,15003,2017,2018,-0.015707456987410016,-0.027561453392375115,-0.011853996404965098,0.011853996404965098,586,350
12004,15004,2017,2018,0.027493425409813806,0.04312987065306011,0.0156364452432463,0.0156364452432463,1707,1059
12004,15005,2017,2018,0.02698545915758708,0.01754008800181467,-0.00944537115577241,0.00944537115577241,111,74
12004,15006,2017,2018,0.03256528712237892,0.014903803027502955,-0.017661484094875963,0.017661484094875963,610,317
12004,15007,2017,2018,0.12302180930601757,0.08988465760032484,-0.03313715170569273,0.03313715170569273,49,25
12004,16001,2017,2018,0.0016713250054004034,-0.02342024221148556,-0.025091567216885963,0.025091567216885963,191,96
12004,16002,2017,2018,0.060378680910648935,0.08105857591137342,0.02067989500072448,0.02067989500072448,1133,686
12004,16003,2017,2018,0.13918980402835612,0.10493349978816695,-0.034256304240189175,0.034256304240189175,1069,660
12004,16004,2017,2018,-0.04515570534517949,-0.03779629891929016,0.00735940642588933,0.00735940642588933,322,188
12005,13001,2017,2018,0.0006620644211690364,-0.03362769406344477,-0.034289758484613804,0.034289758484613804,41,36
12005,13002,2017,2018,-0.03575027996358957,0.013040387884118336,0.04879066784770791,0.04879066784770791,16,31
12005,13003,2017,2018,0.02306718987644113,0.022330483558352248,-0.0007367063180888818,0.0007367063180888818,34,38
12005,13004,2017,2018,-0.019088136590393556,-0.04866221966656786,-0.029574083076174307,0.029574083076174307,12,11
12005,13005,2017,2018,0.037233863086568314,0.03752660983390533,0.00029274674733701517,0.00029274674733701517,7,9
12005,14001,2017,2018,-0.008112161845934008,-0.0035806271476522596,0.004531534698281749,0.004531534698281749,37,50
12005,14003,2017,2018,0.0010999785040886364,-0.035395756452512424,-0.03649573495660106,0.03649573495660106,20,20
12005,14004,2017,2018,-0.013358669674456218,0.017059740938929792,0.03041841061338601,0.03041841061338601,7,9
12005,14005,2017,2018,0.0033919512088323497,-0.0015840791408092243,-0.004976030349641574,0.004976030349641574,14,17
12005,14006,2017,2018,0.038432813696475374,0.03794466936825064,-0.00048814432822473497,0.00048814432822473497,20,15
12005,14007,2017,2018,-0.022112588786784543,0.0548797727215655,0.07699236150835004,0.07699236150835004,6,16
12005,15001,2017,2018,0.007040839805690575,0.04667547890610764,0.03963463910041706,0.03963463910041706,34,45
12005,15002,2017,2018,0.0011825739730021738,0.019035121908570794,0.01785254793556862,0.01785254793556862,72,107
12005,15003,2017,2018,0.06489246489618465,0.09306080763979241,0.028168342743607758,0.028168342743607758,18,26
12005,15004,2017,2018,0.06977387514068394,0.062405519012329276,-0.00736835612835466,0.00736835612835466,42,42
12005,15006,2017,2018,0.011323612234559905,0.03637609597473488,0.025052483740174977,0.025052483740174977,9,12
12005,16002,2017,2018,0.08222601680713448,0.09744255335684644,0.01521653654971196,0.01521653654971196,27,30
12005,16003,2017,2018,-0.05283789855904171,0.05725864430166747,0.11009654286070919,0.11009654286070919,5,19
13001,13002,2017,2018,-0.5186388794092235,-0.5060537694459981,0.012585109963225372,0.012585109963225372,625,508
13001,13003,2017,2018,-0.6013730820459937,-0.56731340677393,0.03405967527206366,0.03405967527206366,371,331
13001,13004,2017,2018,-0.49957900109655273,-0.46475968049452976,0.034819320602022974,0.034819320602022974,323,303
13001,13005,2017,2018,-0.40976150954722446,-0.3770743487020001,0.03268716084522438,0.03268716084522438,129,139
13001,14001,2017,2018,0.04387098513739985,0.04271249666359542,-0.0011584884738044324,0.0011584884738044324,19950,14136
13001,14002,2017,2018,0.054981849508296855,0.06251833667131634,0.007536487163019488,0.007536487163019488,1948,1124
13001,14003,2017,2018,-0.011123052576279747,-0.02886431126800524,-0.017741258691725492,0.017741258691725492,8904,6337
13001,14004,2017,2018,-0.23177146533056048,-0.20316078236721397,0.028610682963346512,0.028610682963346512,1244,729
13001,14005,2017,2018,0.10873910311711023,0.10051867776181297,-0.008220425355297253,0.008220425355297253,8511,5785
13001,14006,2017,2018,0.018188267955936078,0.06543821366202841,0.04724994570609234,0.04724994570609234,6968,3396
13001,14007,2017,2018,-0.07811706034328045,-0.1405719167976093,-0.062454856454328855,0.062454856454328855,2542,1400
13001,15001,2017,2018,0.07093519784239032,0.09751043709231437,0.026575239249924054,0.026575239249924054,17222,9950
13001,15002,2017,2018,0.0419460738229002,0.03245047057881779,-0.009495603244082412,0.009495603244082412,35024,24929
13001,15003,2017,2018,0.028464523544308368,0.031197064913649025,0.002732541369340657,0.002732541369340657,5128,3418
13001,15004,2017,2018,-0.027457754918187832,-0.0413401146245767,-0.013882359706388868,0.013882359706388868,10306,5884
13001,15005,2017,2018,-0.0033572953080887695,0.009456698596112202,0.012813993904200972,0.012813993904200972,658,518
13001,15006,2017,2018,-0.005133436908086519,0.011893818991770727,0.017027255899857246,0.017027255899857246,3671,2299
13001,15007,2017,2018,-0.042804995122680406,-0.045083824677773464,-0.002278829555093058,0.002278829555093058,99,65
13001,16001,2017,2018,-0.18449484999503793,-0.19017248794815636,-0.005677637953118431,0.005677637953118431,488,283
13001,16002,2017,2018,-0.07318885906435435,-0.10217675264406291,-0.02898789357970856,0.02898789357970856,4856,2395
13001,16003,2017,2018,-0.13321100069056432,-0.17520806920677634,-0.041997068516212016,0.041997068516212016,2307,1427
13001,16004,2017,2018,-0.026339403347362213,-0.013913730501638874,0.012425672845723339,0.012425672845723339,2794,1698
13002,13003,2017,2018,-0.5014321925926276,-0.4862131697425676,0.015219022850059993,0.015219022850059993,356,294
13002,13004,2017,2018,-0.4312496285847525,-0.40086729054393944,0.030382338040813084,0.030382338040813084,228,235
13002,13005,2017,2018,-0.3514571950266541,-0.32742035020252563,0.02403684482412849,0.02403684482412849,94,104
13002,14001,2017,2018,-0.0717975938974902,-0.05186052443163695,0.019937069465853247,0.019937069465853247,8114,6783
13002,14002,2017,2018,-0.0360105153642704,-0.04874347944662478,-0.01273296408235438,0.01273296408235438,691,389
13002,14003,2017,2018,0.047193892457249344,0.04345822958236297,-0.0037356628748863724,0.0037356628748863724,5782,4646
13002,14004,2017,2018,0.3331562321049241,0.2934981595739113,-0.039658072531012833,0.039658072531012833,5774,3142
13002,14005,2017,2018,-0.1808753121396519,-0.1742697550346733,0.006605557104978621,0.006605557104978621,1508,1226
13002,14006,2017,2018,-0.04354722538733734,-0.08109391994418555,-0.03754669455684821,0.03754669455684821,3032,1140
13002,14007,2017,2018,-0.044231226071758625,0.06436786439041277,0.1085990904621714,0.1085990904621714,1544,1930
13002,15001,2017,2018,-0.131426806694364,-0.13232710341198398,-0.0009002967176199861,0.0009002967176199861,5248,3030
13002,15002,2017,2018,-0.0853768568823858,-0.07617806646824585,0.009198790414139957,0.009198790414139957,14832,12188
13002,15003,2017,2018,-0.038122727252458605,-0.0364808565638403,0.0016418706886183049,0.0016418706886183049,2162,1583
13002,15004,2017,2018,-0.09509500620060357,-0.0879857037707929,0.007109302429810671,0.007109302429810671,4319,2895
13002,15005,2017,2018,-0.03445237147326489,-0.02857611420699414,0.005876257266270748,0.005876257266270748,294,248
13002,15006,2017,2018,0.004591274598057279,0.004023094354321418,-0.0005681802437358611,0.0005681802437358611,2068,1333
13002,15007,2017,2018,0.03281068852239658,0.000692997215774051,-0.03211769130662253,0.03211769130662253,93,54
13002,16001,2017,2018,0.22704831879663426,0.21149589976492997,-0.01555241903170429,0.01555241903170429,1966,1260
13002,16002,2017,2018,-0.0969258689515329,-0.07075147435429838,0.02617439459723453,0.02617439459723453,2259,1552
13002,16003,2017,2018,0.2362548627718758,0.25100415541775845,0.01474929264588265,0.01474929264588265,4772,3913
13002,16004,2017,2018,0.028717955338794728,-0.022030444799616165,-0.05074840013841089,0.05074840013841089,1899,967
13003,13004,2017,2018,-0.5424419417843267,-0.5564483162290353,-0.014006374444708647,0.014006374444708647,81,39
13003,13005,2017,2018,-0.45048942431125216,-0.4122031427101774,0.03828628160107478,0.03828628160107478,39,49
13003,14001,2017,2018,-0.011707032572353596,-0.029181623755298692,-0.017474591182945094,0.017474591182945094,12266,8276
13003,14002,2017,2018,-0.106291519167698,-0.0977932120056576,0.008498307162040392,0.008498307162040392,595,335
13003,14003,2017,2018,0.0008302968672932346,0.04473343192763906,0.04390313506034583,0.04390313506034583,6335,5300
13003,14004,2017,2018,-0.12507829968956236,-0.15193134077868037,-0.026853041089118013,0.026853041089118013,1441,621
13003,14005,2017,2018,-0.03274230047781948,0.0035361452569369505,0.03627844573475643,0.03627844573475643,3851,3016
13003,14006,2017,2018,0.03143664749518539,0.009382346746961312,-0.02205430074822408,0.02205430074822408,5041,1931
13003,14007,2017,2018,0.17847601043184738,0.16237261194360597,-0.01610339848824141,0.01610339848824141,4415,3002
13003,15001,2017,2018,0.04076985139052747,0.008797407807654522,-0.03197244358287295,0.03197244358287295,11327,5585
13003,15002,2017,2018,0.045325479485328675,0.05325795249512014,0.007932473009791462,0.007932473009791462,24612,17763
13003,15003,2017,2018,-0.0234759384628198,-0.019890067995703344,0.003585870467116458,0.003585870467116458,2937,1944
13003,15004,2017,2018,0.16791432566188447,0.2053058572040689,0.03739153154218444,0.03739153154218444,11547,7524
13003,15005,2017,2018,-0.01898771592728739,-0.05835715968989645,-0.03936944376260906,0.03936944376260906,413,237
13003,15006,2017,2018,0.011538076093439768,0.0008088821976656369,-0.01072919389577413,0.01072919389577413,2694,1503
13003,15007,2017,2018,0.03634785405213288,0.02806640222502837,-0.008281451827104509,0.008281451827104509,120,75
13003,16001,2017,2018,-0.24643495745464186,-0.2912644417182004,-0.04482948426355851,0.04482948426355851,187,72
13003,16002,2017,2018,0.17516922704161586,0.20203325114239815,0.026864024100782286,0.026864024100782286,7164,4391
13003,16003,2017,2018,-0.05192953366493786,-0.018247254617728265,0.03368227904720959,0.03368227904720959,2209,1881
13003,16004,2017,2018,-0.09515949716593762,-0.09495115772313505,0.00020833944280257422,0.00020833944280257422,1375,776
13004,13005,2017,2018,-0.35701581291016654,-0.3275371096392359,0.029478703270930662,0.029478703270930662,45,50
13004,14001,2017,2018,0.04133851804830186,0.051399862829074106,0.010061344780772245,0.010061344780772245,7280,5495
13004,14002,2017,2018,0.06062315394550042,0.07127236064879505,0.010649206703294632,0.010649206703294632,744,454
13004,14003,2017,2018,-0.04522435108942835,-0.06885484749318033,-0.023630496403751977,0.023630496403751977,2703,1909
13004,14004,2017,2018,0.0006335998681894804,0.011053402367460559,0.010419802499271078,0.010419802499271078,1306,750
13004,14005,2017,2018,0.01898603103179877,0.012468560546775302,-0.006517470485023467,0.006517470485023467,2389,1676
13004,14006,2017,2018,-0.003545717735080602,-0.00742393337306646,-0.003878215637985858,0.003878215637985858,2288,963
13004,14007,2017,2018,-0.14929911476519087,-0.12490083603657134,0.02439827872861952,0.02439827872861952,533,476
13004,15001,2017,2018,-0.017665375549474286,-0.011797393108311635,0.005867982441162651,0.005867982441162651,4929,2797
13004,15002,2017,2018,-0.014784999214565222,-0.014238882105648686,0.000546117108916536,0.000546117108916536,11209,8409
13004,15003,2017,2018,0.017176817361943632,-0.010873057820275218,-0.02804987518221885,0.02804987518221885,1770,1070
13004,15004,2017,2018,-0.09023968121914448,-0.09035280615540094,-0.00011312493625645348,0.00011312493625645348,2733,1671
13004,15005,2017,2018,0.056367866440585154,0.08233442346322972,0.025966557022644568,0.025966557022644568,331,289
13004,15006,2017,2018,-0.021621657292224667,-0.044586654108628845,-0.02296499681640418,0.02296499681640418,1187,642
13004,15007,2017,2018,-0.033519834187622104,0.004326418834956906,0.03784625302257901,0.03784625302257901,36,34
13004,16001,2017,2018,0.13424715849883168,0.12963310311949874,-0.004614055379332932,0.004614055379332932,948,597
13004,16002,2017,2018,-0.04815298105821151,-0.052381912505797816,-0.004228931447586307,0.004228931447586307,1769,1000
13004,16003,2017,2018,-0.053725086372755915,-0.06322568442813177,-0.009500598055375856,0.009500598055375856,1078,800
13004,16004,2017,2018,0.0984307939127639,0.11213647067451574,0.013705676761751842,0.013705676761751842,1680,1078
13005,14001,2017,2018,0.013595612546065686,0.01932407328429076,0.005728460738225076,0.005728460738225076,2302,1908
13005,14002,2017,2018,0.04666196264998203,0.05191637306324818,0.0052544104132661515,0.0052544104132661515,246,161
13005,14003,2017,2018,0.007607365158364257,-0.0007555318731942618,-0.008362897031558519,0.008362897031558519,1131,926
13005,14004,2017,2018,-0.012060455857307239,0.003275089212831582,0.015335545070138821,0.015335545070138821,410,270
13005,14005,2017,2018,0.0025300699938965274,-0.01216513552231945,-0.014695205516215977,0.014695205516215977,757,558
13005,14006,2017,2018,-0.03864516449278824,-0.054447924632261856,-0.015802760139473612,0.015802760139473612,637,270
13005,14007,2017,2018,-0.021506417271334042,-0.04384770714386003,-0.022341289872525986,0.022341289872525986,363,265
13005,15001,2017,2018,-0.05354021515177702,-0.058154349397004264,-0.004614134245227247,0.004614134245227247,1380,825
13005,15002,2017,2018,-0.026146098098366197,-0.02197236435344353,0.004173733744922668,0.004173733744922668,3571,3006
13005,15003,2017,2018,-0.0008951606364501444,0.014922528894257435,0.015817689530707578,0.015817689530707578,552,453
13005,15004,2017,2018,-0.0580518765626251,-0.08142440429505426,-0.023372527732429163,0.023372527732429163,987,593
13005,15005,2017,2018,0.028729974561189513,-0.012648743403702109,-0.04137871796489162,0.04137871796489162,98,61
13005,15006,2017,2018,-0.022644562689584792,0.004317429221312846,0.02696199191089764,0.02696199191089764,389,306
13005,15007,2017,2018,-0.014734943227186067,0.0067983201702892845,0.02153326339747535,0.02153326339747535,14,13
13005,16001,2017,2018,-0.00012557904170522343,0.020247161911379822,0.020372740953085045,0.020372740953085045,164,132
13005,16002,2017,2018,0.0018640736789359543,-0.03273398369863175,-0.03459805737756771,0.03459805737756771,744,395
13005,16003,2017,2018,0.012250780825317397,-0.005308478050312586,-0.017559258875629983,0.017559258875629983,506,391
13005,16004,2017,2018,0.10316208710718916,0.11419368156824362,0.011031594461054464,0.011031594461054464,640,448
14001,14002,2017,2018,-0.29277724330146304,-0.24501470923595628,0.04776253406550676,0.04776253406550676,230,210
14001,14003,2017,2018,-0.5363991294934198,-0.5322474790010648,0.004151650492354997,0.004151650492354997,375,428
14001,14004,2017,2018,-0.42046430681856506,-0.400554105671802,0.019910201146763062,0.019910201146763062,255,172
14001,14005,2017,2018,-0.5188349054253769,-0.5035626892673488,0.015272216158028096,0.015272216158028096,212,237
14001,14006,2017,2018,-0.5120789234194134,-0.46631565178992046,0.04576327162949295,0.04576327162949295,256,149
14001,14007,2017,2018,-0.42583186602720835,-0.40181411020741087,0.02401775581979748,0.02401775581979748,215,261
14001,15001,2017,2018,0.00048063664498599907,0.0001579782257763571,-0.00032265841920964196,0.00032265841920964196,14430,8770
14001,15002,2017,2018,0.036721890344394825,0.03176728989878454,-0.004954600445610288,0.004954600445610288,33772,27211
14001,15003,2017,2018,-0.004543500195196717,0.014597165800975738,0.019140665996172455,0.019140665996172455,4459,3543
14001,15004,2017,2018,-0.009578571621906975,-0.017061212495734217,-0.007482640873827242,0.007482640873827242,10471,6912
14001,15005,2017,2018,-0.028268515503009344,-0.015220930347115308,0.013047585155894036,0.013047585155894036,556,499
14001,15006,2017,2018,-0.013128134589701492,-0.012893295906087981,0.00023483868361351065,0.00023483868361351065,3456,2298
14001,15007,2017,2018,-0.039924219870368795,-0.01664249218418385,0.023281727686184944,0.023281727686184944,98,88
14001,16001,2017,2018,-0.04966841374216691,-0.053907181458046814,-0.004238767715879901,0.004238767715879901,1052,718
14001,16002,2017,2018,-0.014972062002292933,-0.02622406696333485,-0.011252004961041917,0.011252004961041917,5736,3499
14001,16003,2017,2018,-0.03339451222774035,-0.026049142059367952,0.007345370168372396,0.007345370168372396,3409,2971
14001,16004,2017,2018,0.0281400649612176,0.03242603918478214,0.004285974223564536,0.004285974223564536,3334,2220
14002,14003,2017,2018,-0.33526923796538904,-0.2693093896839117,0.06595984828147733,0.06595984828147733,54,71
14002,14004,2017,2018,-0.31122245210914656,-0.2448433955469979,0.06637905656214865,0.06637905656214865,19,17
14002,14005,2017,2018,-0.3449487111846139,-0.33864385676808734,0.006304854416526562,0.006304854416526562,27,17
14002,14006,2017,2018,-0.33496951236881517,-0.279233681516858,0.05573583085195716,0.05573583085195716,33,18
14002,14007,2017,2018,-0.2852079964953926,-0.19730653422074967,0.0879014622746429,0.0879014622746429,24,39
14002,15001,2017,2018,0.0058461529915228546,-0.020254702727710672,-0.026100855719233526,0.026100855719233526,1246,516
14002,15002,2017,2018,-0.005536086557474555,-0.010224638902121786,-0.004688552344647231,0.004688552344647231,2639,1642
14002,15003,2017,2018,-0.006719516870654431,-0.015370175867205663,-0.008650658996551232,0.008650658996551232,366,201
14002,15004,2017,2018,-0.011798126681469893,-0.0074860351426184685,0.004312091538851425,0.004312091538851425,850,454
14002,15005,2017,2018,-0.029684417337575056,-0.03748079289617723,-0.007796375558602173,0.007796375558602173,43,26
14002,15006,2017,2018,-0.032765102859158075,-0.005642561663018035,0.02712254119614004,0.02712254119614004,248,152
14002,16001,2017,2018,-0.0008713084202960106,-4.70657761699716e-05,0.000824242644126039,0.000824242644126039,112,61
14002,16002,2017,2018,-0.02583576911094564,-0.03986192596107671,-0.014026156850131071,0.014026156850131071,436,195
14002,16003,2017,2018,-0.012741268165564406,0.008745540820413218,0.021486808985977622,0.021486808985977622,300,224
14002,16004,2017,2018,0.00404071119082361,0.006280836053775052,0.0022401248629514417,0.0022401248629514417,259,134
14003,14004,2017,2018,-0.3660331140917605,-0.3606294114217269,0.005403702670033594,0.005403702670033594,147,93
14003,14005,2017,2018,-0.4839343376781991,-0.46234549046022855,0.021588847217970553,0.021588847217970553,86,113
14003,14006,2017,2018,-0.4777071608158384,-0.435053603498067,0.04265355731777143,0.04265355731777143,103,68
14003,14007,2017,2018,-0.4263740615361921,-0.37879689811545636,0.04757716342073576,0.04757716342073576,64,115
14003,15001,2017,2018,-0.01278989442824998,-0.021011860124550575,-0.008221965696300595,0.008221965696300595,6948,4315
14003,15002,2017,2018,-0.02779541950141141,-0.010388547061331136,0.017406872440080275,0.017406872440080275,15106,13466
14003,15003,2017,2018,-0.04812219376353638,-0.04541151354507531,0.0027106802184610687,0.0027106802184610687,1843,1469
14003,15004,2017,2018,-0.02570486189643602,0.005807168432441717,0.03151203032887774,0.03151203032887774,4934,3864
14003,15005,2017,2018,0.009295163467345146,-0.006574998765093193,-0.01587016223243834,0.01587016223243834,344,273
14003,15006,2017,2018,0.022634490289615845,-0.003952461445378017,-0.026586951734993862,0.026586951734993862,1999,1244
14003,15007,2017,2018,0.030173823543439178,-0.0215081359021766,-0.05168195944561578,0.05168195944561578,82,44
14003,16001,2017,2018,0.043550490556321424,0.034990870055690085,-0.008559620500631339,0.008559620500631339,838,585
14003,16002,2017,2018,0.012253179087522237,0.025947171268493916,0.013693992180971679,0.013693992180971679,3155,2206
14003,16003,2017,2018,-0.02802260040789393,0.011433623708903565,0.03945622411679749,0.03945622411679749,1708,1785
14003,16004,2017,2018,-0.00918958586243884,-0.0202190790649604,-0.01102949320252156,0.01102949320252156,1442,941
14004,14005,2017,2018,-0.4108175239805699,-0.37045238633306,0.04036513764750993,0.04036513764750993,46,41
14004,14006,2017,2018,-0.3673883689418366,-0.35435594963126066,0.013032419310575916,0.013032419310575916,86,24
14004,14007,2017,2018,-0.3421233979105284,-0.2970851420418462,0.04503825586868221,0.04503825586868221,43,42
14004,15001,2017,2018,-0.07466335320236725,-0.05599484730601553,0.018668505896351717,0.018668505896351717,2133,1019
14004,15002,2017,2018,-0.0877815064121765,-0.08258168700101724,0.005199819411159254,0.005199819411159254,4828,2945
14004,15003,2017,2018,-0.03540410204386746,-0.0616024822519874,-0.026198380208119945,0.026198380208119945,761,359
14004,15004,2017,2018,-0.09869833852737075,-0.1017203349218439,-0.0030219963944731476,0.0030219963944731476,1376,653
14004,15005,2017,2018,0.05194979155863466,-0.006896211705977671,-0.05884600326461233,0.05884600326461233,185,77
14004,15006,2017,2018,0.050002391902669176,0.05798900639178135,0.007986614489112177,0.007986614489112177,940,489
14004,15007,2017,2018,0.07494232024677379,0.06387331166145964,-0.01106900858531415,0.01106900858531415,48,25
14004,16001,2017,2018,0.2210114235339201,0.21694799986734153,-0.004063423666578553,0.004063423666578553,836,445
14004,16002,2017,2018,-0.08749919331167724,-0.0461637625384734,0.04133543077320384,0.04133543077320384,772,446
14004,16003,2017,2018,0.23091271043346165,0.19711938801247383,-0.033793322420987815,0.033793322420987815,2056,1155
14004,16004,2017,2018,0.03267719191096234,0.005063307825139023,-0.02761388408582332,0.02761388408582332,720,303
14005,14006,2017,2018,-0.4789515375429225,-0.41409351091737595,0.06485802662554657,0.06485802662554657,49,41
14005,14007,2017,2018,-0.422515645374299,-0.3913483763636506,0.03116726901064837,0.03116726901064837,35,48
14005,15001,2017,2018,0.044022623165866234,0.04046474500335936,-0.0035578781625068764,0.0035578781625068764,5690,3364
14005,15002,2017,2018,0.029080536416802936,0.023705265853235163,-0.005375270563567774,0.005375270563567774,11819,9273
14005,15003,2017,2018,0.008113397064858544,-0.0061165569143141205,-0.014229953979172663,0.014229953979172663,1611,1103
14005,15004,2017,2018,0.0007242979426075976,-0.006153127681853212,-0.00687742562446081,0.00687742562446081,3692,2370
14005,15005,2017,2018,0.011623523303675264,-0.011115819734627733,-0.022739343038302995,0.022739343038302995,240,169
14005,15006,2017,2018,-0.03505147876069571,-0.030366745813613618,0.004684732947082094,0.004684732947082094,1049,697
14005,15007,2017,2018,-0.03695802908460578,-0.0005754557522252273,0.03638257333238055,0.03638257333238055,33,33
14005,16001,2017,2018,-0.12476497814578616,-0.14203169562942478,-0.017266717483638616,0.017266717483638616,204,122
14005,16002,2017,2018,-0.021015884651235186,-0.000428170121221989,0.020587714530013197,0.020587714530013197,1886,1277
14005,16003,2017,2018,-0.11472110757104029,-0.13155835434442495,-0.016837246773384662,0.016837246773384662,725,556
14005,16004,2017,2018,-0.05099429350738174,-0.030080121637394815,0.02091417186998692,0.02091417186998692,792,566
14006,14007,2017,2018,-0.4104459679769048,-0.41013115773961367,0.0003148102372911299,0.0003148102372911299,45,17
14006,15001,2017,2018,0.030114135441273022,0.06693358157151358,0.03681944613024056,0.03681944613024056,5712,2351
14006,15002,2017,2018,0.03395519511829655,0.027153095027901152,-0.0068021000903953945,0.0068021000903953945,12528,5913
14006,15003,2017,2018,0.10106204929990446,0.08574386175160367,-0.01531818754830079,0.01531818754830079,2450,1041
14006,15004,2017,2018,0.07152770204753159,0.07264440825717296,0.0011167062096413688,0.0011167062096413688,4905,2002
14006,15005,2017,2018,0.016213630124335108,0.051120183470347545,0.034906553346012434,0.034906553346012434,259,157
14006,15006,2017,2018,-0.008155327988338365,0.010688363472363108,0.018843691460701473,0.018843691460701473,1257,534
14006,15007,2017,2018,-0.017153757400273972,-0.010184607331649925,0.006969150068624048,0.006969150068624048,41,19
14006,16001,2017,2018,-0.009143535725806298,-0.022301662251905167,-0.013158126526098868,0.013158126526098868,458,170
14006,16002,2017,2018,0.017793170865696453,-0.011355263855656224,-0.029148434721352676,0.029148434721352676,2329,757
14006,16003,2017,2018,-0.01892235427402195,-0.06103641698543881,-0.042114062711416864,0.042114062711416864,1271,495
14006,16004,2017,2018,-0.02007621229982697,-0.006046459806843994,0.014029752492982973,0.014029752492982973,979,399
14007,15001,2017,2018,0.009701342189786346,-0.0368670495064259,-0.04656839169621225,0.04656839169621225,2835,1456
14007,15002,2017,2018,0.02891869664424345,0.014356368750611711,-0.01456232789363174,0.01456232789363174,6632,5279
14007,15003,2017,2018,-0.0405965158946372,-0.02363166906839437,0.016964846826242826,0.016964846826242826,692,580
14007,15004,2017,2018,0.09303981214284893,0.0937197423498601,0.0006799302070111674,0.0006799302070111674,2910,2004
14007,15005,2017,2018,-0.04560292644735922,-0.026415811492038564,0.019187114955320658,0.019187114955320658,88,87
14007,15006,2017,2018,-0.028536291872274088,-0.01138311253965144,0.01715317933262265,0.01715317933262265,588,439
14007,15007,2017,2018,0.045233439391490236,0.02746230884172826,-0.017771130549761975,0.017771130549761975,36,24
14007,16001,2017,2018,-0.09808997985586462,-0.0114999436360679,0.08659003621979672,0.08659003621979672,128,168
14007,16002,2017,2018,0.10941768088708499,0.10892842333815625,-0.0004892575489287426,0.0004892575489287426,1828,1187
14007,16003,2017,2018,0.011656776005337627,0.09341640635039859,0.08175963034506097,0.08175963034506097,776,964
14007,16004,2017,2018,-0.009028474496506162,-0.025357822903559576,-0.016329348407053412,0.016329348407053412,541,330
15001,15002,2017,2018,0.028618003631525925,0.010236567987698491,-0.018381435643827434,0.018381435643827434,27240,16343
15001,15003,2017,2018,0.015062691141879279,0.04049650954006893,0.02543381839818965,0.02543381839818965,3875,2403
15001,15004,2017,2018,0.04430089710390609,-0.0045836367576951,-0.04888453386160119,0.04888453386160119,9783,4371
15001,15005,2017,2018,-0.023788908610218974,0.016379011522654675,0.04016792013287365,0.04016792013287365,460,363
15001,15006,2017,2018,-0.0033715438912457663,0.024095663585397394,0.02746720747664316,0.02746720747664316,2903,1630
15001,15007,2017,2018,-0.028495178368261414,-0.0059860770149113346,0.02250910135335008,0.02250910135335008,86,58
15001,16001,2017,2018,-0.07835059073792584,-0.1216014415258821,-0.04325085078795626,0.04325085078795626,720,283
15001,16002,2017,2018,0.023677235997037565,0.011227210153517533,-0.012450025843520032,0.012450025843520032,5269,2437
15001,16003,2017,2018,-0.06779803503862643,-0.10488617664152296,-0.03708814160289653,0.03708814160289653,2375,1271
15001,16004,2017,2018,-0.0337111125125592,-0.026508581381521356,0.007202531131037842,0.007202531131037842,2115,1072
15002,15003,2017,2018,0.06185946335546399,0.05811886052721008,-0.0037406028282539056,0.0037406028282539056,9632,7179
15002,15004,2017,2018,0.09218717419991657,0.07477686890304265,-0.017410305296873915,0.017410305296873915,22848,15154
15002,15005,2017,2018,-0.056765582413857256,-0.06675505163839975,-0.00998946922454249,0.00998946922454249,880,715
15002,15006,2017,2018,-0.024164186648233388,-0.01695709513975744,0.007207091508475948,0.007207091508475948,6069,4188
15002,15007,2017,2018,-0.040088995171179025,-0.02519191364127902,0.014897081529900005,0.014897081529900005,181,154
15002,16001,2017,2018,-0.05686490940475376,-0.05341636512285817,0.003448544281895595,0.003448544281895595,1895,1364
15002,16002,2017,2018,0.01066890013554351,0.0030231856364849913,-0.00764571449905852,0.00764571449905852,11148,7038
15002,16003,2017,2018,-0.03196229442939867,-0.020981972485989986,0.010980321943408686,0.010980321943408686,6306,5611
15002,16004,2017,2018,-0.015124825141075899,0.004864211648121776,0.019989036789197674,0.019989036789197674,5155,3659
15003,15004,2017,2018,0.08851358116788029,0.05012576466287898,-0.03838781650500131,0.03838781650500131,3760,2067
15003,15005,2017,2018,0.005743382575290624,0.03539553334225018,0.029652150766959554,0.029652150766959554,172,160
15003,15006,2017,2018,0.0038569160648219253,0.01751872069788491,0.013661804633062985,0.013661804633062985,942,622
15003,15007,2017,2018,0.02235693028461509,0.04350498700463493,0.021148056720019844,0.021148056720019844,40,33
15003,16001,2017,2018,-0.05861015015220498,-0.019191133975664142,0.03941901617654084,0.03941901617654084,235,196
15003,16002,2017,2018,0.0006556246334198882,-0.01201499508489476,-0.012670619718314648,0.012670619718314648,1537,852
15003,16003,2017,2018,0.005191820637548608,-0.011648660432677102,-0.01684048107022571,0.01684048107022571,1008,726
15003,16004,2017,2018,0.00624367064555268,0.026098170614030285,0.019854499968477605,0.019854499968477605,790,532
15004,15005,2017,2018,-0.04013859584682575,-0.011688540360786983,0.028450055486038767,0.028450055486038767,307,255
15004,15006,2017,2018,-0.05298863990474168,-0.032413129929398474,0.020575509975343208,0.020575509975343208,1737,1054
15004,15007,2017,2018,-0.0034460951771755123,-0.02558532552345752,-0.022139230346282006,0.022139230346282006,77,41
15004,16001,2017,2018,-0.10779293796760078,-0.13906591284856443,-0.031272974880963644,0.031272974880963644,435,201
15004,16002,2017,2018,0.0939014856779553,0.11102720848747065,0.017125722809515354,0.017125722809515354,4961,2840
15004,16003,2017,2018,-0.01502900672567078,0.003430758031243169,0.018459764756913948,0.018459764756913948,2188,1666
15004,16004,2017,2018,-0.05092552101905229,-0.05234473185319314,-0.0014192108341408508,0.0014192108341408508,1437,774
15005,15006,2017,2018,0.071730559232168,0.04905397200920656,-0.022676587222961446,0.022676587222961446,211,126
15005,15007,2017,2018,0.03851937712052457,0.09512110664149258,0.05660172952096801,0.05660172952096801,7,9
15005,16001,2017,2018,-0.013313923619961553,-0.028527400618151802,-0.01521347699819025,0.01521347699819025,44,28
15005,16002,2017,2018,-0.015995747471719887,0.0029989839844029283,0.018994731456122814,0.018994731456122814,198,147
15005,16003,2017,2018,0.00512804301241337,-0.06247992825343856,-0.06760797126585193,0.06760797126585193,146,79
15005,16004,2017,2018,0.016251897122025443,0.04935231237652229,0.03310041525449685,0.03310041525449685,123,104
15006,15007,2017,2018,0.0973559883555068,0.06861600780824594,-0.02873998054726086,0.02873998054726086,57,29
15006,16001,2017,2018,-0.14159160706714988,-0.15010763417257666,-0.008516027105426788,0.008516027105426788,98,51
15006,16002,2017,2018,-0.16349424315921707,-0.176817610901014,-0.013323367741796932,0.013323367741796932,488,221
15006,16003,2017,2018,-0.15150834647283987,-0.16012346273386902,-0.008615116261029149,0.008615116261029149,313,206
15006,16004,2017,2018,-0.143139358139524,-0.13181268997582035,0.011326668163703646,0.011326668163703646,248,141
15007,16001,2017,2018,-0.02149498375942756,0.02295961427610707,0.04445459803553463,0.04445459803553463,8,8
15007,16002,2017,2018,0.02285046640543906,0.03592107052337838,0.013070604117939321,0.013070604117939321,53,35
15007,16003,2017,2018,0.0024898733250411447,-0.019752259099204555,-0.0222421324242457,0.0222421324242457,29,19
15007,16004,2017,2018,0.009500928007284089,-0.005083535004614883,-0.014584463011898972,0.014584463011898972,24,13
16001,16002,2017,2018,-0.35324044037446234,-0.3270765694214319,0.026163870953030466,0.026163870953030466,20,14
16001,16003,2017,2018,-0.2584036175388865,-0.260165863828567,-0.0017622462896804691,0.0017622462896804691,34,25
16001,16004,2017,2018,-0.25931890525931545,-0.21571403886270385,0.0436048663966116,0.0436048663966116,24,21
16002,16003,2017,2018,-0.3758478555817824,-0.3539119422325479,0.021935913349234504,0.021935913349234504,79,67
16002,16004,2017,2018,-0.3727333847783231,-0.32788808568598143,0.04484529909234164,0.04484529909234164,55,42
16003,16004,2017,2018,-0.31915289107394557,-0.2686265002578076,0.05052639081613797,0.05052639081613797,53,63
10001,10002,2018,2019,-0.32964681741734014,-0.3957306696402904,-0.06608385222295027,0.06608385222295027,520,202
10001,10003,2018,2019,-0.23579168270675863,-0.23484753344491008,0.0009441492618485481,0.0009441492618485481,76,46
10001,10004,2018,2019,-0.0997894225590733,-0.13056097578229128,-0.03077155322321798,0.03077155322321798,248,201
10001,10005,2018,2019,-0.3048026722633044,-0.2894405604182577,0.015362111845046655,0.015362111845046655,106,69
10001,11001,2018,2019,-0.03283256139179238,-0.05641603282529099,-0.023583471433498614,0.023583471433498614,2183,1474
10001,11002,2018,2019,-0.08281545380338648,-0.0769991572295207,0.005816296573865773,0.005816296573865773,4026,2168
10001,11003,2018,2019,-0.2195506739744032,-0.21463797295744025,0.00491270101696295,0.00491270101696295,1350,682
10001,11004,2018,2019,-0.21993833836045368,-0.2699023855932184,-0.04996404723276471,0.04996404723276471,372,167
10001,11005,2018,2019,0.27326097268501925,0.27656142815878065,0.003300455473761399,0.003300455473761399,9352,5351
10001,11006,2018,2019,-0.12726833931740028,-0.16309698060469097,-0.035828641287290686,0.035828641287290686,675,356
10001,11007,2018,2019,-0.01975252225110131,-0.021194593567141238,-0.0014420713160399265,0.0014420713160399265,73,44
10001,11008,2018,2019,-0.014484193972639392,-0.024316910881784816,-0.009832716909145424,0.009832716909145424,894,610
10001,12001,2018,2019,0.010196596337330426,0.032372983601889144,0.022176387264558717,0.022176387264558717,5842,3467
10001,12002,2018,2019,-0.05618180256105847,-0.022186348833131815,0.03399545372792666,0.03399545372792666,878,739
10001,12003,2018,2019,0.047638455536296406,0.04008896828865563,-0.0075494872476407765,0.0075494872476407765,8733,4581
10001,12004,2018,2019,-0.19656508877093956,-0.21616371135018997,-0.019598622579250408,0.019598622579250408,261,141
10001,12005,2018,2019,0.024492292638119185,-0.0788305235795746,-0.10332281621769378,0.10332281621769378,30,19
10001,13001,2018,2019,0.11169847848151812,0.11689277706691596,0.005194298585397841,0.005194298585397841,8205,4455
10001,13002,2018,2019,-0.08069071332882552,-0.10765415427046622,-0.0269634409416407,0.0269634409416407,2810,1635
10001,13003,2018,2019,-0.323566636374028,-0.3474571572583495,-0.02389052088432153,0.02389052088432153,975,397
10001,13004,2018,2019,0.2091940672751316,0.19509188371510117,-0.014102183560030429,0.014102183560030429,4329,2752
10001,13005,2018,2019,0.07539554497408323,0.06105244548956575,-0.014343099484517473,0.014343099484517473,1180,745
10001,14001,2018,2019,0.037952416668548004,0.07167084260931363,0.03371842594076562,0.03371842594076562,7540,4344
10001,14002,2018,2019,0.08703179282122787,0.09234576507087267,0.005313972249644791,0.005313972249644791,687,341
10001,14003,2018,2019,-0.02057181491493722,-0.01609821238641844,0.004473602528518781,0.004473602528518781,3361,1831
10001,14004,2018,2019,-0.058314414799288575,-0.03778211951968881,0.020532295279599766,0.020532295279599766,776,452
10001,14005,2018,2019,0.059108211219602295,0.11997953084427058,0.06087131962466829,0.06087131962466829,2827,1845
10001,14006,2018,2019,-0.006069316003370057,-0.002590536464033577,0.00347877953933648,0.00347877953933648,1401,587
10001,14007,2018,2019,-0.14996836330311253,-0.1667899218852285,-0.01682155858211598,0.01682155858211598,627,485
10001,15001,2018,2019,0.018775422226582517,-0.006133999478721919,-0.024909421705304434,0.024909421705304434,4452,2488
10001,15002,2018,2019,-0.007708283322911359,-0.026071606468236447,-0.018363323145325086,0.018363323145325086,12359,7232
10001,15003,2018,2019,-0.025727023418794494,-0.07750133644216309,-0.051774313023368594,0.051774313023368594,1456,1169
10001,15004,2018,2019,-0.1373391406096454,-0.15824028912304594,-0.020901148513400553,0.020901148513400553,2053,1288
10001,15005,2018,2019,0.012689231082881893,-0.013319722313351144,-0.026008953396233037,0.026008953396233037,279,148
10001,15006,2018,2019,-0.034369474730525686,-0.1031725555859725,-0.06880308085544681,0.06880308085544681,989,594
10001,15007,2018,2019,-0.025074597849183457,-0.04161196913032529,-0.016537371281141834,0.016537371281141834,39,38
10001,16001,2018,2019,0.05669211157050482,0.04929151794308859,-0.007400593627416227,0.007400593627416227,596,301
10001,16002,2018,2019,-0.12604208219501645,-0.13434523820042663,-0.008303156005410178,0.008303156005410178,1038,434
10001,16003,2018,2019,-0.11072230596196495,-0.12304331322421101,-0.012321007262246067,0.012321007262246067,937,437
10001,16004,2018,2019,0.04321610731434681,0.10330748457905087,0.06009137726470406,0.06009137726470406,1141,674
10002,10003,2018,2019,-0.2664431307443785,-0.290092396880647,-0.0236492661362685,0.0236492661362685,47,30
10002,10004,2018,2019,-0.0059324677108642246,-0.06642370123235826,-0.060491233521494034,0.060491233521494034,379,328
10002,10005,2018,2019,-0.26888564427471995,-0.29299047131323164,-0.02410482703851169,0.02410482703851169,123,76
10002,11001,2018,2019,-0.061847026013086434,-0.08189337462904396,-0.020046348615957527,0.020046348615957527,1684,1471
10002,11002,2018,2019,-0.038864560447904414,-0.021007032712518938,0.017857527735385476,0.017857527735385476,4040,2879
10002,11003,2018,2019,0.004276720272856587,0.007886009988162891,0.0036092897153063045,0.0036092897153063045,3032,2004
10002,11004,2018,2019,-0.06454185300961296,-0.09961381062028957,-0.03507195761067661,0.03507195761067661,806,562
10002,11005,2018,2019,0.04071897543056054,0.023024996925765123,-0.01769397850479542,0.01769397850479542,4919,3225
10002,11006,2018,2019,-0.2107699905046557,-0.24971629754522673,-0.03894630704057103,0.03894630704057103,338,223
10002,11007,2018,2019,-0.04864393947533233,-0.04660710495365137,0.0020368345216809636,0.0020368345216809636,51,40
10002,11008,2018,2019,0.02558714156127583,-0.007332241340043617,-0.03291938290131945,0.03291938290131945,940,724
10002,12001,2018,2019,0.05577319849568272,0.05317085633742055,-0.002602342158262168,0.002602342158262168,5795,4003
10002,12002,2018,2019,0.0017243075628142635,-0.008700859503872045,-0.010425167066686308,0.010425167066686308,1005,861
10002,12003,2018,2019,-0.011588231359172266,-0.001929504097321034,0.009658727261851232,0.009658727261851232,6614,4511
10002,12004,2018,2019,-0.07405754577645916,-0.04320161974568039,0.030855926030778774,0.030855926030778774,491,463
10002,12005,2018,2019,0.007925417975922876,-0.023300102062176763,-0.03122552003809964,0.03122552003809964,23,33
10002,13001,2018,2019,0.03335213539327894,0.03731774746213887,0.003965612068859925,0.003965612068859925,5992,3992
10002,13002,2018,2019,0.05773686231117475,0.02970599664903133,-0.028030865662143422,0.028030865662143422,3911,2888
10002,13003,2018,2019,-0.22082888787957722,-0.2064374532961411,0.014391434583436113,0.014391434583436113,1496,1086
10002,13004,2018,2019,0.12768251985324855,0.11071263677688001,-0.01696988307636854,0.01696988307636854,3078,2368
10002,13005,2018,2019,0.019267686401559233,0.022403851257365694,0.0031361648558064607,0.0031361648558064607,813,691
10002,14001,2018,2019,0.020966537324603435,0.03254608217005307,0.011579544845449638,0.011579544845449638,6338,4302
10002,14002,2018,2019,0.024294955614168483,0.0356195716313591,0.011324616017190616,0.011324616017190616,446,281
10002,14003,2018,2019,-0.02399785528619168,-0.033819882613283364,-0.009822027327091684,0.009822027327091684,2894,1890
10002,14004,2018,2019,0.036770010208147415,-0.009988733785876707,-0.04675874399402412,0.04675874399402412,1057,569
10002,14005,2018,2019,-0.012469780542150997,0.033923150498535316,0.046392931040686314,0.046392931040686314,1915,1511
10002,14006,2018,2019,0.015073417421051397,0.022972625151239007,0.00789920773018761,0.00789920773018761,1339,721
10002,14007,2018,2019,-0.05627085590589974,-0.048871193928933535,0.007399661976966204,0.007399661976966204,893,970
10002,15001,2018,2019,0.008261615243770082,-0.0033192768130979803,-0.011580892056868063,0.011580892056868063,3774,2754
10002,15002,2018,2019,-0.014198640834160385,-0.009686215508382117,0.004512425325778268,0.004512425325778268,10639,8220
10002,15003,2018,2019,0.001312129186320392,-0.015547760896893765,-0.016859890083214157,0.016859890083214157,1424,1644
10002,15004,2018,2019,-0.06559906274791204,-0.06891867376617278,-0.0033196110182607402,0.0033196110182607402,2382,2054
10002,15005,2018,2019,0.00898714216959176,0.06122926889895748,0.05224212672936572,0.05224212672936572,239,246
10002,15006,2018,2019,-0.05390602748837538,-0.053203307562595586,0.0007027199257797906,0.0007027199257797906,781,835
10002,15007,2018,2019,-0.08092557617901683,0.013284436416636805,0.09421001259565363,0.09421001259565363,21,62
10002,16001,2018,2019,0.0552492220781925,0.0252717699064842,-0.029977452171708302,0.029977452171708302,521,291
10002,16002,2018,2019,-0.08295709135742377,-0.08114076541991325,0.0018163259375105212,0.0018163259375105212,1107,638
10002,16003,2018,2019,0.006478659112265637,-0.01071284224205734,-0.01719150135432298,0.01719150135432298,1400,838
10002,16004,2018,2019,-0.009511477678693737,-0.012342417667915998,-0.0028309399892222607,0.0028309399892222607,788,438
10003,10004,2018,2019,0.08652516768815198,-0.004519220021128518,-0.0910443877092805,0.0910443877092805,100,58
10003,10005,2018,2019,-0.18979214586979132,-0.14005824233044403,0.049733903539347285,0.049733903539347285,21,23
10003,11001,2018,2019,-0.08528416814874758,-0.10920558143011079,-0.023921413281363213,0.023921413281363213,179,132
10003,11002,2018,2019,-0.16419838438593784,-0.1652429485836627,-0.001044564197724862,0.001044564197724862,243,147
10003,11003,2018,2019,-0.12245505116537092,-0.113768412391411,0.00868663877395992,0.00868663877395992,199,125
10003,11004,2018,2019,-0.21805358794856117,-0.2404710945653262,-0.02241750661676503,0.02241750661676503,26,16
10003,11005,2018,2019,0.19367450204907194,0.1995425285016626,0.005868026452590658,0.005868026452590658,1392,899
10003,11006,2018,2019,-0.17045237993132753,-0.10476807159040959,0.06568430834091794,0.06568430834091794,42,56
10003,11007,2018,2019,-0.02790805948764239,0.024394803117951572,0.05230286260559396,0.05230286260559396,8,9
10003,11008,2018,2019,0.06739329823009411,0.07357947747480544,0.006186179244711321,0.006186179244711321,180,150
10003,12001,2018,2019,-0.021603603727026063,0.004089665880726429,0.025693269607752492,0.025693269607752492,630,457
10003,12002,2018,2019,0.006491667189043741,0.0473177268322594,0.04082605964321566,0.04082605964321566,147,153
10003,12003,2018,2019,0.05671421884421764,0.04483486502311113,-0.011879353821106504,0.011879353821106504,1232,714
10003,12004,2018,2019,-0.12407333329456409,-0.10730702159077628,0.016766311703787812,0.016766311703787812,39,33
10003,13001,2018,2019,-0.12500450906787278,-0.14346881706898226,-0.018464308001109486,0.018464308001109486,390,207
10003,13002,2018,2019,0.1143955974417425,0.12781905677821748,0.013423459336474972,0.013423459336474972,794,612
10003,13003,2018,2019,-0.3414495320555942,-0.39234189724075297,-0.05089236518515877,0.05089236518515877,36,11
10003,13004,2018,2019,0.21731324798918947,0.16805742277785807,-0.0492558252113314,0.0492558252113314,793,481
10003,13005,2018,2019,0.0029228668433115166,0.018376576075734685,0.015453709232423167,0.015453709232423167,107,91
10003,14001,2018,2019,-0.01987178558904128,0.031510630793950105,0.05138241638299139,0.05138241638299139,770,590
10003,14002,2018,2019,0.06476794724430532,0.016783826907781345,-0.047984120336523974,0.047984120336523974,87,34
10003,14003,2018,2019,0.012918581631390804,0.010434718814964005,-0.0024838628164267993,0.0024838628164267993,476,290
10003,14004,2018,2019,0.12367202002763202,0.12003541116485243,-0.0036366088627795834,0.0036366088627795834,262,157
10003,14005,2018,2019,-0.04088661749798754,-0.029815223919843127,0.011071393578144413,0.011071393578144413,222,144
10003,14006,2018,2019,-0.047451313106623774,-0.06837831476134446,-0.02092700165472068,0.02092700165472068,130,52
10003,14007,2018,2019,0.017637003466608847,-0.008021006555381403,-0.025658010021990252,0.025658010021990252,183,146
10003,15001,2018,2019,-0.07317564314033063,-0.10770567181327667,-0.034530028672946037,0.034530028672946037,345,194
10003,15002,2018,2019,-0.01962998352542338,-0.029813590015388938,-0.010183606489965559,0.010183606489965559,1429,957
10003,15003,2018,2019,-0.022340817753657788,-0.07058420396027877,-0.04824338620662098,0.04824338620662098,174,147
10003,15004,2018,2019,-0.13271000378745204,-0.14499785508337165,-0.01228785129591961,0.01228785129591961,188,139
10003,15005,2018,2019,-0.00812361548581108,-0.13009286158155206,-0.12196924609574097,0.12196924609574097,30,7
10003,15006,2018,2019,-0.04671415881141936,-0.08482161991015351,-0.03810746109873415,0.03810746109873415,104,77
10003,16001,2018,2019,0.33794875696406534,0.31369435273292906,-0.024254404231136284,0.024254404231136284,361,197
10003,16002,2018,2019,-0.15487744694641908,-0.17117968088109212,-0.016302233934673033,0.016302233934673033,75,33
10003,16003,2018,2019,0.012595928332722215,-0.01802544910483769,-0.030621377437559903,0.030621377437559903,208,101
10003,16004,2018,2019,-0.04354104597173077,0.01598054508098862,0.0595215910527194,0.0595215910527194,86,67
10004,10005,2018,2019,0.06642659527165364,0.0013139750125745109,-0.06511262025907913,0.06511262025907913,173,119
10004,11001,2018,2019,-0.15818189285164583,-0.1329316265815587,0.02525026627008714,0.02525026627008714,117,207
10004,11002,2018,2019,-0.16746372575645888,-0.17904810460051784,-0.011584378844058968,0.011584378844058968,267,255
10004,11003,2018,2019,0.03674471629189179,0.06167339801546055,0.024928681723568755,0.024928681723568755,562,573
10004,11004,2018,2019,-0.05537259446626198,-0.09147494618616074,-0.03610235171989876,0.03610235171989876,118,111
10004,11005,2018,2019,-0.14678108651771382,-0.1380262374188116,0.008754849098902229,0.008754849098902229,292,324
10004,11006,2018,2019,-0.1535175816339695,-0.21927441869724584,-0.06575683706327634,0.06575683706327634,55,40
10004,11007,2018,2019,-0.026105123029045232,-0.0632104429106192,-0.037105319881573964,0.037105319881573964,9,7
10004,11008,2018,2019,-0.07243893208869479,-0.07690799338599345,-0.004469061297298668,0.004469061297298668,78,101
10004,12001,2018,2019,0.008033024923968402,0.010393928101235383,0.0023609031772669816,0.0023609031772669816,804,800
10004,12002,2018,2019,0.03414568041532943,0.061297698761305225,0.027152018345975797,0.027152018345975797,192,274
10004,12003,2018,2019,0.014835872260088088,0.011861131504074703,-0.0029747407560133856,0.0029747407560133856,1135,1049
10004,12004,2018,2019,0.07756881054891539,0.04479529762747279,-0.0327735129214426,0.0327735129214426,183,164
10004,12005,2018,2019,0.09276410988977203,-0.008996324404716547,-0.10176043429448858,0.10176043429448858,8,8
10004,13001,2018,2019,-0.1633992782695645,-0.17348553652867368,-0.010086258259109193,0.010086258259109193,341,322
10004,13002,2018,2019,0.24886212457166765,0.26895944206292927,0.020097317491261618,0.020097317491261618,1434,1552
10004,13003,2018,2019,-0.19108826686303276,-0.18713873069962167,0.003949536163411094,0.003949536163411094,175,186
10004,13004,2018,2019,0.011304003675313591,-0.0654153892323939,-0.07671939290770749,0.07671939290770749,331,256
10004,13005,2018,2019,-0.027130633900704387,-0.04019143172256298,-0.013060797821858594,0.013060797821858594,96,107
10004,14001,2018,2019,-0.06370123279873936,-0.037213374317280945,0.026487858481458418,0.026487858481458418,683,740
10004,14002,2018,2019,-0.018979533089862957,-0.037190060935785425,-0.018210527845922468,0.018210527845922468,53,39
10004,14003,2018,2019,-0.0020862096099167064,0.023279927546688867,0.025366137156605573,0.025366137156605573,485,523
10004,14004,2018,2019,0.24345180693223054,0.24740821029049817,0.003956403358267635,0.003956403358267635,499,442
10004,14005,2018,2019,-0.120176077911646,-0.12694600837457343,-0.006769930462927426,0.006769930462927426,144,136
10004,14006,2018,2019,-0.028912197884812686,-0.09923357350483693,-0.07032137562002425,0.07032137562002425,163,74
10004,14007,2018,2019,0.035535351250304985,0.07333201090288848,0.03779665965258349,0.03779665965258349,224,379
10004,15001,2018,2019,-0.1271655752897674,-0.11741277504129427,0.009752800248473137,0.009752800248473137,273,334
10004,15002,2018,2019,-0.05377972413638853,-0.03394523532633577,0.019834488810052765,0.019834488810052765,1363,1636
10004,15003,2018,2019,-0.027591989993888455,-0.05308121932746191,-0.025489229333573456,0.025489229333573456,186,289
10004,15004,2018,2019,-0.08616091184622855,-0.07784568017994789,0.008315231666280662,0.008315231666280662,287,386
10004,15005,2018,2019,-0.016281336378610952,-0.11465029793837213,-0.09836896155976117,0.09836896155976117,31,15
10004,15006,2018,2019,0.013958698250157081,-0.013654350825272143,-0.027613049075429226,0.027613049075429226,172,214
10004,15007,2018,2019,0.02286987545665663,-0.06394739181579161,-0.08681726727244823,0.08681726727244823,8,7
10004,16001,2018,2019,0.20291818622783703,0.15515210732934226,-0.04776607889849477,0.04776607889849477,210,143
10004,16002,2018,2019,-0.105464156544665,-0.134707060926668,-0.029242904382003013,0.029242904382003013,124,84
10004,16003,2018,2019,0.13314256568757749,0.16586878351155335,0.03272621782397586,0.03272621782397586,434,437
10004,16004,2018,2019,-0.08092395470130372,-0.05477400908043961,0.026149945620864104,0.026149945620864104,72,71
10005,11001,2018,2019,-0.05557100755211716,-0.04801175131097417,0.007559256241142995,0.007559256241142995,468,399
10005,11002,2018,2019,-0.09868671054941006,-0.08861687149773124,0.010069839051678811,0.010069839051678811,834,513
10005,11003,2018,2019,0.03290931087297849,0.036390571582836345,0.003481260709857853,0.003481260709857853,1009,588
10005,11004,2018,2019,-0.03270137306327033,-0.09271316596444602,-0.06001179290117569,0.06001179290117569,263,129
10005,11005,2018,2019,0.0453659461118419,0.06478711463235538,0.019421168520513482,0.019421168520513482,1530,1001
10005,11006,2018,2019,-0.19700084179946395,-0.19821776087065923,-0.0012169190711952826,0.0012169190711952826,80,58
10005,11007,2018,2019,-0.06450804543544629,0.02100143347560913,0.08550947891105543,0.08550947891105543,12,17
10005,11008,2018,2019,0.07435336458453234,0.03952774406938543,-0.03482562051514691,0.03482562051514691,367,237
10005,12001,2018,2019,-0.0062737676469965635,0.01597230339491853,0.022246071041915092,0.022246071041915092,1407,944
10005,12002,2018,2019,-0.0061452140818791514,0.04957301603223873,0.05571823011411788,0.05571823011411788,280,296
10005,12003,2018,2019,0.020263976111717853,0.008719071160754106,-0.011544904950963747,0.011544904950963747,2142,1195
10005,12004,2018,2019,0.02683008694135215,-0.07238942377320494,-0.09921951071455709,0.09921951071455709,247,91
10005,13001,2018,2019,-0.068475940016602,-0.0474866187472805,0.020989321269321494,0.020989321269321494,1180,747
10005,13002,2018,2019,0.14127113015997927,0.12230388825168498,-0.018967241908294297,0.018967241908294297,1672,1096
10005,13003,2018,2019,-0.13996811225572137,-0.1865398169149284,-0.04657170465920704,0.04657170465920704,525,223
10005,13004,2018,2019,0.059235174700100694,0.034935170523498774,-0.02430000417660192,0.02430000417660192,770,499
10005,13005,2018,2019,0.0288792377623341,0.03532903029934262,0.006449792537008517,0.006449792537008517,256,195
10005,14001,2018,2019,-0.009364224286922128,0.0269699778475837,0.036334202134505826,0.036334202134505826,1679,1120
10005,14002,2018,2019,-0.04519107078487548,0.031366971188962714,0.0765580419738382,0.0765580419738382,83,73
10005,14003,2018,2019,-5.48518319103225e-05,-0.012019666009606082,-0.01196481417769576,0.01196481417769576,915,511
10005,14004,2018,2019,0.1342560408849887,0.09033168001988276,-0.04392436086510593,0.04392436086510593,523,249
10005,14005,2018,2019,-0.08062715838752164,-0.03488687400438707,0.04574028438313457,0.04574028438313457,375,282
10005,14006,2018,2019,-0.016540372785367526,-0.019128133600847908,-0.0025877608154803826,0.0025877608154803826,333,148
10005,14007,2018,2019,0.01813623504653445,0.039874150900454944,0.021737915853920493,0.021737915853920493,373,370
10005,15001,2018,2019,-0.038133107956065435,-0.06765743872049676,-0.029524330764431325,0.029524330764431325,896,514
10005,15002,2018,2019,-0.022807642404193834,-0.01806216160245892,0.004745480801734914,0.004745480801734914,2951,2008
10005,15003,2018,2019,-0.01902141439173426,-0.04689720591323371,-0.027875791521499448,0.027875791521499448,371,348
10005,15004,2018,2019,-0.08306913605691013,-0.09651942290800089,-0.01345028685109076,0.01345028685109076,578,408
10005,15005,2018,2019,-0.001928166808048514,-0.057006098306702356,-0.055077931498653844,0.055077931498653844,65,29
10005,15006,2018,2019,-0.0018042056383782258,-0.06527006242921585,-0.06346585679083762,0.06346585679083762,291,183
10005,15007,2018,2019,-0.020449625327884805,-0.0035281364247834865,0.016921488903101318,0.016921488903101318,10,14
10005,16001,2018,2019,0.13972041587711012,0.1634839880072974,0.023763572130187288,0.023763572130187288,259,169
10005,16002,2018,2019,-0.09661199175102053,-0.07492649606372291,0.02168549568729762,0.02168549568729762,264,150
10005,16003,2018,2019,0.0694217519770745,0.06937232150693556,-4.943047013893087e-05,4.943047013893087e-05,565,321
10005,16004,2018,2019,0.02342019543581372,0.06260047899702256,0.03918028356120884,0.03918028356120884,275,171
11001,11002,2018,2019,-0.36114229392371366,-0.36724526697620113,-0.00610297305248747,0.00610297305248747,655,505
11001,11003,2018,2019,-0.27656333860469023,-0.25646802704675203,0.0200953115579382,0.0200953115579382,651,559
11001,11004,2018,2019,-0.14750103820676594,-0.12496079937175447,0.022540238835011467,0.022540238835011467,425,462
11001,11005,2018,2019,-0.35840370450688847,-0.37641804653241645,-0.018014342025527985,0.018014342025527985,624,458
11001,11006,2018,2019,0.02715437872126318,0.01231593797860841,-0.01483844074265477,0.01483844074265477,1071,898
11001,11007,2018,2019,-0.1854194004250739,-0.16004591457784265,0.02537348584723126,0.02537348584723126,12,14
11001,11008,2018,2019,-0.24357442789666067,-0.2547685350440647,-0.011194107147404042,0.011194107147404042,150,156
11001,12001,2018,2019,-0.4292979566433032,-0.42038614220314946,0.008911814440153765,0.008911814440153765,420,403
11001,12002,2018,2019,-0.3055325122901482,-0.2502290250351918,0.05530348725495643,0.05530348725495643,109,205
11001,12003,2018,2019,-0.28845225875127783,-0.2645574642761496,0.02389479447512821,0.02389479447512821,1911,1671
11001,12004,2018,2019,-0.18278041608465848,-0.2068475066308989,-0.024067090546240427,0.024067090546240427,203,159
11001,12005,2018,2019,0.026197005718549913,-0.10982258580707974,-0.13601959152562965,0.13601959152562965,23,15
11001,13001,2018,2019,0.033717705068728114,0.010402644835849656,-0.023315060232878458,0.023315060232878458,5179,3524
11001,13002,2018,2019,-0.11015081822766612,-0.07388585703492881,0.03626496119273731,0.03626496119273731,1814,1944
11001,13003,2018,2019,0.06990535200589622,0.09884279050615953,0.028937438500263313,0.028937438500263313,3987,3145
11001,13004,2018,2019,-0.008648999358468112,-0.007827547304310605,0.0008214520541575069,0.0008214520541575069,1653,1527
11001,13005,2018,2019,-0.06575736847729322,-0.07962404650314728,-0.013866678025854062,0.013866678025854062,449,398
11001,14001,2018,2019,-0.019207888519977127,-0.03792732190193353,-0.0187194333819564,0.0187194333819564,4864,3358
11001,14002,2018,2019,-0.05544248297620173,-0.050959454010506264,0.004483028965695468,0.004483028965695468,242,163
11001,14003,2018,2019,-0.04045450391582144,-0.04072402440601659,-0.0002695204901951506,0.0002695204901951506,2328,1744
11001,14004,2018,2019,-0.05145101219873034,-0.04707504086991439,0.004375971328815953,0.004375971328815953,594,449
11001,14005,2018,2019,-0.0016034095124360381,-0.026489335020559574,-0.024885925508123536,0.024885925508123536,1716,1139
11001,14006,2018,2019,0.15461457623876443,0.0924348028092303,-0.062179773429534124,0.062179773429534124,1960,909
11001,14007,2018,2019,0.008429981508527034,0.0288920117198134,0.020462030211286363,0.020462030211286363,1035,1257
11001,15001,2018,2019,0.10027023805462061,0.08402369780689646,-0.01624654024772415,0.01624654024772415,4298,3358
11001,15002,2018,2019,0.017206916895207848,0.019960091188460784,0.0027531742932529364,0.0027531742932529364,9799,8263
11001,15003,2018,2019,0.020577292797464352,0.055357166142485044,0.034779873345020695,0.034779873345020695,1328,1989
11001,15004,2018,2019,0.04258396263683159,0.0754903150420318,0.03290635240520021,0.03290635240520021,3012,3071
11001,15005,2018,2019,0.07791551710845876,0.04092945100798527,-0.03698606610047349,0.03698606610047349,304,210
11001,15006,2018,2019,0.09196932500750898,0.09757489049894363,0.00560556549143465,0.00560556549143465,1287,1429
11001,15007,2018,2019,0.03369575282322095,-0.04021966377675341,-0.07391541659997436,0.07391541659997436,46,40
11001,16001,2018,2019,-0.08530148913264968,-0.07332598087244271,0.011975508260206963,0.011975508260206963,199,156
11001,16002,2018,2019,0.03563693425574983,0.06416434683020596,0.028527412574456124,0.028527412574456124,1588,1127
11001,16003,2018,2019,-0.07669264191873758,-0.024515931909056737,0.05217671000968084,0.05217671000968084,814,747
11001,16004,2018,2019,-0.02631711341508627,-0.01862603686011081,0.0076910765549754595,0.0076910765549754595,621,402
11002,11003,2018,2019,-0.37944865237440933,-0.3373959739609779,0.04205267841343141,0.04205267841343141,956,607
11002,11004,2018,2019,-0.13409988462903685,-0.10386110658630257,0.030238778042734282,0.030238778042734282,1097,839
11002,11005,2018,2019,-0.4129262117527312,-0.38452072863383613,0.02840548311889507,0.02840548311889507,1404,867
11002,11006,2018,2019,0.01899845336867805,0.013048860702293587,-0.005949592666384462,0.005949592666384462,2155,1380
11002,11007,2018,2019,-0.22482908382261182,-0.15299389613716796,0.07183518768544386,0.07183518768544386,20,25
11002,11008,2018,2019,-0.2465914193228168,-0.2220912054027141,0.02450021392010271,0.02450021392010271,395,349
11002,12001,2018,2019,0.05646674552861182,0.07272919369833011,0.016262448169718294,0.016262448169718294,10217,5986
11002,12002,2018,2019,0.014538426007895374,0.0004370274035328297,-0.014101398604362544,0.014101398604362544,1917,1307
11002,12003,2018,2019,0.06722958267639423,0.0806474100010429,0.013417827324648676,0.013417827324648676,14068,7800
11002,12004,2018,2019,0.0120821032343939,0.052784844143616984,0.04070274090922309,0.04070274090922309,1384,1033
11002,12005,2018,2019,-0.021442717822329392,-0.1318465235707455,-0.1104038057484161,0.1104038057484161,33,20
11002,13001,2018,2019,0.08963283810747252,0.11423189592892265,0.024599057821450124,0.024599057821450124,11942,6758
11002,13002,2018,2019,-0.09468886039520141,-0.1078970134825717,-0.013208153087370292,0.013208153087370292,4437,2770
11002,13003,2018,2019,0.05459307279379717,0.043113525545876365,-0.011479547247920809,0.011479547247920809,7748,4068
11002,13004,2018,2019,-0.12495305202504116,-0.09680293741801123,0.02815011460702993,0.02815011460702993,2277,1718
11002,13005,2018,2019,0.012567984871761485,0.01814087933578805,0.005572894464026564,0.005572894464026564,1421,984
11002,14001,2018,2019,0.004955150274817899,-0.0038765485469941952,-0.008831698821812093,0.008831698821812093,11001,5717
11002,14002,2018,2019,0.019149511578655173,0.021959431241801178,0.0028099196631460044,0.0028099196631460044,780,379
11002,14003,2018,2019,0.009766712184663162,0.0139850226665473,0.004218310481884138,0.004218310481884138,5871,3231
11002,14004,2018,2019,-0.06637305079967706,-0.062178619274168054,0.00419443152550901,0.00419443152550901,1222,658
11002,14005,2018,2019,0.04618667680543077,0.049304711665664865,0.003118034860234098,0.003118034860234098,4213,2288
11002,14006,2018,2019,-0.0355226810761108,0.003385555578368086,0.03890823665447889,0.03890823665447889,1991,965
11002,14007,2018,2019,0.002971805307170784,-0.025904208183710017,-0.0288760134908808,0.0288760134908808,2131,1577
11002,15001,2018,2019,0.015563735296390675,0.0001953790777212463,-0.015368356218669428,0.015368356218669428,6953,4066
11002,15002,2018,2019,0.010761543997351446,0.0013011178720824612,-0.009460426125268985,0.009460426125268985,20264,12264
11002,15003,2018,2019,-0.008967345782759295,-0.0069060050792336845,0.00206134070352561,0.00206134070352561,2491,2484
11002,15004,2018,2019,0.02104216105670931,0.009832260234464112,-0.011209900822245199,0.011209900822245199,5834,3886
11002,15005,2018,2019,-0.024113772975985437,0.06442016944904864,0.08853394242503408,0.08853394242503408,360,357
11002,15006,2018,2019,-0.005864750190746525,-0.011049834680573807,-0.005185084489827282,0.005185084489827282,1794,1469
11002,15007,2018,2019,-0.026519872608844208,-0.044169597917038186,-0.01764972530819398,0.01764972530819398,62,61
11002,16001,2018,2019,-0.1374440962683441,-0.13007201971467072,0.00737207655367339,0.00737207655367339,327,174
11002,16002,2018,2019,0.03396897887796517,0.042490221516508594,0.008521242638543425,0.008521242638543425,3255,1571
11002,16003,2018,2019,-0.07820864892159327,-0.09586323075204985,-0.01765458183045658,0.01765458183045658,1820,853
11002,16004,2018,2019,-0.05467864567566904,-0.02892148461736525,0.02575716105830379,0.02575716105830379,1180,595
11003,11004,2018,2019,-0.12601980206093216,-0.1565299771976167,-0.030510175136684525,0.030510175136684525,704,376
11003,11005,2018,2019,-0.449573134940311,-0.39229731182635813,0.05727582311395285,0.05727582311395285,492,390
11003,11006,2018,2019,-0.0036915296906989423,0.010380186763136423,0.014071716453835367,0.014071716453835367,1293,873
11003,11007,2018,2019,-0.20812062266277653,-0.15760220684048656,0.05051841582228997,0.05051841582228997,14,14
11003,11008,2018,2019,-0.23017453677253322,-0.19650915682665335,0.03366537994587987,0.03366537994587987,256,234
11003,12001,2018,2019,0.0031124100725563046,0.0162150504503235,0.013102640377767195,0.013102640377767195,5956,3375
11003,12002,2018,2019,0.05942093827069067,0.05455445440109216,-0.004866483869598509,0.004866483869598509,1515,1035
11003,12003,2018,2019,0.04976704683089009,0.060269840759289595,0.010502793928399506,0.010502793928399506,9107,4895
11003,12004,2018,2019,0.12763338451574827,0.1076256474133838,-0.020007737102364462,0.020007737102364462,1463,839
11003,12005,2018,2019,-0.02367770349435191,-0.11473126263632225,-0.09105355914197033,0.09105355914197033,21,14
11003,13001,2018,2019,-0.1449840851140452,-0.15799372305470225,-0.013009637940657043,0.013009637940657043,4144,1955
11003,13002,2018,2019,0.19065928045743152,0.20838390011685376,0.017724619659422236,0.017724619659422236,6445,4249
11003,13003,2018,2019,0.1029652825940902,0.08782234478610634,-0.015142937807983856,0.015142937807983856,5885,2996
11003,13004,2018,2019,-0.17247843947507632,-0.18040443571700232,-0.007925996241925998,0.007925996241925998,1103,689
11003,13005,2018,2019,-0.044677285553035774,-0.0375350477624581,0.0071422377905776754,0.0071422377905776754,710,485
11003,14001,2018,2019,-0.023710966079586938,-0.02601127077692605,-0.002300304697339113,0.002300304697339113,6696,3406
11003,14002,2018,2019,-0.03162820076583269,-0.042594685590647004,-0.010966484824814313,0.010966484824814313,392,168
11003,14003,2018,2019,0.03771488089161593,0.053471035436404676,0.015756154544788743,0.015756154544788743,4205,2345
11003,14004,2018,2019,0.11928701706918513,0.11831166613736638,-0.000975350931818747,0.000975350931818747,1717,908
11003,14005,2018,2019,-0.09025467325588026,-0.09461726978757523,-0.004362596531694976,0.004362596531694976,1663,827
11003,14006,2018,2019,-0.07038086047554676,-0.06368932519109266,0.006691535284454098,0.006691535284454098,1093,443
11003,14007,2018,2019,0.06982709385243724,0.11137476390115619,0.041547670048718954,0.041547670048718954,1816,1643
11003,15001,2018,2019,-0.05801676877082753,-0.06143517301779773,-0.003418404246970201,0.003418404246970201,3622,2105
11003,15002,2018,2019,-0.030660761746371133,-0.02836838993302852,0.0022923718133426134,0.0022923718133426134,12266,7335
11003,15003,2018,2019,-0.03240493706117623,-0.05710580337567267,-0.024700866314496438,0.024700866314496438,1473,1298
11003,15004,2018,2019,0.042167080617458816,0.015035456514806507,-0.02713162410265231,0.02713162410265231,4110,2523
11003,15005,2018,2019,-0.042436276056732405,-0.09649109245356076,-0.054054816396828353,0.054054816396828353,208,87
11003,15006,2018,2019,-0.013235265232799297,-0.05220083911342489,-0.0389655738806256,0.0389655738806256,1134,776
11003,15007,2018,2019,0.01967326996764299,-0.021646571645206298,-0.04131984161284929,0.04131984161284929,57,45
11003,16001,2018,2019,-0.024700600801819055,-0.023404127885529875,0.0012964729162891798,0.0012964729162891798,407,207
11003,16002,2018,2019,0.02563999401452249,0.024616452666622442,-0.0010235413479000484,0.0010235413479000484,2096,948
11003,16003,2018,2019,0.17288998319642457,0.18792861924552637,0.0150386360491018,0.0150386360491018,2944,1606
11003,16004,2018,2019,-0.03075877606983151,-0.04705368387283157,-0.01629490780300006,0.01629490780300006,849,339
11004,11005,2018,2019,-0.2662514677797593,-0.2502178686322673,0.016033599147491973,0.016033599147491973,464,357
11004,11006,2018,2019,0.07753006909632951,0.08440146960998493,0.0068714005136554235,0.0068714005136554235,703,567
11004,11007,2018,2019,-0.07362050014037999,-0.04897467592198153,0.024645824218398463,0.024645824218398463,17,16
11004,11008,2018,2019,-0.13275177401344895,-0.14090882471022334,-0.008157050696774387,0.008157050696774387,156,135
11004,12001,2018,2019,-0.042696713079699834,-0.01886332133893032,0.023833391740769514,0.023833391740769514,1830,1375
11004,12002,2018,2019,0.022417876344124132,0.03402338554494968,0.011605509200825547,0.011605509200825547,489,449
11004,12003,2018,2019,0.05167358199714087,0.06407328317649262,0.012399701179351748,0.012399701179351748,3521,2372
11004,12004,2018,2019,0.17267309843076967,0.0935144295824331,-0.07915866884833657,0.07915866884833657,729,389
11004,12005,2018,2019,0.027408273704488353,-0.021306507240176596,-0.04871478094466495,0.04871478094466495,12,14
11004,13001,2018,2019,-0.08289639885238913,-0.08857728974735055,-0.005680890894961418,0.005680890894961418,1712,1077
11004,13002,2018,2019,-0.0581342060161467,-0.05247628391138846,0.0056579221047582395,0.0056579221047582395,1097,902
11004,13003,2018,2019,0.21177386964921038,0.24103761573746796,0.029263746088257575,0.029263746088257575,3293,2310
11004,13004,2018,2019,-0.13916451464594498,-0.1741528142505441,-0.03498829960459912,0.03498829960459912,408,277
11004,13005,2018,2019,-0.0890673048337351,-0.08992503486552789,-0.0008577300317927916,0.0008577300317927916,186,156
11004,14001,2018,2019,-0.02057665126444585,-0.008601025272605119,0.01197562599184073,0.01197562599184073,2423,1630
11004,14002,2018,2019,-0.05543553087583103,-0.0531832646777362,0.002252266198094828,0.002252266198094828,118,69
11004,14003,2018,2019,0.00921167244572334,0.023456812020371455,0.014245139574648114,0.014245139574648114,1425,995
11004,14004,2018,2019,-0.05230093544662634,-0.08085260621787574,-0.0285516707712494,0.0285516707712494,289,157
11004,14005,2018,2019,-0.028027555084794598,-0.04290065918868158,-0.01487310410388698,0.01487310410388698,766,461
11004,14006,2018,2019,0.015416657349435118,0.009704720742565684,-0.005711936606869434,0.005711936606869434,592,292
11004,14007,2018,2019,0.09534038824448687,0.10942801857799532,0.014087630333508447,0.014087630333508447,796,808
11004,15001,2018,2019,0.02116269237132214,0.0198404436288631,-0.0013222487424590403,0.0013222487424590403,1743,1278
11004,15002,2018,2019,0.02258239718229756,0.02011684425465922,-0.0024655529276383405,0.0024655529276383405,5107,3770
11004,15003,2018,2019,0.007534445036123579,-0.019537064523263963,-0.027071509559387544,0.027071509559387544,641,678
11004,15004,2018,2019,0.1257607528015663,0.13802079468317585,0.012260041881609562,0.012260041881609562,2124,1788
11004,15005,2018,2019,-0.059577752206931345,-0.12041142146891871,-0.06083366926198737,0.06083366926198737,64,30
11004,15006,2018,2019,-0.014579193382700806,-0.057983427606743236,-0.04340423422404243,0.04340423422404243,407,330
11004,15007,2018,2019,0.005972402278819004,-0.04978574220709127,-0.05575814448591027,0.05575814448591027,19,16
11004,16001,2018,2019,-0.19800955381972427,-0.18446534444204038,0.013544209377683886,0.013544209377683886,36,26
11004,16002,2018,2019,0.0914117534057452,0.09717656662754375,0.005764813221798545,0.005764813221798545,1050,612
11004,16003,2018,2019,0.030563596031261252,0.04292981535768252,0.012366219326421266,0.012366219326421266,690,460
11004,16004,2018,2019,-0.04719991473179373,-0.06759770460297079,-0.02039778987117706,0.02039778987117706,273,131
11005,11006,2018,2019,-0.16807957352896294,-0.15061709994589773,0.017462473583065213,0.017462473583065213,876,655
11005,11007,2018,2019,-0.2511686283013192,-0.1852161340942165,0.0659524942071027,0.0659524942071027,14,18
11005,11008,2018,2019,-0.26871635870193783,-0.2554095298124307,0.013306828889507127,0.013306828889507127,315,271
11005,12001,2018,2019,0.10179948268836247,0.11505513051813739,0.01325564782977491,0.01325564782977491,10744,6431
11005,12002,2018,2019,0.026463196733076597,0.06865717091797102,0.04219397418489443,0.04219397418489443,1920,1641
11005,12003,2018,2019,0.05230708044459913,0.05965756804686012,0.007350487602260994,0.007350487602260994,13127,7372
11005,12004,2018,2019,-0.14623852336585957,-0.14095741367441975,0.005281109691439828,0.005281109691439828,602,406
11005,12005,2018,2019,-0.06880480217201991,-0.12969755696965304,-0.060892754797633133,0.060892754797633133,21,20
11005,13001,2018,2019,0.045361441631554096,0.035094670702435715,-0.010266770929118381,0.010266770929118381,10490,5629
11005,13002,2018,2019,-0.01413238069093487,-0.03196687475628202,-0.01783449406534715,0.01783449406534715,5437,3461
11005,13003,2018,2019,-0.2795845820145769,-0.268197541144202,0.011387040870374898,0.011387040870374898,2300,1270
11005,13004,2018,2019,0.23444856991856589,0.19511578811406752,-0.03933278180449837,0.03933278180449837,6466,4024
11005,13005,2018,2019,0.08045112849316047,0.09305768176817178,0.012606553275011312,0.012606553275011312,1773,1283
11005,14001,2018,2019,0.046230898029637646,0.08722946849830791,0.04099857046867027,0.04099857046867027,11467,6847
11005,14002,2018,2019,0.06251283740815648,0.06430288435955431,0.001790046951397825,0.001790046951397825,909,456
11005,14003,2018,2019,-0.006477846417555896,0.008444560488019774,0.01492240690557567,0.01492240690557567,5365,3126
11005,14004,2018,2019,-0.027459328274676457,-0.0266435299454755,0.0008157983292009577,0.0008157983292009577,1388,762
11005,14005,2018,2019,0.026990109634000156,0.06610758622580934,0.03911747659180918,0.03911747659180918,3807,2370
11005,14006,2018,2019,-0.036028265835481625,-0.04506481200775405,-0.009036546172272425,0.009036546172272425,1897,769
11005,14007,2018,2019,-0.10493198332390012,-0.10631997695944356,-0.0013879936355434414,0.0013879936355434414,1286,1116
11005,15001,2018,2019,-0.025799979947904807,-0.05799164765287084,-0.03219166770496604,0.03219166770496604,5949,3383
11005,15002,2018,2019,-0.002697848831256331,-0.004956750641734187,-0.0022589018104778556,0.0022589018104778556,18982,11935
11005,15003,2018,2019,-0.0028872108593628156,-0.07852522383983998,-0.07563801298047716,0.07563801298047716,2435,1905
11005,15004,2018,2019,-0.1203913161406664,-0.14367560298717247,-0.023284286846506075,0.023284286846506075,3553,2336
11005,15005,2018,2019,-0.012645268957245239,-0.08297164678602768,-0.07032637782878244,0.07032637782878244,367,154
11005,15006,2018,2019,-0.04237229303927359,-0.10999167336346719,-0.0676193803241936,0.0676193803241936,1473,955
11005,15007,2018,2019,-0.029263352222336277,-0.06339910278284025,-0.03413575056050397,0.03413575056050397,58,52
11005,16001,2018,2019,0.13323749995127587,0.11872196798211687,-0.014515531969159001,0.014515531969159001,1212,627
11005,16002,2018,2019,-0.10687851642297476,-0.11428789678899683,-0.007409380366022067,0.007409380366022067,1825,810
11005,16003,2018,2019,-0.04767361993734362,-0.07365255622394555,-0.02597893628660193,0.02597893628660193,1970,927
11005,16004,2018,2019,0.09041845082615024,0.09277110179813382,0.0023526509719835748,0.0023526509719835748,2025,978
11006,11007,2018,2019,-0.03596708659217637,-0.04971440464462687,-0.013747318052450497,0.013747318052450497,24,16
11006,11008,2018,2019,-0.0961145754261734,-0.13777163202773712,-0.04165705660156373,0.04165705660156373,204,139
11006,12001,2018,2019,-0.020946472861568786,-0.016331807679112798,0.004614665182455988,0.004614665182455988,2014,1397
11006,12002,2018,2019,-0.018629285647554845,-0.002372186759628714,0.016257098887926133,0.016257098887926133,396,378
11006,12003,2018,2019,0.01298364335669474,0.0245015017542126,0.011517858397517861,0.011517858397517861,3133,2107
11006,12004,2018,2019,-0.0568808099994853,-0.094336813854011,-0.03745600385452571,0.03745600385452571,226,138
11006,12005,2018,2019,-0.005476554861434007,-0.07116413289541315,-0.06568757803397915,0.06568757803397915,9,9
11006,13001,2018,2019,0.07415491274902031,0.065112929410148,-0.009041983338872309,0.009041983338872309,3094,1932
11006,13002,2018,2019,-0.020708456478479995,-0.023904297218301476,-0.0031958407398214803,0.0031958407398214803,1311,1026
11006,13003,2018,2019,-0.056193502013341216,-0.015323819955456494,0.04086968205788472,0.04086968205788472,1287,998
11006,13004,2018,2019,-0.06241068280921442,-0.09209714150738117,-0.029686458698166752,0.029686458698166752,642,453
11006,13005,2018,2019,0.02872727586019139,0.03715493319891195,0.00842765733872056,0.00842765733872056,382,325
11006,14001,2018,2019,-0.005648826891714947,0.025505782945048513,0.03115460983676346,0.03115460983676346,2581,1848
11006,14002,2018,2019,0.012389227572769671,-0.002284830953653715,-0.014674058526423386,0.014674058526423386,186,98
11006,14003,2018,2019,0.040214670286245015,0.03437115582181577,-0.005843514464429246,0.005843514464429246,1627,1045
11006,14004,2018,2019,-0.04814263554375502,-0.03867495805355751,0.009467677490197515,0.009467677490197515,299,205
11006,14005,2018,2019,0.01858957693066587,0.020080381350956127,0.0014908044202902558,0.0014908044202902558,962,626
11006,14006,2018,2019,-0.05918624123756023,-0.0703202442805985,-0.011134003043038278,0.011134003043038278,400,186
11006,14007,2018,2019,-0.03932896005642897,0.01381977074964453,0.0531487308060735,0.0531487308060735,412,542
11006,15001,2018,2019,0.016994685743866943,0.01283424417032641,-0.004160441573540532,0.004160441573540532,1729,1252
11006,15002,2018,2019,-0.018979683498620715,-0.017534026033504194,0.0014456574651165212,0.0014456574651165212,4555,3413
11006,15003,2018,2019,-0.03151936940327279,-0.062114171681122085,-0.030594802277849296,0.030594802277849296,529,557
11006,15004,2018,2019,-0.03705219779170634,-0.05215520081278146,-0.015103003021075118,0.015103003021075118,1131,891
11006,15005,2018,2019,-0.03449422356392347,-0.06597211752026885,-0.031477893956345385,0.031477893956345385,78,47
11006,15006,2018,2019,0.009439138720653094,-0.0613585044204315,-0.0707976431410846,0.0707976431410846,467,326
11006,15007,2018,2019,-0.04658560432197854,-0.10188031625673002,-0.05529471193475149,0.05529471193475149,12,10
11006,16001,2018,2019,-0.07273135913851854,-0.08428349448879412,-0.011552135350275577,0.011552135350275577,105,61
11006,16002,2018,2019,-0.03523045378551987,-0.0034134714106227263,0.03181698237489715,0.03181698237489715,588,388
11006,16003,2018,2019,-0.0741047261719324,-0.04738410504018965,0.02672062113174274,0.02672062113174274,400,292
11006,16004,2018,2019,-0.014025474304329865,0.004980121860223303,0.01900559616455317,0.01900559616455317,335,205
11007,11008,2018,2019,-0.11935695909240962,-0.10288938903978763,0.01646757005262199,0.01646757005262199,8,8
11007,12001,2018,2019,-0.08611455914475252,-0.039833263697065927,0.046281295447686596,0.046281295447686596,79,71
11007,12002,2018,2019,-0.01877962959242673,0.029889776642738147,0.04866940623516487,0.04866940623516487,25,30
11007,12003,2018,2019,0.0577285160010326,0.056510280369563216,-0.0012182356314693818,0.0012182356314693818,279,169
11007,12004,2018,2019,0.09550114082944185,0.05201594851388058,-0.043485192315561264,0.043485192315561264,44,23
11007,13001,2018,2019,-0.024882781276849696,-0.028534980313301813,-0.0036521990364521174,0.0036521990364521174,136,80
11007,13002,2018,2019,0.01712427231317664,-0.007832731520259716,-0.024957003833436357,0.024957003833436357,107,67
11007,13003,2018,2019,0.034001881937667,0.05038329768563588,0.016381415747968885,0.016381415747968885,136,92
11007,13004,2018,2019,-0.015224615413097633,0.001984573104106716,0.01720918851720435,0.01720918851720435,52,45
11007,13005,2018,2019,-0.003957327437769386,-0.021388273111399653,-0.017430945673630266,0.017430945673630266,21,14
11007,14001,2018,2019,-0.021203569808143464,-0.011828409578880716,0.009375160229262748,0.009375160229262748,153,98
11007,14002,2018,2019,-0.004537381858827776,-0.00383227852789014,0.0007051033309376361,0.0007051033309376361,11,6
11007,14003,2018,2019,0.02923901665264971,0.01966594935390046,-0.009573067298749252,0.009573067298749252,112,65
11007,14004,2018,2019,0.01670532364298472,0.0148968914065274,-0.0018084322364573194,0.0018084322364573194,30,18
11007,14005,2018,2019,-0.008997725639331638,0.008463811603571894,0.01746153724290353,0.01746153724290353,55,38
11007,14006,2018,2019,-0.00982251280380423,-0.010471385493386078,-0.0006488726895818482,0.0006488726895818482,34,16
11007,14007,2018,2019,0.017908977692148716,0.009187718983685148,-0.008721258708463568,0.008721258708463568,39,34
11007,15001,2018,2019,0.0033734702101012367,0.008920096506152192,0.005546626296050955,0.005546626296050955,110,79
11007,15002,2018,2019,-0.0005395276886802088,-0.009983735470132503,-0.009444207781452295,0.009444207781452295,320,212
11007,15003,2018,2019,0.004836043407766698,-0.07070738409678608,-0.07554342750455277,0.07554342750455277,43,27
11007,15004,2018,2019,0.038918701699163664,0.00975786063995336,-0.029160841059210303,0.029160841059210303,115,74
11007,15006,2018,2019,0.035626190531677954,-0.0252276072577368,-0.06085379778941476,0.06085379778941476,39,23
11007,16001,2018,2019,0.030966273545577516,0.018082944203720492,-0.012883329341857024,0.012883329341857024,15,8
11007,16002,2018,2019,0.056072798965296856,0.034563838596068416,-0.02150896036922844,0.02150896036922844,70,32
11007,16003,2018,2019,-0.009509998707206318,0.027706475612955205,0.03721647432016152,0.03721647432016152,37,29
11007,16004,2018,2019,-0.02220055843539794,0.03812037579322815,0.06032093422862608,0.06032093422862608,20,17
11008,12001,2018,2019,0.02380070191195162,0.032143258580736064,0.008342556668784445,0.008342556668784445,1814,1393
11008,12002,2018,2019,0.0022329860668340467,-0.014168270000843348,-0.016401256067677394,0.016401256067677394,336,295
11008,12003,2018,2019,0.028716163487400574,0.022955694922535606,-0.0057604685648649685,0.0057604685648649685,2517,1750
11008,12004,2018,2019,0.020814777053796273,0.05260918081789381,0.031794403764097534,0.031794403764097534,272,270
11008,12005,2018,2019,-0.0024635300972510182,-0.07654538069153106,-0.07408185059428005,0.07408185059428005,7,7
11008,13001,2018,2019,-0.05834963785083012,-0.050039149725603055,0.008310488125227063,0.008310488125227063,1426,1050
11008,13002,2018,2019,0.10888632186593286,0.08836319794753461,-0.02052312391839825,0.02052312391839825,1678,1316
11008,13003,2018,2019,-0.07590798960756924,-0.07626573910337735,-0.00035774949580810733,0.00035774949580810733,869,624
11008,13004,2018,2019,0.036806805448927005,0.030032359642204142,-0.006774445806722863,0.006774445806722863,790,675
11008,13005,2018,2019,0.037533007660763826,0.03433080898997898,-0.0032021986707848477,0.0032021986707848477,306,268
11008,14001,2018,2019,-0.008484214916282587,-0.018367814950727514,-0.009883600034444927,0.009883600034444927,1929,1311
11008,14002,2018,2019,-0.027833084471605894,-0.0267456949367493,0.0010873895348565941,0.0010873895348565941,108,69
11008,14003,2018,2019,-0.007430686823219826,-0.017352772718086117,-0.009922085894866291,0.009922085894866291,1012,700
11008,14004,2018,2019,0.07845554640930501,0.033708593667327764,-0.04474695274197724,0.04474695274197724,453,255
11008,14005,2018,2019,-0.05065480498766884,-0.050174219859704806,0.00048058512796403385,0.00048058512796403385,514,368
11008,14006,2018,2019,-0.013576026550496513,-0.019269123611214366,-0.005693097060717854,0.005693097060717854,388,208
11008,14007,2018,2019,0.027536106519770908,0.010256269495805062,-0.017279837023965846,0.017279837023965846,447,444
11008,15001,2018,2019,-0.05079382237996799,-0.021316626141238994,0.029477196238728996,0.029477196238728996,970,906
11008,15002,2018,2019,-0.004047041503753477,-0.002919760098595663,0.001127281405157814,0.001127281405157814,3603,2957
11008,15003,2018,2019,0.028665331692046596,0.043004453533553054,0.014339121841506458,0.014339121841506458,546,747
11008,15004,2018,2019,-0.01839910125265029,-0.0113581715135526,0.007040929739097691,0.007040929739097691,926,879
11008,15005,2018,2019,0.017173056339228176,0.01224461433628702,-0.004928442002941156,0.004928442002941156,85,68
11008,15006,2018,2019,-0.02389896902217778,0.04960965738171824,0.07350862640389602,0.07350862640389602,293,474
11008,15007,2018,2019,0.024363226858624798,0.11523513691567017,0.09087191005704537,0.09087191005704537,17,46
11008,16001,2018,2019,0.10950069866098006,0.08675220658684887,-0.022748492074131182,0.022748492074131182,249,152
11008,16002,2018,2019,-0.0399939796509168,-0.0532092971027079,-0.013215317451791102,0.013215317451791102,429,245
11008,16003,2018,2019,0.06145783296291096,0.04101228421195859,-0.02044554875095237,0.02044554875095237,617,384
11008,16004,2018,2019,0.04307903505597673,0.02006752132093883,-0.023011513735037903,0.023011513735037903,349,186
12001,12002,2018,2019,-0.42439794467613295,-0.4169021414911836,0.007495803184949357,0.007495803184949357,115,105
12001,12003,2018,2019,-0.5844165217486114,-0.576735606618559,0.007680915130052313,0.007680915130052313,892,445
12001,12004,2018,2019,-0.3656874532003996,-0.37925456047948547,-0.013567107279085888,0.013567107279085888,129,75
12001,13001,2018,2019,0.04487579408949398,0.03214321540390202,-0.01273257868559196,0.01273257868559196,11854,6402
12001,13002,2018,2019,-0.04556987194129192,-0.03211002605741041,0.013459845883881508,0.013459845883881508,5667,3997
12001,13003,2018,2019,-0.08234863957015671,-0.07131329556667486,0.011035344003481856,0.011035344003481856,5861,3336
12001,13004,2018,2019,0.11313034615032988,0.09660069368845628,-0.0165296524618736,0.0165296524618736,5429,3589
12001,13005,2018,2019,-0.0401334854628071,-0.041085800623228134,-0.0009523151604210328,0.0009523151604210328,1233,868
12001,14001,2018,2019,0.034226090484044354,0.036075202890372825,0.0018491124063284708,0.0018491124063284708,12676,7043
12001,14002,2018,2019,0.010574433759624384,0.0069510254813280594,-0.003623408278296324,0.003623408278296324,814,397
12001,14003,2018,2019,-0.03355527161375369,-0.01762967523019716,0.01592559638355653,0.01592559638355653,5659,3333
12001,14004,2018,2019,-0.046939178175717376,-0.047266295563066225,-0.0003271173873488492,0.0003271173873488492,1458,803
12001,14005,2018,2019,0.05371011455518985,0.06700056063180398,0.013290446076614136,0.013290446076614136,4665,2709
12001,14006,2018,2019,-0.04511305355369137,-0.03277917644702983,0.01233387710666154,0.01233387710666154,2092,939
12001,14007,2018,2019,-0.03576580031047982,-0.0264465908463802,0.009319209464099622,0.009319209464099622,1998,1785
12001,15001,2018,2019,0.007330667896511585,-0.013990996234709155,-0.02132166413122074,0.02132166413122074,7400,4430
12001,15002,2018,2019,0.021746609618849493,0.015641280569894934,-0.006105329048954559,0.006105329048954559,22366,14149
12001,15003,2018,2019,-0.0024490728670527296,-0.04479435527935652,-0.042345282412303786,0.042345282412303786,2775,2490
12001,15004,2018,2019,-0.05465669331643516,-0.05308849070965086,0.001568202606784301,0.001568202606784301,5109,3690
12001,15005,2018,2019,0.002623868962622505,0.027078626961737344,0.02445475799911484,0.02445475799911484,454,334
12001,15006,2018,2019,0.015666192132848176,-0.013358746225519864,-0.02902493835836804,0.02902493835836804,2119,1649
12001,15007,2018,2019,-0.008648470168502434,-0.03294787293437966,-0.024299402765877227,0.024299402765877227,77,75
12001,16001,2018,2019,-0.0556857669428285,-0.04869588997361629,0.0069898769692122095,0.0069898769692122095,583,326
12001,16002,2018,2019,-0.06953952794234924,-0.07493276121429587,-0.005393233271946629,0.005393233271946629,2454,1131
12001,16003,2018,2019,-0.05628768332354287,-0.04475085349520294,0.01153682982833993,0.01153682982833993,2180,1217
12001,16004,2018,2019,0.04824227351340564,0.05183563302241979,0.0035933595090141476,0.0035933595090141476,1963,952
12002,12003,2018,2019,-0.38211898029485675,-0.40498452673412244,-0.022865546439265694,0.022865546439265694,304,187
12002,12004,2018,2019,-0.32855917694708964,-0.33611377340875487,-0.007554596461665231,0.007554596461665231,17,15
12002,13001,2018,2019,-0.041120076596970624,-0.039264472274831236,0.0018556043221393884,0.0018556043221393884,1848,1322
12002,13002,2018,2019,0.0331025544998512,0.051371845748398814,0.018269291248547613,0.018269291248547613,1483,1363
12002,13003,2018,2019,0.0379635613743887,0.010201211703085867,-0.02776234967130283,0.02776234967130283,1720,1099
12002,13004,2018,2019,0.019153215771708493,0.014799658634580505,-0.004353557137127989,0.004353557137127989,865,752
12002,13005,2018,2019,-0.012445130293440678,-0.01422528855822655,-0.0017801582647858707,0.0017801582647858707,274,246
12002,14001,2018,2019,0.011866962248920048,0.03324453087362238,0.02137756862470233,0.02137756862470233,2483,1884
12002,14002,2018,2019,0.009335262204852127,0.01417502013965363,0.004839757934801504,0.004839757934801504,165,108
12002,14003,2018,2019,0.031608543157416194,0.02617190054163867,-0.005436642615777525,0.005436642615777525,1425,1005
12002,14004,2018,2019,-0.033793125211984826,-0.03995051238500613,-0.006157387173021306,0.006157387173021306,293,202
12002,14005,2018,2019,0.00026423342303387166,0.008110774771983987,0.007846541348950116,0.007846541348950116,799,589
12002,14006,2018,2019,-0.05125018135773064,-0.03811069562011603,0.013139485737614615,0.013139485737614615,376,224
12002,14007,2018,2019,0.03973988896006256,0.05181074884597449,0.01207085988591193,0.01207085988591193,564,638
12002,15001,2018,2019,-0.012237219145789627,-0.05745138127547648,-0.04521416212968685,0.04521416212968685,1386,932
12002,15002,2018,2019,0.004202029943018112,-0.000455843780250597,-0.004657873723268709,0.004657873723268709,4412,3559
12002,15003,2018,2019,-0.028124934587311565,-0.08455961064217912,-0.05643467605486756,0.05643467605486756,485,493
12002,15004,2018,2019,0.006898447231663205,-0.0313910209461217,-0.038289468177784905,0.038289468177784905,1239,968
12002,15005,2018,2019,-0.01833624641109999,-0.07355871812423292,-0.05522247171313294,0.05522247171313294,79,44
12002,15006,2018,2019,0.009376459717112795,-0.07421901295462643,-0.08359547267173922,0.08359547267173922,422,301
12002,15007,2018,2019,0.02316443283712573,-0.08181900732044585,-0.10498344015757158,0.10498344015757158,20,12
12002,16001,2018,2019,-0.00033345663138792,-0.03683999916901312,-0.036506542537625204,0.036506542537625204,155,85
12002,16002,2018,2019,0.02151781432583203,-0.012954008542150867,-0.0344718228679829,0.0344718228679829,705,367
12002,16003,2018,2019,0.005019133709268216,-0.00751226332451951,-0.012531397033787726,0.012531397033787726,555,359
12002,16004,2018,2019,0.01506614315814224,0.024625116269487175,0.009558973111344935,0.009558973111344935,356,227
12003,12004,2018,2019,-0.3816057709581382,-0.41371826612405876,-0.032112495165920574,0.032112495165920574,182,80
12003,13001,2018,2019,-0.0009045124912530196,0.01969351983256182,0.020598032323814842,0.020598032323814842,14823,8102
12003,13002,2018,2019,0.07164566919102468,0.05156649343492756,-0.02007917575609712,0.02007917575609712,10350,6392
12003,13003,2018,2019,-0.0034207299691814777,-0.001466213224061701,0.0019545167451197765,0.0019545167451197765,10033,5336
12003,13004,2018,2019,-0.09233448603527367,-0.1225691880439649,-0.03023470200869123,0.03023470200869123,4050,2416
12003,13005,2018,2019,0.06806357542815723,0.08300613690803575,0.014942561479878519,0.014942561479878519,2572,1804
12003,14001,2018,2019,-0.010059700027578633,0.013249475841313934,0.023309175868892567,0.023309175868892567,15981,8744
12003,14002,2018,2019,0.025758885843808296,0.027296065953900307,0.001537180110092011,0.001537180110092011,1190,569
12003,14003,2018,2019,0.04603829387987302,0.05766807697521584,0.011629783095342815,0.011629783095342815,9486,5271
12003,14004,2018,2019,0.037723833936060394,0.04155087977520568,0.003827045839145289,0.003827045839145289,2779,1499
12003,14005,2018,2019,-0.028031024228285416,-0.01659040461901492,0.011440619609270498,0.011440619609270498,5029,2736
12003,14006,2018,2019,-0.0360469250053538,-0.017594830416728505,0.018452094588625297,0.018452094588625297,3014,1315
12003,14007,2018,2019,0.0149553573692464,0.007797021116718951,-0.007158336252527449,0.007158336252527449,3310,2623
12003,15001,2018,2019,-0.05006975365948214,-0.05641911397943208,-0.00634936031994994,0.00634936031994994,8872,5236
12003,15002,2018,2019,-0.025371934632173375,-0.03469657741491945,-0.009324642782746077,0.009324642782746077,28920,17328
12003,15003,2018,2019,-0.0028833358547816126,-0.03661081679891978,-0.03372748094413817,0.03372748094413817,3810,3378
12003,15004,2018,2019,0.01909039385721699,-0.01147353080025336,-0.030563924657470348,0.030563924657470348,8607,5439
12003,15005,2018,2019,-0.04783789277960278,-0.0845017060002594,-0.03666381322065662,0.03666381322065662,478,238
12003,15006,2018,2019,-0.06531405161914731,-0.09727012186838205,-0.03195607024923473,0.03195607024923473,2145,1590
12003,15007,2018,2019,-0.029051216413260757,0.0011168404363350645,0.030168056849595823,0.030168056849595823,92,123
12003,16001,2018,2019,0.07066791569502065,0.07360071242009314,0.0029327967250724896,0.0029327967250724896,1427,757
12003,16002,2018,2019,0.017383880207810107,0.0266877667058737,0.009303886498063595,0.009303886498063595,4574,2173
12003,16003,2018,2019,0.06494349172626675,0.04441476463572788,-0.020528727090538865,0.020528727090538865,4503,2192
12003,16004,2018,2019,-0.016894248789480197,-0.028270433856815023,-0.011376185067334826,0.011376185067334826,2100,892
12004,13001,2018,2019,-0.22763276264732224,-0.19075430952066577,0.03687845312665647,0.03687845312665647,474,373
12004,13002,2018,2019,0.08296512157164919,0.06997331969076805,-0.012991801880881143,0.012991801880881143,1335,958
12004,13003,2018,2019,0.13665606078141723,0.0833633195039503,-0.05329274127746693,0.05329274127746693,1835,952
12004,13004,2018,2019,0.013682184067006059,0.05570924491143475,0.04202706084442869,0.04202706084442869,615,583
12004,13005,2018,2019,-0.07576141955526809,-0.06653127286239055,0.009230146692877542,0.009230146692877542,130,112
12004,14001,2018,2019,-0.04374816064357838,-0.07294894596566195,-0.029200785322083575,0.029200785322083575,1439,783
12004,14002,2018,2019,-0.06835265491966362,-0.05008427806107051,0.01826837685859311,0.01826837685859311,69,44
12004,14003,2018,2019,-0.0037314352380577796,-0.07062643575779019,-0.06689500051973242,0.06689500051973242,891,406
12004,14004,2018,2019,0.1615928257637709,0.13629147746852424,-0.025301348295246662,0.025301348295246662,586,329
12004,14005,2018,2019,-0.11680511404880037,-0.14855175445354085,-0.031746640404740484,0.031746640404740484,296,149
12004,14006,2018,2019,-0.02123360757632775,-0.0245569486652136,-0.0033233410888858506,0.0033233410888858506,321,153
12004,14007,2018,2019,0.0376409424453005,0.008533175540365852,-0.029107766904934648,0.029107766904934648,410,337
12004,15001,2018,2019,-0.04667111104707625,0.04970593299903927,0.09637704404611552,0.09637704404611552,851,930
12004,15002,2018,2019,-0.03711905068612551,-0.011110347004547308,0.026008703681578205,0.026008703681578205,2776,2196
12004,15003,2018,2019,-0.027561453392375115,0.08423906674771096,0.11180052014008608,0.11180052014008608,350,688
12004,15004,2018,2019,0.04312987065306011,0.0696742374138315,0.02654436676077139,0.02654436676077139,1059,940
12004,15005,2018,2019,0.01754008800181467,0.07995520894154838,0.06241512093973371,0.06241512093973371,74,81
12004,15006,2018,2019,0.014903803027502955,0.12335935007690461,0.10845554704940166,0.10845554704940166,317,512
12004,15007,2018,2019,0.08988465760032484,0.11051156480253281,0.020626907202207972,0.020626907202207972,25,35
12004,16001,2018,2019,-0.02342024221148556,-0.02060176036307976,0.002818481848405798,0.002818481848405798,96,60
12004,16002,2018,2019,0.08105857591137342,0.06030863505071394,-0.020749940860659476,0.020749940860659476,686,342
12004,16003,2018,2019,0.10493349978816695,0.08066491623948042,-0.024268583548686523,0.024268583548686523,660,360
12004,16004,2018,2019,-0.03779629891929016,-0.04923620788653613,-0.011439908967245976,0.011439908967245976,188,92
12005,13001,2018,2019,-0.03362769406344477,-0.03449863717975303,-0.0008709431163082607,0.0008709431163082607,36,53
12005,13002,2018,2019,0.013040387884118336,-0.03564570954026521,-0.04868609742438355,0.04868609742438355,31,38
12005,13003,2018,2019,0.022330483558352248,0.06315467087285989,0.04082418731450764,0.04082418731450764,38,71
12005,13004,2018,2019,-0.04866221966656786,0.020141919750162444,0.0688041394167303,0.0688041394167303,11,36
12005,13005,2018,2019,0.03752660983390533,-0.042653985269134234,-0.08018059510303957,0.08018059510303957,9,8
12005,14001,2018,2019,-0.0035806271476522596,-0.08403880818274223,-0.08045818103508998,0.08045818103508998,50,40
12005,14003,2018,2019,-0.035395756452512424,-0.08023370356289583,-0.04483794711038341,0.04483794711038341,20,21
12005,14004,2018,2019,0.017059740938929792,0.05167811720505633,0.03461837626612654,0.03461837626612654,9,17
12005,14005,2018,2019,-0.0015840791408092243,-0.06921555929918265,-0.06763148015837342,0.06763148015837342,17,14
12005,14006,2018,2019,0.03794466936825064,-0.0018388826264086422,-0.03978355199465928,0.03978355199465928,15,12
12005,14007,2018,2019,0.0548797727215655,-0.07226109386207545,-0.12714086658364096,0.12714086658364096,16,12
12005,15001,2018,2019,0.04667547890610764,0.07487308454783807,0.028197605641730433,0.028197605641730433,45,85
12005,15002,2018,2019,0.019035121908570794,0.019880912580532175,0.0008457906719613814,0.0008457906719613814,107,176
12005,15003,2018,2019,0.09306080763979241,0.1527903236042279,0.05972951596443549,0.05972951596443549,26,88
12005,15004,2018,2019,0.062405519012329276,0.1027455183693113,0.04033999935698202,0.04033999935698202,42,94
12005,15006,2018,2019,0.03637609597473488,0.11908092453869468,0.0827048285639598,0.0827048285639598,12,46
12005,16001,2018,2019,0.1195430051622983,0.05826211585594208,-0.061280889306356216,0.061280889306356216,10,8
12005,16002,2018,2019,0.09744255335684644,0.012047704634018221,-0.08539484872282822,0.08539484872282822,30,19
12005,16003,2018,2019,0.05725864430166747,-0.010849043341174406,-0.06810768764284188,0.06810768764284188,19,15
12005,16004,2018,2019,-0.01700597176497124,-0.04046728709035158,-0.023461315325380337,0.023461315325380337,6,6
13001,13002,2018,2019,-0.5060537694459981,-0.5401610128049943,-0.034107243358996175,0.034107243358996175,508,221
13001,13003,2018,2019,-0.56731340677393,-0.5448615873748569,0.022451819399073147,0.022451819399073147,331,182
13001,13004,2018,2019,-0.46475968049452976,-0.5015374970651431,-0.0367778165706133,0.0367778165706133,303,134
13001,13005,2018,2019,-0.3770743487020001,-0.4088419393330288,-0.03176759063102874,0.03176759063102874,139,67
13001,14001,2018,2019,0.04271249666359542,0.04914306427664265,0.006430567613047236,0.006430567613047236,14136,7513
13001,14002,2018,2019,0.06251833667131634,0.06728458417153008,0.004766247500213733,0.004766247500213733,1124,547
13001,14003,2018,2019,-0.02886431126800524,-0.030878740788147268,-0.0020144295201420283,0.0020144295201420283,6337,3339
13001,14004,2018,2019,-0.20316078236721397,-0.19542401485436625,0.007736767512847714,0.007736767512847714,729,382
13001,14005,2018,2019,0.10051867776181297,0.125331014428707,0.02481233666689403,0.02481233666689403,5785,3294
13001,14006,2018,2019,0.06543821366202841,0.06647355485359481,0.0010353411915663968,0.0010353411915663968,3396,1434
13001,14007,2018,2019,-0.1405719167976093,-0.16572432496082598,-0.025152408163216677,0.025152408163216677,1400,1043
13001,15001,2018,2019,0.09751043709231437,0.05928378834909039,-0.03822664874322398,0.03822664874322398,9950,5505
13001,15002,2018,2019,0.03245047057881779,0.019947411499672288,-0.0125030590791455,0.0125030590791455,24929,14803
13001,15003,2018,2019,0.031197064913649025,-0.0015750040994192984,-0.032772069013068325,0.032772069013068325,3418,2973
13001,15004,2018,2019,-0.0413401146245767,-0.060015320306402706,-0.018675205681826006,0.018675205681826006,5884,3772
13001,15005,2018,2019,0.009456698596112202,0.0644822657509585,0.0550255671548463,0.0550255671548463,518,416
13001,15006,2018,2019,0.011893818991770727,-0.011265306221972386,-0.023159125213743113,0.023159125213743113,2299,1730
13001,15007,2018,2019,-0.045083824677773464,-0.013635430602668785,0.03144839407510468,0.03144839407510468,65,89
13001,16001,2018,2019,-0.19017248794815636,-0.17609530889516298,0.014077179052993383,0.014077179052993383,283,153
13001,16002,2018,2019,-0.10217675264406291,-0.09637866735153762,0.00579808529252529,0.00579808529252529,2395,1076
13001,16003,2018,2019,-0.17520806920677634,-0.20248379618885393,-0.027275726982077586,0.027275726982077586,1427,593
13001,16004,2018,2019,-0.013913730501638874,-0.0066318364893855454,0.007281894012253328,0.007281894012253328,1698,777
13002,13003,2018,2019,-0.4862131697425676,-0.5083861889756836,-0.02217301923311593,0.02217301923311593,294,148
13002,13004,2018,2019,-0.40086729054393944,-0.4865996103084878,-0.08573231976454837,0.08573231976454837,235,87
13002,13005,2018,2019,-0.32742035020252563,-0.3791626421816413,-0.05174229197911567,0.05174229197911567,104,56
13002,14001,2018,2019,-0.05186052443163695,-0.0479228113878702,0.0039377130437667565,0.0039377130437667565,6783,4381
13002,14002,2018,2019,-0.04874347944662478,-0.029716543587851543,0.019026935858773235,0.019026935858773235,389,248
13002,14003,2018,2019,0.04345822958236297,0.05559228685985476,0.01213405727749179,0.01213405727749179,4646,3143
13002,14004,2018,2019,0.2934981595739113,0.2682080916335332,-0.02529006794037808,0.02529006794037808,3142,1889
13002,14005,2018,2019,-0.1742697550346733,-0.15717105674242515,0.017098698292248138,0.017098698292248138,1226,862
13002,14006,2018,2019,-0.08109391994418555,-0.10062913383010573,-0.01953521388592018,0.01953521388592018,1140,507
13002,14007,2018,2019,0.06436786439041277,0.09843355691564036,0.03406569252522759,0.03406569252522759,1930,2074
13002,15001,2018,2019,-0.13232710341198398,-0.10647564901369226,0.025851454398291715,0.025851454398291715,3030,2495
13002,15002,2018,2019,-0.07617806646824585,-0.06010070076386603,0.016077365704379815,0.016077365704379815,12188,9428
13002,15003,2018,2019,-0.0364808565638403,-0.06188472972185025,-0.025403873158009953,0.025403873158009953,1583,1757
13002,15004,2018,2019,-0.0879857037707929,-0.07836025092550535,0.009625452845287555,0.009625452845287555,2895,2543
13002,15005,2018,2019,-0.02857611420699414,-0.08775436470103144,-0.0591782504940373,0.0591782504940373,248,129
13002,15006,2018,2019,0.004023094354321418,-0.02129793493155451,-0.02532102928587593,0.02532102928587593,1333,1212
13002,15007,2018,2019,0.000692997215774051,0.013892517006873375,0.013199519791099325,0.013199519791099325,54,78
13002,16001,2018,2019,0.21149589976492997,0.17945482032396523,-0.03204107944096474,0.03204107944096474,1260,708
13002,16002,2018,2019,-0.07075147435429838,-0.07237937770313979,-0.001627903348841414,0.001627903348841414,1552,852
13002,16003,2018,2019,0.25100415541775845,0.26635452572831775,0.015350370310559303,0.015350370310559303,3913,2550
13002,16004,2018,2019,-0.022030444799616165,-0.030399044662835172,-0.008368599863219008,0.008368599863219008,967,506
13003,13004,2018,2019,-0.5564483162290353,-0.54657641771658,0.00987189851245529,0.00987189851245529,39,32
13003,13005,2018,2019,-0.4122031427101774,-0.4246020188812719,-0.01239887617109453,0.01239887617109453,49,29
13003,14001,2018,2019,-0.029181623755298692,-0.05335685367631155,-0.02417522992101286,0.02417522992101286,8276,4042
13003,14002,2018,2019,-0.0977932120056576,-0.0771144876822685,0.020678724323389103,0.020678724323389103,335,175
13003,14003,2018,2019,0.04473343192763906,0.05017144543754148,0.005438013509902417,0.005438013509902417,5300,2918
13003,14004,2018,2019,-0.15193134077868037,-0.14097227801392617,0.010959062764754196,0.010959062764754196,621,340
13003,14005,2018,2019,0.0035361452569369505,-0.04406035954452155,-0.0475965048014585,0.0475965048014585,3016,1333
13003,14006,2018,2019,0.009382346746961312,0.01999619288085683,0.01061384613389552,0.01061384613389552,1931,838
13003,14007,2018,2019,0.16237261194360597,0.18010285115591224,0.017730239212306265,0.017730239212306265,3002,2482
13003,15001,2018,2019,0.008797407807654522,0.032313879548238424,0.023516471740583904,0.023516471740583904,5585,3598
13003,15002,2018,2019,0.05325795249512014,0.03701665443637983,-0.016241298058740306,0.016241298058740306,17763,10551
13003,15003,2018,2019,-0.019890067995703344,-0.010092895609870037,0.009797172385833306,0.009797172385833306,1944,1984
13003,15004,2018,2019,0.2053058572040689,0.21055364346508326,0.005247786261014353,0.005247786261014353,7524,5125
13003,15005,2018,2019,-0.05835715968989645,-0.07416156633544674,-0.015804406645550287,0.015804406645550287,237,132
13003,15006,2018,2019,0.0008088821976656369,-0.0074628620730328304,-0.008271744270698468,0.008271744270698468,1503,1202
13003,15007,2018,2019,0.02806640222502837,-0.05802702336504431,-0.08609342559007269,0.08609342559007269,75,44
13003,16001,2018,2019,-0.2912644417182004,-0.30354466623643206,-0.012280224518231686,0.012280224518231686,72,30
13003,16002,2018,2019,0.20203325114239815,0.21242504381395744,0.010391792671559291,0.010391792671559291,4391,2194
13003,16003,2018,2019,-0.018247254617728265,-0.021218128095796703,-0.002970873478068438,0.002970873478068438,1881,949
13003,16004,2018,2019,-0.09495115772313505,-0.1145047726748462,-0.01955361495171115,0.01955361495171115,776,300
13004,13005,2018,2019,-0.3275371096392359,-0.3608683418606589,-0.033331232221423035,0.033331232221423035,50,33
13004,14001,2018,2019,0.051399862829074106,0.05589477676657301,0.004494913937498901,0.004494913937498901,5495,3643
13004,14002,2018,2019,0.07127236064879505,0.014479866299383354,-0.0567924943494117,0.0567924943494117,454,199
13004,14003,2018,2019,-0.06885484749318033,-0.09466119380506885,-0.025806346311888523,0.025806346311888523,1909,1154
13004,14004,2018,2019,0.011053402367460559,-0.038742048704288365,-0.049795451071748924,0.049795451071748924,750,387
13004,14005,2018,2019,0.012468560546775302,0.03113059970665337,0.018662039159878067,0.018662039159878067,1676,1189
13004,14006,2018,2019,-0.00742393337306646,0.01164668000887709,0.01907061338194355,0.01907061338194355,963,543
13004,14007,2018,2019,-0.12490083603657134,-0.15425251937905982,-0.02935168334248847,0.02935168334248847,476,439
13004,15001,2018,2019,-0.011797393108311635,0.011727692223814382,0.023525085332126015,0.023525085332126015,2797,2281
13004,15002,2018,2019,-0.014238882105648686,0.00882057376215497,0.023059455867803655,0.023059455867803655,8409,6740
13004,15003,2018,2019,-0.010873057820275218,0.05544893065732024,0.06632198847759546,0.06632198847759546,1070,1672
13004,15004,2018,2019,-0.09035280615540094,-0.054658350664530155,0.03569445549087078,0.03569445549087078,1671,1682
13004,15005,2018,2019,0.08233442346322972,0.05280522950316989,-0.029529193960059832,0.029529193960059832,289,188
13004,15006,2018,2019,-0.044586654108628845,0.030440394613563522,0.07502704872219237,0.07502704872219237,642,938
13004,15007,2018,2019,0.004326418834956906,0.0550492650650799,0.05072284623012299,0.05072284623012299,34,65
13004,16001,2018,2019,0.12963310311949874,0.10517323862289353,-0.024459864496605213,0.024459864496605213,597,345
13004,16002,2018,2019,-0.052381912505797816,-0.07498400681351287,-0.022602094307715058,0.022602094307715058,1000,509
13004,16003,2018,2019,-0.06322568442813177,-0.11549404292862508,-0.052268358500493314,0.052268358500493314,800,387
13004,16004,2018,2019,0.11213647067451574,0.0991456332741529,-0.012990837400362831,0.012990837400362831,1078,581
13005,14001,2018,2019,0.01932407328429076,0.025823962568917544,0.006499889284626782,0.006499889284626782,1908,1298
13005,14002,2018,2019,0.05191637306324818,0.04061788667099909,-0.01129848639224909,0.01129848639224909,161,90
13005,14003,2018,2019,-0.0007555318731942618,0.03233306075660023,0.033088592629794494,0.033088592629794494,926,729
13005,14004,2018,2019,0.003275089212831582,-0.004361980107199347,-0.007637069320030929,0.007637069320030929,270,173
13005,14005,2018,2019,-0.01216513552231945,-0.004653798244807354,0.0075113372775120965,0.0075113372775120965,558,388
13005,14006,2018,2019,-0.054447924632261856,-0.04620423961807865,0.008243685014183204,0.008243685014183204,270,147
13005,14007,2018,2019,-0.04384770714386003,-0.06657991961142448,-0.022732212467564454,0.022732212467564454,265,245
13005,15001,2018,2019,-0.058154349397004264,-0.06516206146543792,-0.007007712068433654,0.007007712068433654,825,615
13005,15002,2018,2019,-0.02197236435344353,-0.030488714428023967,-0.008516350074580438,0.008516350074580438,3006,2258
13005,15003,2018,2019,0.014922528894257435,-0.009724330493461164,-0.0246468593877186,0.0246468593877186,453,494
13005,15004,2018,2019,-0.08142440429505426,-0.09145056225300863,-0.010026157957954362,0.010026157957954362,593,498
13005,15005,2018,2019,-0.012648743403702109,-0.05052169747882882,-0.03787295407512671,0.03787295407512671,61,36
13005,15006,2018,2019,0.004317429221312846,-0.013697386417786414,-0.01801481563909926,0.01801481563909926,306,290
13005,15007,2018,2019,0.0067983201702892845,-0.09710823809508623,-0.10390655826537551,0.10390655826537551,13,7
13005,16001,2018,2019,0.020247161911379822,0.017603742112304265,-0.0026434197990755567,0.0026434197990755567,132,85
13005,16002,2018,2019,-0.03273398369863175,-0.025797561507456417,0.006936422191175334,0.006936422191175334,395,238
13005,16003,2018,2019,-0.005308478050312586,-0.05797610951620853,-0.052667631465895946,0.052667631465895946,391,187
13005,16004,2018,2019,0.11419368156824362,0.09549025467953937,-0.018703426888704258,0.018703426888704258,448,235
14001,14002,2018,2019,-0.24501470923595628,-0.2236911047504504,0.02132360448550588,0.02132360448550588,210,106
14001,14003,2018,2019,-0.5322474790010648,-0.531373506340318,0.0008739726607468468,0.0008739726607468468,428,187
14001,14004,2018,2019,-0.400554105671802,-0.44243440536539896,-0.04188029969359697,0.04188029969359697,172,48
14001,14005,2018,2019,-0.5035626892673488,-0.5100674115812013,-0.006504722313852462,0.006504722313852462,237,93
14001,14006,2018,2019,-0.46631565178992046,-0.4581682071446517,0.008147444645268787,0.008147444645268787,149,46
14001,14007,2018,2019,-0.40181411020741087,-0.45248637325852464,-0.050672263051113775,0.050672263051113775,261,148
14001,15001,2018,2019,0.0001579782257763571,-0.04232574751875337,-0.04248372574452973,0.04248372574452973,8770,4699
14001,15002,2018,2019,0.03176728989878454,0.01790044056049329,-0.013866849338291246,0.013866849338291246,27211,16128
14001,15003,2018,2019,0.014597165800975738,-0.08393018855536133,-0.09852735435633707,0.09852735435633707,3543,2506
14001,15004,2018,2019,-0.017061212495734217,-0.06014114151316597,-0.04307992901743175,0.04307992901743175,6912,4150
14001,15005,2018,2019,-0.015220930347115308,-0.06531650308668474,-0.05009557273956943,0.05009557273956943,499,230
14001,15006,2018,2019,-0.012893295906087981,-0.10894112875195035,-0.09604783284586237,0.09604783284586237,2298,1299
14001,15007,2018,2019,-0.01664249218418385,-0.09927858842484073,-0.08263609624065688,0.08263609624065688,88,53
14001,16001,2018,2019,-0.053907181458046814,-0.004965464633217823,0.04894171682482899,0.04894171682482899,718,467
14001,16002,2018,2019,-0.02622406696333485,-0.027043395496505595,-0.0008193285331707448,0.0008193285331707448,3499,1571
14001,16003,2018,2019,-0.026049142059367952,-0.02598080060620779,6.834145316016171e-05,6.834145316016171e-05,2971,1499
14001,16004,2018,2019,0.03242603918478214,0.040448509602099725,0.008022470417317587,0.008022470417317587,2220,1031
14002,14003,2018,2019,-0.2693093896839117,-0.27760739118633965,-0.008298001502427932,0.008298001502427932,71,28
14002,14004,2018,2019,-0.2448433955469979,-0.23658308409431167,0.008260311452686242,0.008260311452686242,17,8
14002,14005,2018,2019,-0.33864385676808734,-0.3096937342437343,0.028950122524353028,0.028950122524353028,17,10
14002,14006,2018,2019,-0.279233681516858,-0.27012502990115556,0.009108651615702457,0.009108651615702457,18,6
14002,14007,2018,2019,-0.19730653422074967,-0.25038923799636204,-0.05308270377561236,0.05308270377561236,39,17
14002,15001,2018,2019,-0.020254702727710672,-0.0357885931353369,-0.01553389040762623,0.01553389040762623,516,253
14002,15002,2018,2019,-0.010224638902121786,-0.017543318442331413,-0.007318679540209627,0.007318679540209627,1642,860
14002,15003,2018,2019,-0.015370175867205663,-0.074659123192561,-0.05928894732535534,0.05928894732535534,201,121
14002,15004,2018,2019,-0.0074860351426184685,-0.04095696638591529,-0.03347093124329682,0.03347093124329682,454,228
14002,15005,2018,2019,-0.03748079289617723,-0.047722498694335334,-0.010241705798158106,0.010241705798158106,26,13
14002,15006,2018,2019,-0.005642561663018035,-0.08064629252350387,-0.07500373086048584,0.07500373086048584,152,67
14002,16001,2018,2019,-4.70657761699716e-05,-0.0005809183561351373,-0.0005338525799651657,0.0005338525799651657,61,28
14002,16002,2018,2019,-0.03986192596107671,-0.03298959783794701,0.006872328123129698,0.006872328123129698,195,82
14002,16003,2018,2019,0.008745540820413218,-0.058673885764692214,-0.06741942658510543,0.06741942658510543,224,65
14002,16004,2018,2019,0.006280836053775052,0.009558131285036981,0.0032772952312619293,0.0032772952312619293,134,55
14003,14004,2018,2019,-0.3606294114217269,-0.39003637844154776,-0.029406967019820873,0.029406967019820873,93,32
14003,14005,2018,2019,-0.46234549046022855,-0.4765295130771514,-0.014184022616922864,0.014184022616922864,113,43
14003,14006,2018,2019,-0.435053603498067,-0.4043712298633064,0.030682373634760562,0.030682373634760562,68,31
14003,14007,2018,2019,-0.37879689811545636,-0.44419879060767536,-0.065401892492219,0.065401892492219,115,53
14003,15001,2018,2019,-0.021011860124550575,-0.04801191774704867,-0.027000057622498092,0.027000057622498092,4315,2412
14003,15002,2018,2019,-0.010388547061331136,-0.01884065058630778,-0.008452103524976644,0.008452103524976644,13466,8161
14003,15003,2018,2019,-0.04541151354507531,-0.10147309445425952,-0.05606158090918421,0.05606158090918421,1469,1181
14003,15004,2018,2019,0.005807168432441717,-0.024666801334468264,-0.03047396976690998,0.03047396976690998,3864,2420
14003,15005,2018,2019,-0.006574998765093193,-0.07362604308842405,-0.06705104432333085,0.06705104432333085,273,112
14003,15006,2018,2019,-0.003952461445378017,-0.07729505970246807,-0.07334259825709005,0.07334259825709005,1244,756
14003,15007,2018,2019,-0.0215081359021766,-0.07343722399949146,-0.05192908809731486,0.05192908809731486,44,33
14003,16001,2018,2019,0.034990870055690085,0.013798570307887425,-0.021192299747802658,0.021192299747802658,585,277
14003,16002,2018,2019,0.025947171268493916,0.03751228836789867,0.011565117099404752,0.011565117099404752,2206,1083
14003,16003,2018,2019,0.011433623708903565,0.013509193913428967,0.0020755702045254024,0.0020755702045254024,1785,938
14003,16004,2018,2019,-0.0202190790649604,-0.014590674704540773,0.0056284043604196265,0.0056284043604196265,941,438
14004,14005,2018,2019,-0.37045238633306,-0.37596326882691083,-0.005510882493850844,0.005510882493850844,41,18
14004,14006,2018,2019,-0.35435594963126066,-0.35233127874787834,0.002024670883382318,0.002024670883382318,24,8
14004,14007,2018,2019,-0.2970851420418462,-0.3614516190395792,-0.06436647699773296,0.06436647699773296,42,18
14004,15001,2018,2019,-0.05599484730601553,-0.019346776787093393,0.03664807051892214,0.03664807051892214,1019,725
14004,15002,2018,2019,-0.08258168700101724,-0.06945115952368797,0.013130527477329276,0.013130527477329276,2945,1870
14004,15003,2018,2019,-0.0616024822519874,-0.08174520637461262,-0.020142724122625216,0.020142724122625216,359,322
14004,15004,2018,2019,-0.1017203349218439,-0.12297742603091859,-0.021257091109074686,0.021257091109074686,653,397
14004,15005,2018,2019,-0.006896211705977671,-0.0476587913513026,-0.040762579645324926,0.040762579645324926,77,35
14004,15006,2018,2019,0.05798900639178135,-0.011190950966947517,-0.06917995735872887,0.06917995735872887,489,280
14004,15007,2018,2019,0.06387331166145964,0.020886837529199342,-0.0429864741322603,0.0429864741322603,25,19
14004,16001,2018,2019,0.21694799986734153,0.22794656400644703,0.010998564139105493,0.010998564139105493,445,251
14004,16002,2018,2019,-0.0461637625384734,-0.03888765212840864,0.007276110410064762,0.007276110410064762,446,210
14004,16003,2018,2019,0.19711938801247383,0.19405221744049092,-0.0030671705719829134,0.0030671705719829134,1155,606
14004,16004,2018,2019,0.005063307825139023,0.025812569310050573,0.02074926148491155,0.02074926148491155,303,154
14005,14006,2018,2019,-0.41409351091737595,-0.3713760164395642,0.04271749447781176,0.04271749447781176,41,22
14005,14007,2018,2019,-0.3913483763636506,-0.4196805396565976,-0.028332163292946966,0.028332163292946966,48,32
14005,15001,2018,2019,0.04046474500335936,0.02589246846582285,-0.014572276537536507,0.014572276537536507,3364,1931
14005,15002,2018,2019,0.023705265853235163,2.1208988185325934e-05,-0.023684056865049836,0.023684056865049836,9273,5322
14005,15003,2018,2019,-0.0061165569143141205,-0.08566632908301434,-0.07954977216870023,0.07954977216870023,1103,760
14005,15004,2018,2019,-0.006153127681853212,-0.060829887568257725,-0.05467675988640451,0.05467675988640451,2370,1304
14005,15005,2018,2019,-0.011115819734627733,-0.012695452558597562,-0.001579632823969829,0.001579632823969829,169,103
14005,15006,2018,2019,-0.030366745813613618,-0.08945241154720665,-0.05908566573359303,0.05908566573359303,697,428
14005,15007,2018,2019,-0.0005754557522252273,-0.05169443308917988,-0.05111897733695465,0.05111897733695465,33,24
14005,16001,2018,2019,-0.14203169562942478,-0.10634238497412205,0.03568931065530273,0.03568931065530273,122,80
14005,16002,2018,2019,-0.000428170121221989,-0.02145701586670121,-0.02102884574547922,0.02102884574547922,1277,529
14005,16003,2018,2019,-0.13155835434442495,-0.12323171192455189,0.008326642419873062,0.008326642419873062,556,289
14005,16004,2018,2019,-0.030080121637394815,0.044781341421704354,0.07486146305909917,0.07486146305909917,566,371
14006,14007,2018,2019,-0.41013115773961367,-0.40839534537178235,0.0017358123678313242,0.0017358123678313242,17,11
14006,15001,2018,2019,0.06693358157151358,0.037091288153286585,-0.029842293418226994,0.029842293418226994,2351,1004
14006,15002,2018,2019,0.027153095027901152,0.005151161062054645,-0.022001933965846508,0.022001933965846508,5913,2641
14006,15003,2018,2019,0.08574386175160367,0.021770074059898142,-0.06397378769170553,0.06397378769170553,1041,596
14006,15004,2018,2019,0.07264440825717296,0.03198288234680645,-0.04066152591036651,0.04066152591036651,2002,918
14006,15005,2018,2019,0.051120183470347545,0.07717385035009007,0.026053666879742525,0.026053666879742525,157,90
14006,15006,2018,2019,0.010688363472363108,-0.050737792241143,-0.061426155713506105,0.061426155713506105,534,246
14006,15007,2018,2019,-0.010184607331649925,0.04548206187198638,0.055666669203636304,0.055666669203636304,19,25
14006,16001,2018,2019,-0.022301662251905167,-0.039715159205526866,-0.0174134969536217,0.0174134969536217,170,60
14006,16002,2018,2019,-0.011355263855656224,0.02401004574591999,0.03536530960157622,0.03536530960157622,757,324
14006,16003,2018,2019,-0.06103641698543881,-0.06508272927290899,-0.004046312287470183,0.004046312287470183,495,187
14006,16004,2018,2019,-0.006046459806843994,-0.024616211251921555,-0.01856975144507756,0.01856975144507756,399,124
14007,15001,2018,2019,-0.0368670495064259,-0.073839924913552,-0.0369728754071261,0.0369728754071261,1456,1176
14007,15002,2018,2019,0.014356368750611711,0.0025522284414849356,-0.011804140309126776,0.011804140309126776,5279,4762
14007,15003,2018,2019,-0.02363166906839437,-0.07970723887283007,-0.056075569804435704,0.056075569804435704,580,688
14007,15004,2018,2019,0.0937197423498601,0.06373535361631683,-0.02998438873354327,0.02998438873354327,2004,1826
14007,15005,2018,2019,-0.026415811492038564,-0.12149139318419962,-0.09507558169216106,0.09507558169216106,87,41
14007,15006,2018,2019,-0.01138311253965144,-0.07368723192920296,-0.062304119389551514,0.062304119389551514,439,410
14007,15007,2018,2019,0.02746230884172826,-0.04186695345731833,-0.0693292622990466,0.0693292622990466,24,23
14007,16001,2018,2019,-0.0114999436360679,0.007227682530362511,0.018727626166430412,0.018727626166430412,168,150
14007,16002,2018,2019,0.10892842333815625,0.1366769098228592,0.02774848648470296,0.02774848648470296,1187,920
14007,16003,2018,2019,0.09341640635039859,0.1458640126059102,0.052447606255511606,0.052447606255511606,964,911
14007,16004,2018,2019,-0.025357822903559576,-0.025521281887833116,-0.00016345898427353941,0.00016345898427353941,330,228
15001,15002,2018,2019,0.010236567987698491,0.015520480422074719,0.005283912434376228,0.005283912434376228,16343,11387
15001,15003,2018,2019,0.04049650954006893,0.11231004454156852,0.07181353500149959,0.07181353500149959,2403,3197
15001,15004,2018,2019,-0.0045836367576951,0.045194661163250605,0.04977829792094571,0.04977829792094571,4371,3881
15001,15005,2018,2019,0.016379011522654675,0.007744173636497691,-0.008634837886156984,0.008634837886156984,363,243
15001,15006,2018,2019,0.024095663585397394,0.07965779779430393,0.05556213420890654,0.05556213420890654,1630,1831
15001,15007,2018,2019,-0.0059860770149113346,0.0699752195269379,0.07596129654184923,0.07596129654184923,58,116
15001,16001,2018,2019,-0.1216014415258821,-0.13339106110720036,-0.011789619581318259,0.011789619581318259,283,152
15001,16002,2018,2019,0.011227210153517533,0.00735383891572318,-0.0038733712377943532,0.0038733712377943532,2437,1256
15001,16003,2018,2019,-0.10488617664152296,-0.10619617394819043,-0.0013099973066674764,0.0013099973066674764,1271,728
15001,16004,2018,2019,-0.026508581381521356,-0.040624065513171374,-0.014115484131650018,0.014115484131650018,1072,508
15002,15003,2018,2019,0.05811886052721008,0.07303176535280813,0.014912904825598046,0.014912904825598046,7179,8026
15002,15004,2018,2019,0.07477686890304265,0.07775855255542255,0.002981683652379899,0.002981683652379899,15154,11722
15002,15005,2018,2019,-0.06675505163839975,0.0050080913348851735,0.07176314297328491,0.07176314297328491,715,717
15002,15006,2018,2019,-0.01695709513975744,0.008327091621187756,0.025284186760945196,0.025284186760945196,4188,4272
15002,15007,2018,2019,-0.02519191364127902,-0.0014105826151577761,0.023781331026121243,0.023781331026121243,154,224
15002,16001,2018,2019,-0.05341636512285817,-0.04439824028606983,0.009018124836788335,0.009018124836788335,1364,840
15002,16002,2018,2019,0.0030231856364849913,-0.005665311534589338,-0.00868849717107433,0.00868849717107433,7038,3619
15002,16003,2018,2019,-0.020981972485989986,-0.021702348964859203,-0.0007203764788692169,0.0007203764788692169,5611,3286
15002,16004,2018,2019,0.004864211648121776,-0.008510967191908704,-0.01337517884003048,0.01337517884003048,3659,1802
15003,15004,2018,2019,0.05012576466287898,0.1406885138581671,0.09056274919528813,0.09056274919528813,2067,3229
15003,15005,2018,2019,0.03539553334225018,0.12739141915454333,0.09199588581229315,0.09199588581229315,160,287
15003,15006,2018,2019,0.01751872069788491,0.19514042406363977,0.17762170336575486,0.17762170336575486,622,1729
15003,15007,2018,2019,0.04350498700463493,0.14218254495354463,0.0986775579489097,0.0986775579489097,33,114
15003,16001,2018,2019,-0.019191133975664142,-0.09060375350391502,-0.07141261952825087,0.07141261952825087,196,120
15003,16002,2018,2019,-0.01201499508489476,-0.04441680288174956,-0.0324018077968548,0.0324018077968548,852,623
15003,16003,2018,2019,-0.011648660432677102,-0.0666513635440827,-0.0550027031114056,0.0550027031114056,726,530
15003,16004,2018,2019,0.026098170614030285,-0.04603623177228557,-0.07213440238631585,0.07213440238631585,532,302
15004,15005,2018,2019,-0.011688540360786983,0.005061004434589946,0.01674954479537693,0.01674954479537693,255,223
15004,15006,2018,2019,-0.032413129929398474,0.08345695833080162,0.1158700882602001,0.1158700882602001,1054,1735
15004,15007,2018,2019,-0.02558532552345752,-0.03159478516254856,-0.006009459639091039,0.006009459639091039,41,56
15004,16001,2018,2019,-0.13906591284856443,-0.1514958298962569,-0.012429917047692474,0.012429917047692474,201,123
15004,16002,2018,2019,0.11102720848747065,0.09215434978820358,-0.018872858699267067,0.018872858699267067,2840,1587
15004,16003,2018,2019,0.003430758031243169,-0.03682674101154932,-0.04025749904279249,0.04025749904279249,1666,928
15004,16004,2018,2019,-0.05234473185319314,-0.07684043264704465,-0.024495700793851514,0.024495700793851514,774,390
15005,15006,2018,2019,0.04905397200920656,0.12400688958321489,0.07495291757400832,0.07495291757400832,126,180
15005,15007,2018,2019,0.09512110664149258,0.12972906147699154,0.03460795483549896,0.03460795483549896,9,14
15005,16001,2018,2019,-0.028527400618151802,-0.027596550452175704,0.0009308501659760979,0.0009308501659760979,28,17
15005,16002,2018,2019,0.0029989839844029283,-0.025126097032835335,-0.028125081017238263,0.028125081017238263,147,65
15005,16003,2018,2019,-0.06247992825343856,-0.12583912708080558,-0.06335919882736701,0.06335919882736701,79,28
15005,16004,2018,2019,0.04935231237652229,-0.057042769127789245,-0.10639508150431154,0.10639508150431154,104,25
15006,15007,2018,2019,0.06861600780824594,0.10387980519195093,0.035263797383705,0.035263797383705,29,58
15006,16001,2018,2019,-0.15010763417257666,-0.14693933583312785,0.0031682983394488162,0.0031682983394488162,51,44
15006,16002,2018,2019,-0.176817610901014,-0.20326566847519384,-0.02644805757417984,0.02644805757417984,221,133
15006,16003,2018,2019,-0.16012346273386902,-0.19713796608002046,-0.037014503346151445,0.037014503346151445,206,131
15006,16004,2018,2019,-0.13181268997582035,-0.17260966209597012,-0.040796972120149766,0.040796972120149766,141,73
15007,16001,2018,2019,0.02295961427610707,-0.01447519524197366,-0.03743480951808073,0.03743480951808073,8,6
15007,16002,2018,2019,0.03592107052337838,-0.015341306568988518,-0.051262377092366904,0.051262377092366904,35,22
15007,16003,2018,2019,-0.019752259099204555,-0.01486958528088676,0.004882673818317796,0.004882673818317796,19,21
15007,16004,2018,2019,-0.005083535004614883,-0.026038898488863118,-0.020955363484248236,0.020955363484248236,13,10
16002,16003,2018,2019,-0.3539119422325479,-0.38237066264019687,-0.028458720407648963,0.028458720407648963,67,17
16002,16004,2018,2019,-0.32788808568598143,-0.32084557691426846,0.007042508771712974,0.007042508771712974,42,14
16003,16004,2018,2019,-0.2686265002578076,-0.2889168076991668,-0.02029030744135918,0.02029030744135918,63,19
10001,10002,2019,2020,-0.3957306696402904,-0.5135096458133077,-0.1177789761730173,0.1177789761730173,202,50
10001,10003,2019,2020,-0.23484753344491008,-0.3658772429805478,-0.13102970953563772,0.13102970953563772,46,11
10001,10004,2019,2020,-0.13056097578229128,-0.15698290928942074,-0.026421933507129458,0.026421933507129458,201,76
10001,10005,2019,2020,-0.2894405604182577,-0.42795959636293035,-0.13851903594467263,0.13851903594467263,69,13
10001,11001,2019,2020,-0.05641603282529099,-0.05173873804947541,0.004677294775815584,0.004677294775815584,1474,441
10001,11002,2019,2020,-0.0769991572295207,-0.054399511704489596,0.02259964552503111,0.02259964552503111,2168,802
10001,11003,2019,2020,-0.21463797295744025,-0.1360631813296181,0.07857479162782216,0.07857479162782216,682,317
10001,11004,2019,2020,-0.2699023855932184,-0.18455664087689141,0.08534574471632697,0.08534574471632697,167,57
10001,11005,2019,2020,0.27656142815878065,0.2094374798764591,-0.06712394828232154,0.06712394828232154,5351,1751
10001,11006,2019,2020,-0.16309698060469097,-0.12015719507599118,0.042939785528699786,0.042939785528699786,356,162
10001,11007,2019,2020,-0.021194593567141238,0.020601051179789633,0.04179564474693087,0.04179564474693087,44,17
10001,11008,2019,2020,-0.024316910881784816,-0.07066141945045076,-0.04634450856866595,0.04634450856866595,610,220
10001,12001,2019,2020,0.032372983601889144,-0.003783619682985347,-0.03615660328487449,0.03615660328487449,3467,1056
10001,12002,2019,2020,-0.022186348833131815,-0.0010213159387745952,0.02116503289435722,0.02116503289435722,739,246
10001,12003,2019,2020,0.04008896828865563,0.054993899491728886,0.014904931203073256,0.014904931203073256,4581,1742
10001,12004,2019,2020,-0.21616371135018997,-0.2179092418447295,-0.0017455304945395433,0.0017455304945395433,141,31
10001,13001,2019,2020,0.11689277706691596,0.078607256815387,-0.03828552025152897,0.03828552025152897,4455,1535
10001,13002,2019,2020,-0.10765415427046622,-0.11729605368104555,-0.00964189941057933,0.00964189941057933,1635,646
10001,13003,2019,2020,-0.3474571572583495,-0.19675313042110623,0.1507040268372433,0.1507040268372433,397,124
10001,13004,2019,2020,0.19509188371510117,0.09257266910066284,-0.10251921461443833,0.10251921461443833,2752,722
10001,13005,2019,2020,0.06105244548956575,0.05257749702104358,-0.008474948468522175,0.008474948468522175,745,299
10001,14001,2019,2020,0.07167084260931363,0.06608167882824537,-0.00558916378106826,0.00558916378106826,4344,1430
10001,14002,2019,2020,0.09234576507087267,0.08754957862062222,-0.004796186450250442,0.004796186450250442,341,105
10001,14003,2019,2020,-0.01609821238641844,0.007903204558848203,0.02400141694526664,0.02400141694526664,1831,706
10001,14004,2019,2020,-0.03778211951968881,-0.04223588566951672,-0.004453766149827912,0.004453766149827912,452,131
10001,14005,2019,2020,0.11997953084427058,0.07913407786082936,-0.04084545298344122,0.04084545298344122,1845,573
10001,14006,2019,2020,-0.002590536464033577,0.007919957465812456,0.010510493929846033,0.010510493929846033,587,241
10001,14007,2019,2020,-0.1667899218852285,-0.08535734176574743,0.08143258011948108,0.08143258011948108,485,159
10001,15001,2019,2020,-0.006133999478721919,-0.030401812618690953,-0.024267813139969036,0.024267813139969036,2488,673
10001,15002,2019,2020,-0.026071606468236447,-0.01764114379775868,0.008430462670477767,0.008430462670477767,7232,2499
10001,15003,2019,2020,-0.07750133644216309,-0.08896889172482884,-0.011467555282665756,0.011467555282665756,1169,502
10001,15004,2019,2020,-0.15824028912304594,-0.10254623355633356,0.05569405556671238,0.05569405556671238,1288,485
10001,15005,2019,2020,-0.013319722313351144,-0.07887822136444791,-0.06555849905109677,0.06555849905109677,148,37
10001,15006,2019,2020,-0.1031725555859725,-0.0866754632386785,0.016497092347294004,0.016497092347294004,594,239
10001,15007,2019,2020,-0.04161196913032529,-0.05362393623743807,-0.012011967107112782,0.012011967107112782,38,21
10001,16001,2019,2020,0.04929151794308859,-0.03584847716646854,-0.08513999510955714,0.08513999510955714,301,78
10001,16002,2019,2020,-0.13434523820042663,-0.06718603146499659,0.06715920673543004,0.06715920673543004,434,121
10001,16003,2019,2020,-0.12304331322421101,-0.13080680870702638,-0.007763495482815366,0.007763495482815366,437,87
10001,16004,2019,2020,0.10330748457905087,0.05567451542044618,-0.04763296915860469,0.04763296915860469,674,160
10002,10003,2019,2020,-0.290092396880647,-0.3864827320554311,-0.09639033517478413,0.09639033517478413,30,8
10002,10004,2019,2020,-0.06642370123235826,-0.10493535326629325,-0.03851165203393499,0.03851165203393499,328,97
10002,10005,2019,2020,-0.29299047131323164,-0.3974133674695228,-0.10442289615629119,0.10442289615629119,76,17
10002,11001,2019,2020,-0.08189337462904396,-0.07765466208848029,0.004238712540563669,0.004238712540563669,1471,380
10002,11002,2019,2020,-0.021007032712518938,0.008608068232409227,0.029615100944928165,0.029615100944928165,2879,909
10002,11003,2019,2020,0.007886009988162891,0.0810398292678247,0.0731538192796618,0.0731538192796618,2004,639
10002,11004,2019,2020,-0.09961381062028957,0.01204871495717055,0.11166252557746012,0.11166252557746012,562,156
10002,11005,2019,2020,0.023024996925765123,-0.06260458972195679,-0.08562958664772191,0.08562958664772191,3225,927
10002,11006,2019,2020,-0.24971629754522673,-0.2644857254349799,-0.014769427889753162,0.014769427889753162,223,64
10002,11007,2019,2020,-0.04660710495365137,-0.02315737795895373,0.02344972699469764,0.02344972699469764,40,12
10002,11008,2019,2020,-0.007332241340043617,-0.03206507289767885,-0.02473283155763523,0.02473283155763523,724,246
10002,12001,2019,2020,0.05317085633742055,0.05004119136289387,-0.003129664974526679,0.003129664974526679,4003,1146
10002,12002,2019,2020,-0.008700859503872045,0.014536196236096604,0.02323705573996865,0.02323705573996865,861,249
10002,12003,2019,2020,-0.001929504097321034,-0.013027856414247124,-0.01109835231692609,0.01109835231692609,4511,1442
10002,12004,2019,2020,-0.04320161974568039,-0.00595020992718306,0.03725140981849733,0.03725140981849733,463,107
10002,12005,2019,2020,-0.023300102062176763,0.04049229069745597,0.06379239275963274,0.06379239275963274,33,13
10002,13001,2019,2020,0.03731774746213887,0.0028945023574773066,-0.03442324510466156,0.03442324510466156,3992,1243
10002,13002,2019,2020,0.02970599664903133,9.381047329628314e-05,-0.029612186175735047,0.029612186175735047,2888,875
10002,13003,2019,2020,-0.2064374532961411,-0.05862748781660406,0.14780996547953704,0.14780996547953704,1086,233
10002,13004,2019,2020,0.11071263677688001,0.024185193856456327,-0.08652744292042368,0.08652744292042368,2368,567
10002,13005,2019,2020,0.022403851257365694,0.02054501393436565,-0.001858837323000042,0.001858837323000042,691,253
10002,14001,2019,2020,0.03254608217005307,0.020103547276842906,-0.012442534893210167,0.012442534893210167,4302,1233
10002,14002,2019,2020,0.0356195716313591,-0.00731697123580307,-0.04293654286716217,0.04293654286716217,281,63
10002,14003,2019,2020,-0.033819882613283364,-0.0126021662019693,0.021217716411314064,0.021217716411314064,1890,632
10002,14004,2019,2020,-0.009988733785876707,-0.009630753737158028,0.0003579800487186792,0.0003579800487186792,569,145
10002,14005,2019,2020,0.033923150498535316,-0.002611165062437497,-0.036534315560972815,0.036534315560972815,1511,422
10002,14006,2019,2020,0.022972625151239007,0.051206437741629446,0.02823381259039044,0.02823381259039044,721,271
10002,14007,2019,2020,-0.048871193928933535,0.024433619099455465,0.073304813028389,0.073304813028389,970,243
10002,15001,2019,2020,-0.0033192768130979803,-0.01916172389525266,-0.015842447082154678,0.015842447082154678,2754,662
10002,15002,2019,2020,-0.009686215508382117,0.008128019880544676,0.01781423538892679,0.01781423538892679,8220,2482
10002,15003,2019,2020,-0.015547760896893765,-0.024412741172475876,-0.00886498027558211,0.00886498027558211,1644,592
10002,15004,2019,2020,-0.06891867376617278,-0.01555983765384166,0.053358836112331116,0.053358836112331116,2054,617
10002,15005,2019,2020,0.06122926889895748,0.059566324281929865,-0.001662944617027616,0.001662944617027616,246,76
10002,15006,2019,2020,-0.053203307562595586,-0.05906447570939674,-0.0058611681468011545,0.0058611681468011545,835,255
10002,15007,2019,2020,0.013284436416636805,0.031318138162852824,0.01803370174621602,0.01803370174621602,62,34
10002,16001,2019,2020,0.0252717699064842,-0.011882017474596522,-0.03715378738108072,0.03715378738108072,291,84
10002,16002,2019,2020,-0.08114076541991325,-0.03874772963410597,0.042393035785807276,0.042393035785807276,638,132
10002,16003,2019,2020,-0.01071284224205734,0.03090052905455049,0.04161337129660783,0.04161337129660783,838,182
10002,16004,2019,2020,-0.012342417667915998,-0.003903403111282742,0.008439014556633257,0.008439014556633257,438,117
10003,10004,2019,2020,-0.004519220021128518,0.026337694678616186,0.030856914699744706,0.030856914699744706,58,32
10003,10005,2019,2020,-0.14005824233044403,-0.20531199084755963,-0.0652537485171156,0.0652537485171156,23,9
10003,11001,2019,2020,-0.10920558143011079,-0.14014355814572976,-0.030937976715618973,0.030937976715618973,132,37
10003,11002,2019,2020,-0.1652429485836627,-0.18286374432485072,-0.017620795741188022,0.017620795741188022,147,55
10003,11003,2019,2020,-0.113768412391411,-0.04340932476841456,0.07035908762299645,0.07035908762299645,125,67
10003,11005,2019,2020,0.1995425285016626,0.17087464852075193,-0.028667879980910665,0.028667879980910665,899,343
10003,11006,2019,2020,-0.10476807159040959,-0.1430674849466508,-0.03829941335624122,0.03829941335624122,56,17
10003,11008,2019,2020,0.07357947747480544,0.04844003084700913,-0.025139446627796304,0.025139446627796304,150,61
10003,12001,2019,2020,0.004089665880726429,-0.026180857574441316,-0.030270523455167744,0.030270523455167744,457,152
10003,12002,2019,2020,0.0473177268322594,0.049425542264480885,0.0021078154322214868,0.0021078154322214868,153,52
10003,12003,2019,2020,0.04483486502311113,0.056789785791521656,0.011954920768410524,0.011954920768410524,714,309
10003,12004,2019,2020,-0.10730702159077628,-0.14674986441267052,-0.03944284282189424,0.03944284282189424,33,6
10003,13001,2019,2020,-0.14346881706898226,-0.19545603876286616,-0.051987221693883895,0.051987221693883895,207,76
10003,13002,2019,2020,0.12781905677821748,0.13721887270741626,0.00939981592919878,0.00939981592919878,612,253
10003,13003,2019,2020,-0.39234189724075297,-0.29179847787812063,0.10054341936263234,0.10054341936263234,11,5
10003,13004,2019,2020,0.16805742277785807,0.13938971424462412,-0.028667708533233943,0.028667708533233943,481,163
10003,13005,2019,2020,0.018376576075734685,-0.055062273974271964,-0.07343885005000665,0.07343885005000665,91,28
10003,14001,2019,2020,0.031510630793950105,0.025871183465774567,-0.005639447328175538,0.005639447328175538,590,220
10003,14002,2019,2020,0.016783826907781345,-0.02790557276726735,-0.044689399675048695,0.044689399675048695,34,9
10003,14003,2019,2020,0.010434718814964005,0.03346691199462748,0.023032193179663474,0.023032193179663474,290,129
10003,14004,2019,2020,0.12003541116485243,0.18328042847875137,0.06324501731389894,0.06324501731389894,157,67
10003,14005,2019,2020,-0.029815223919843127,-0.06471419860975393,-0.0348989746899108,0.0348989746899108,144,50
10003,14006,2019,2020,-0.06837831476134446,-0.09660413406899818,-0.02822581930765372,0.02822581930765372,52,20
10003,14007,2019,2020,-0.008021006555381403,0.04589064697895678,0.05391165353433818,0.05391165353433818,146,48
10003,15001,2019,2020,-0.10770567181327667,-0.09740533508016914,0.010300336733107526,0.010300336733107526,194,71
10003,15002,2019,2020,-0.029813590015388938,-0.02445851822147109,0.005355071793917848,0.005355071793917848,957,378
10003,15003,2019,2020,-0.07058420396027877,-0.0870583386886967,-0.016474134728417925,0.016474134728417925,147,68
10003,15004,2019,2020,-0.14499785508337165,-0.0921512241001266,0.052846630983245046,0.052846630983245046,139,67
10003,15006,2019,2020,-0.08482161991015351,-0.11799827750733327,-0.03317665759717976,0.03317665759717976,77,26
10003,16001,2019,2020,0.31369435273292906,0.3217709447843763,0.008076592051447229,0.008076592051447229,197,78
10003,16002,2019,2020,-0.17117968088109212,-0.059006438943785634,0.11217324193730649,0.11217324193730649,33,18
10003,16003,2019,2020,-0.01802544910483769,0.04477716269245534,0.06280261179729303,0.06280261179729303,101,35
10003,16004,2019,2020,0.01598054508098862,-0.08487839017670411,-0.10085893525769273,0.10085893525769273,67,11
10004,10005,2019,2020,0.0013139750125745109,-0.014218844955414981,-0.015532819967989492,0.015532819967989492,119,43
10004,11001,2019,2020,-0.1329316265815587,-0.19022551136037913,-0.05729388477882044,0.05729388477882044,207,31
10004,11002,2019,2020,-0.17904810460051784,-0.1739655779767268,0.0050825266237910505,0.0050825266237910505,255,70
10004,11003,2019,2020,0.06167339801546055,0.1240037024992296,0.06233030448376905,0.06233030448376905,573,168
10004,11004,2019,2020,-0.09147494618616074,-0.09708535724987137,-0.00561041106371063,0.00561041106371063,111,15
10004,11005,2019,2020,-0.1380262374188116,-0.195159715947439,-0.05713347852862741,0.05713347852862741,324,79
10004,11006,2019,2020,-0.21927441869724584,-0.2170228878621916,0.0022515308350542496,0.0022515308350542496,40,11
10004,11008,2019,2020,-0.07690799338599345,-0.06656938552239686,0.010338607863596597,0.010338607863596597,101,37
10004,12001,2019,2020,0.010393928101235383,0.005329360060923693,-0.00506456804031169,0.00506456804031169,800,203
10004,12002,2019,2020,0.061297698761305225,0.07131948278498704,0.010021784023681812,0.010021784023681812,274,67
10004,12003,2019,2020,0.011861131504074703,0.013058912866268051,0.0011977813621933484,0.0011977813621933484,1049,305
10004,12004,2019,2020,0.04479529762747279,0.08192659451180714,0.03713129688433436,0.03713129688433436,164,35
10004,13001,2019,2020,-0.17348553652867368,-0.23072421935848628,-0.05723868282981259,0.05723868282981259,322,73
10004,13002,2019,2020,0.26895944206292927,0.2758507230291089,0.006891280966179636,0.006891280966179636,1552,437
10004,13003,2019,2020,-0.18713873069962167,-0.14512140358714876,0.04201732711247291,0.04201732711247291,186,23
10004,13004,2019,2020,-0.0654153892323939,-0.06362834906663202,0.00178704016576188,0.00178704016576188,256,74
10004,13005,2019,2020,-0.04019143172256298,-0.10810779561726937,-0.06791636389470639,0.06791636389470639,107,23
10004,14001,2019,2020,-0.037213374317280945,-0.0323904954635229,0.004822878853758046,0.004822878853758046,740,201
10004,14002,2019,2020,-0.037190060935785425,0.0020298740057469043,0.03921993494153233,0.03921993494153233,39,13
10004,14003,2019,2020,0.023279927546688867,0.025291530110260002,0.0020116025635711354,0.0020116025635711354,523,144
10004,14004,2019,2020,0.24740821029049817,0.25474380269807456,0.007335592407576391,0.007335592407576391,442,102
10004,14005,2019,2020,-0.12694600837457343,-0.11935106296638287,0.0075949454081905565,0.0075949454081905565,136,42
10004,14006,2019,2020,-0.09923357350483693,-0.08269841560251766,0.01653515790231927,0.01653515790231927,74,26
10004,14007,2019,2020,0.07333201090288848,0.11565655740362064,0.04232454650073217,0.04232454650073217,379,78
10004,15001,2019,2020,-0.11741277504129427,-0.13344615658823214,-0.01603338154693787,0.01603338154693787,334,68
10004,15002,2019,2020,-0.03394523532633577,-0.0096446150858103,0.02430062024052547,0.02430062024052547,1636,464
10004,15003,2019,2020,-0.05308121932746191,-0.019318077741071162,0.03376314158639075,0.03376314158639075,289,114
10004,15004,2019,2020,-0.07784568017994789,-0.033154671339746686,0.044691008840201205,0.044691008840201205,386,108
10004,15006,2019,2020,-0.013654350825272143,-0.03799012139361088,-0.024335770568338737,0.024335770568338737,214,51
10004,15007,2019,2020,-0.06394739181579161,0.01080244730114166,0.07474983911693327,0.07474983911693327,7,6
10004,16001,2019,2020,0.15515210732934226,0.15299097422914507,-0.0021611331001971934,0.0021611331001971934,143,42
10004,16002,2019,2020,-0.134707060926668,-0.00467214388847051,0.1300349170381975,0.1300349170381975,84,30
10004,16003,2019,2020,0.16586878351155335,0.2045675685877257,0.03869878507617236,0.03869878507617236,437,87
10004,16004,2019,2020,-0.05477400908043961,-0.14461841133947398,-0.08984440225903437,0.08984440225903437,71,8
10005,11001,2019,2020,-0.04801175131097417,-0.11502992266493002,-0.06701817135395585,0.06701817135395585,399,80
10005,11002,2019,2020,-0.08861687149773124,-0.09494988553095904,-0.0063330140332277934,0.0063330140332277934,513,169
10005,11003,2019,2020,0.036390571582836345,0.11259487363096166,0.07620430204812531,0.07620430204812531,588,227
10005,11004,2019,2020,-0.09271316596444602,-0.03283570385995505,0.05987746210449097,0.05987746210449097,129,35
10005,11005,2019,2020,0.06478711463235538,0.017268471113478432,-0.047518643518876955,0.047518643518876955,1001,335
10005,11006,2019,2020,-0.19821776087065923,-0.2168628819982199,-0.01864512112756067,0.01864512112756067,58,18
10005,11008,2019,2020,0.03952774406938543,0.03849204891655698,-0.0010356951528284544,0.0010356951528284544,237,97
10005,12001,2019,2020,0.01597230339491853,0.04035908074370742,0.024386777348788892,0.024386777348788892,944,338
10005,12002,2019,2020,0.04957301603223873,0.050428042569488796,0.0008550265372500657,0.0008550265372500657,296,87
10005,12003,2019,2020,0.008719071160754106,0.0023417249784298557,-0.00637734618232425,0.00637734618232425,1195,430
10005,12004,2019,2020,-0.07238942377320494,-0.0935395215008176,-0.021150097727612657,0.021150097727612657,91,17
10005,13001,2019,2020,-0.0474866187472805,-0.08947393036152258,-0.04198731161424208,0.04198731161424208,747,249
10005,13002,2019,2020,0.12230388825168498,0.15004141829679796,0.02773753004511298,0.02773753004511298,1096,421
10005,13003,2019,2020,-0.1865398169149284,-0.08851435316927939,0.09802546374564902,0.09802546374564902,223,52
10005,13004,2019,2020,0.034935170523498774,-0.03583522591592489,-0.07077039643942366,0.07077039643942366,499,128
10005,13005,2019,2020,0.03532903029934262,-0.017661202479988047,-0.05299023277933067,0.05299023277933067,195,61
10005,14001,2019,2020,0.0269699778475837,0.004032896458014388,-0.022937081389569312,0.022937081389569312,1120,343
10005,14002,2019,2020,0.031366971188962714,0.031541082579354,0.00017411139039128637,0.00017411139039128637,73,23
10005,14003,2019,2020,-0.012019666009606082,0.05344648457071432,0.0654661505803204,0.0654661505803204,511,234
10005,14004,2019,2020,0.09033168001988276,0.08786958756948773,-0.002462092450395026,0.002462092450395026,249,69
10005,14005,2019,2020,-0.03488687400438707,-0.03756649552018508,-0.0026796215157980086,0.0026796215157980086,282,102
10005,14006,2019,2020,-0.019128133600847908,-0.033897657078340686,-0.014769523477492778,0.014769523477492778,148,53
10005,14007,2019,2020,0.039874150900454944,0.07522380519916347,0.035349654298708524,0.035349654298708524,370,92
10005,15001,2019,2020,-0.06765743872049676,-0.06885622892322062,-0.0011987902027238567,0.0011987902027238567,514,148
10005,15002,2019,2020,-0.01806216160245892,0.0005411474692785587,0.01860330907173748,0.01860330907173748,2008,705
10005,15003,2019,2020,-0.04689720591323371,-0.03669666474854552,0.010200541164688187,0.010200541164688187,348,156
10005,15004,2019,2020,-0.09651942290800089,-0.02603953103797907,0.07047989187002182,0.07047989187002182,408,166
10005,15005,2019,2020,-0.057006098306702356,-0.06618542708306588,-0.009179328776363523,0.009179328776363523,29,10
10005,15006,2019,2020,-0.06527006242921585,-0.10419514601963045,-0.038925083590414605,0.038925083590414605,183,52
10005,15007,2019,2020,-0.0035281364247834865,0.01427778434181692,0.017805920766600408,0.017805920766600408,14,9
10005,16001,2019,2020,0.1634839880072974,0.10348432547285295,-0.059999662534444456,0.059999662534444456,169,46
10005,16002,2019,2020,-0.07492649606372291,-0.06795836223650291,0.006968133827220002,0.006968133827220002,150,30
10005,16003,2019,2020,0.06937232150693556,0.12783611735545372,0.05846379584851816,0.05846379584851816,321,87
10005,16004,2019,2020,0.06260047899702256,0.02677754210111487,-0.035822936895907695,0.035822936895907695,171,40
11001,11002,2019,2020,-0.36724526697620113,-0.31784381409677037,0.04940145287943076,0.04940145287943076,505,121
11001,11003,2019,2020,-0.25646802704675203,-0.2551977434176085,0.0012702836291435537,0.0012702836291435537,559,83
11001,11004,2019,2020,-0.12496079937175447,-0.10726003554364515,0.017700763828109325,0.017700763828109325,462,49
11001,11005,2019,2020,-0.37641804653241645,-0.3376901430330523,0.03872790349936417,0.03872790349936417,458,144
11001,11006,2019,2020,0.01231593797860841,-0.030722657205617107,-0.043038595184225516,0.043038595184225516,898,137
11001,11008,2019,2020,-0.2547685350440647,-0.22402177185642935,0.030746763187635362,0.030746763187635362,156,48
11001,12001,2019,2020,-0.42038614220314946,-0.360488803150133,0.059897339053016474,0.059897339053016474,403,109
11001,12002,2019,2020,-0.2502290250351918,-0.21860918167737708,0.0316198433578147,0.0316198433578147,205,40
11001,12003,2019,2020,-0.2645574642761496,-0.2582554834635375,0.006301980812612129,0.006301980812612129,1671,352
11001,12004,2019,2020,-0.2068475066308989,-0.23593379997635347,-0.029086293345454567,0.029086293345454567,159,13
11001,13001,2019,2020,0.010402644835849656,0.02842758625563046,0.018024941419780803,0.018024941419780803,3524,806
11001,13002,2019,2020,-0.07388585703492881,-0.1113071992915002,-0.037421342256571385,0.037421342256571385,1944,353
11001,13003,2019,2020,0.09884279050615953,0.10002513401768855,0.001182343511529016,0.001182343511529016,3145,263
11001,13004,2019,2020,-0.007827547304310605,0.028976415083048903,0.03680396238735951,0.03680396238735951,1527,352
11001,13005,2019,2020,-0.07962404650314728,-0.06443817450491894,0.015185871998228337,0.015185871998228337,398,103
11001,14001,2019,2020,-0.03792732190193353,-0.05122917891473617,-0.013301857012802641,0.013301857012802641,3358,606
11001,14002,2019,2020,-0.050959454010506264,-0.040143473101684486,0.010815980908821778,0.010815980908821778,163,31
11001,14003,2019,2020,-0.04072402440601659,-0.04568324371928456,-0.004959219313267968,0.004959219313267968,1744,335
11001,14004,2019,2020,-0.04707504086991439,-0.1426302658509568,-0.09555522498104242,0.09555522498104242,449,40
11001,14005,2019,2020,-0.026489335020559574,-0.031516577587474615,-0.00502724256691504,0.00502724256691504,1139,226
11001,14006,2019,2020,0.0924348028092303,0.09576447627095121,0.003329673461720903,0.003329673461720903,909,200
11001,14007,2019,2020,0.0288920117198134,-0.03970188221060289,-0.06859389393041629,0.06859389393041629,1257,110
11001,15001,2019,2020,0.08402369780689646,0.10881525500187157,0.02479155719497511,0.02479155719497511,3358,592
11001,15002,2019,2020,0.019960091188460784,0.016758538042692363,-0.003201553145768421,0.003201553145768421,8263,1531
11001,15003,2019,2020,0.055357166142485044,0.07738265915300258,0.02202549301051753,0.02202549301051753,1989,496
11001,15004,2019,2020,0.0754903150420318,0.08513402423297795,0.009643709190946148,0.009643709190946148,3071,514
11001,15005,2019,2020,0.04092945100798527,0.07829126728030876,0.03736181627232349,0.03736181627232349,210,52
11001,15006,2019,2020,0.09757489049894363,0.16659889212279594,0.0690240016238523,0.0690240016238523,1429,354
11001,15007,2019,2020,-0.04021966377675341,-0.00922042882271455,0.030999234954038855,0.030999234954038855,40,16
11001,16001,2019,2020,-0.07332598087244271,-0.12244501625890321,-0.049119035386460494,0.049119035386460494,156,25
11001,16002,2019,2020,0.06416434683020596,0.053228228433815056,-0.010936118396390901,0.010936118396390901,1127,122
11001,16003,2019,2020,-0.024515931909056737,-0.05070497574949624,-0.026189043840439505,0.026189043840439505,747,74
11001,16004,2019,2020,-0.01862603686011081,-0.06522109243837808,-0.046595055578267264,0.046595055578267264,402,50
11002,11003,2019,2020,-0.3373959739609779,-0.3657899612107987,-0.028393987249820785,0.028393987249820785,607,85
11002,11004,2019,2020,-0.10386110658630257,-0.04614733847637213,0.05771376810993044,0.05771376810993044,839,128
11002,11005,2019,2020,-0.38452072863383613,-0.36509579268275205,0.019424935951084077,0.019424935951084077,867,293
11002,11006,2019,2020,0.013048860702293587,0.03954844133065094,0.026499580628357354,0.026499580628357354,1380,324
11002,11008,2019,2020,-0.2220912054027141,-0.24145137945263667,-0.019360174049922574,0.019360174049922574,349,90
11002,12001,2019,2020,0.07272919369833011,0.08685677459423663,0.014127580895906516,0.014127580895906516,5986,1326
11002,12002,2019,2020,0.0004370274035328297,-0.042903750053150794,-0.043340777456683625,0.043340777456683625,1307,211
11002,12003,2019,2020,0.0806474100010429,0.06409214850487331,-0.016555261496169593,0.016555261496169593,7800,1805
11002,12004,2019,2020,0.052784844143616984,0.022772980454273554,-0.03001186368934343,0.03001186368934343,1033,131
11002,12005,2019,2020,-0.1318465235707455,-0.037114917267922085,0.09473160630282342,0.09473160630282342,20,8
11002,13001,2019,2020,0.11423189592892265,0.14508874376317607,0.030856847834253423,0.030856847834253423,6758,1768
11002,13002,2019,2020,-0.1078970134825717,-0.12920347714964747,-0.021306463667075767,0.021306463667075767,2770,634
11002,13003,2019,2020,0.043113525545876365,0.06752567045048274,0.02441214490460638,0.02441214490460638,4068,400
11002,13004,2019,2020,-0.09680293741801123,-0.11783452070442924,-0.021031583286418007,0.021031583286418007,1718,370
11002,13005,2019,2020,0.01814087933578805,0.023754941775946885,0.005614062440158836,0.005614062440158836,984,274
11002,14001,2019,2020,-0.0038765485469941952,-0.007417048831707306,-0.003540500284713111,0.003540500284713111,5717,1238
11002,14002,2019,2020,0.021959431241801178,-0.026136640622098438,-0.048096071863899616,0.048096071863899616,379,61
11002,14003,2019,2020,0.0139850226665473,-0.005596775134504029,-0.019581797801051327,0.019581797801051327,3231,692
11002,14004,2019,2020,-0.062178619274168054,-0.09931292025017377,-0.037134300976005716,0.037134300976005716,658,100
11002,14005,2019,2020,0.049304711665664865,0.072905637661007,0.02360092599534213,0.02360092599534213,2288,573
11002,14006,2019,2020,0.003385555578368086,0.012338728377857513,0.008953172799489427,0.008953172799489427,965,250
11002,14007,2019,2020,-0.025904208183710017,-0.00872877210764899,0.017175436076061028,0.017175436076061028,1577,228
11002,15001,2019,2020,0.0001953790777212463,-0.012178141750100797,-0.012373520827822044,0.012373520827822044,4066,725
11002,15002,2019,2020,0.0013011178720824612,0.00033735643516401526,-0.0009637614369184459,0.0009637614369184459,12264,2625
11002,15003,2019,2020,-0.0069060050792336845,-0.00200259045136602,0.004903414627867664,0.004903414627867664,2484,680
11002,15004,2019,2020,0.009832260234464112,-0.0040435828934211335,-0.013875843127885246,0.013875843127885246,3886,685
11002,15005,2019,2020,0.06442016944904864,0.107352856095165,0.04293268664611635,0.04293268664611635,357,101
11002,15006,2019,2020,-0.011049834680573807,0.0026140997098740657,0.013663934390447873,0.013663934390447873,1469,348
11002,15007,2019,2020,-0.044169597917038186,0.024719609603305832,0.06888920752034403,0.06888920752034403,61,35
11002,16001,2019,2020,-0.13007201971467072,-0.13622465070688466,-0.006152630992213942,0.006152630992213942,174,44
11002,16002,2019,2020,0.042490221516508594,0.04280454642961634,0.0003143249131077469,0.0003143249131077469,1571,202
11002,16003,2019,2020,-0.09586323075204985,-0.09393410009018152,0.0019291306618683252,0.0019291306618683252,853,109
11002,16004,2019,2020,-0.02892148461736525,0.005572278228021858,0.034493762845387105,0.034493762845387105,595,131
11003,11004,2019,2020,-0.1565299771976167,-0.15806720342633016,-0.0015372262287134675,0.0015372262287134675,376,35
11003,11005,2019,2020,-0.39229731182635813,-0.3546642359303674,0.03763307589599074,0.03763307589599074,390,128
11003,11006,2019,2020,0.010380186763136423,0.029575994000409497,0.01919580723727307,0.01919580723727307,873,179
11003,11008,2019,2020,-0.19650915682665335,-0.15268333335406453,0.043825823472588815,0.043825823472588815,234,77
11003,12001,2019,2020,0.0162150504503235,0.0009166583322257254,-0.015298392118097774,0.015298392118097774,3375,614
11003,12002,2019,2020,0.05455445440109216,0.03885230750157062,-0.01570214689952154,0.01570214689952154,1035,168
11003,12003,2019,2020,0.060269840759289595,0.05708586060809587,-0.003183980151193727,0.003183980151193727,4895,1035
11003,12004,2019,2020,0.1076256474133838,0.09917099936680199,-0.008454648046581817,0.008454648046581817,839,107
11003,13001,2019,2020,-0.15799372305470225,-0.12816757587685712,0.029826147177845125,0.029826147177845125,1955,489
11003,13002,2019,2020,0.20838390011685376,0.23691642627059614,0.028532526153742382,0.028532526153742382,4249,976
11003,13003,2019,2020,0.08782234478610634,-5.706372596256921e-05,-0.08787940851206891,0.08787940851206891,2996,178
11003,13004,2019,2020,-0.18040443571700232,-0.15303942867343287,0.02736500704356945,0.02736500704356945,689,162
11003,13005,2019,2020,-0.0375350477624581,-0.004403284401365846,0.033131763361092255,0.033131763361092255,485,138
11003,14001,2019,2020,-0.02601127077692605,-0.01637607951447666,0.00963519126244939,0.00963519126244939,3406,676
11003,14002,2019,2020,-0.042594685590647004,-0.02055834690573603,0.022036338684910974,0.022036338684910974,168,35
11003,14003,2019,2020,0.053471035436404676,0.06403927278400706,0.010568237347602386,0.010568237347602386,2345,489
11003,14004,2019,2020,0.11831166613736638,0.13043360801675483,0.012121941879388448,0.012121941879388448,908,162
11003,14005,2019,2020,-0.09461726978757523,-0.0878609270766171,0.006756342710958124,0.006756342710958124,827,176
11003,14006,2019,2020,-0.06368932519109266,-0.0034399597515085353,0.060249365439584125,0.060249365439584125,443,132
11003,14007,2019,2020,0.11137476390115619,0.06497473628817224,-0.04640002761298395,0.04640002761298395,1643,176
11003,15001,2019,2020,-0.06143517301779773,-0.08545077476418433,-0.024015601746386603,0.024015601746386603,2105,307
11003,15002,2019,2020,-0.02836838993302852,-0.03137648943089666,-0.0030080994978681393,0.0030080994978681393,7335,1377
11003,15003,2019,2020,-0.05710580337567267,-0.025764940970101038,0.03134086240557163,0.03134086240557163,1298,351
11003,15004,2019,2020,0.015035456514806507,0.018390303851920652,0.003354847337114145,0.003354847337114145,2523,416
11003,15005,2019,2020,-0.09649109245356076,-0.1583708978825836,-0.06187980542902284,0.06187980542902284,87,11
11003,15006,2019,2020,-0.05220083911342489,-0.08398492957830204,-0.03178409046487715,0.03178409046487715,776,132
11003,15007,2019,2020,-0.021646571645206298,-0.03905451190031773,-0.017407940255111432,0.017407940255111432,45,13
11003,16001,2019,2020,-0.023404127885529875,0.013795553624160772,0.03719968150969065,0.03719968150969065,207,58
11003,16002,2019,2020,0.024616452666622442,-0.031736397023566405,-0.05635284969018885,0.05635284969018885,948,81
11003,16003,2019,2020,0.18792861924552637,0.19706396573197782,0.009135346486451451,0.009135346486451451,1606,216
11003,16004,2019,2020,-0.04705368387283157,-0.030678117645818157,0.016375566227013413,0.016375566227013413,339,61
11004,11005,2019,2020,-0.2502178686322673,-0.2473900554692793,0.0028278131629879966,0.0028278131629879966,357,49
11004,11006,2019,2020,0.08440146960998493,0.1543255772634435,0.06992410765345858,0.06992410765345858,567,99
11004,11008,2019,2020,-0.14090882471022334,-0.0736960280059127,0.06721279670431064,0.06721279670431064,135,32
11004,12001,2019,2020,-0.01886332133893032,-0.009096861157085849,0.009766460181844471,0.009766460181844471,1375,174
11004,12002,2019,2020,0.03402338554494968,0.05989927101806017,0.02587588547311049,0.02587588547311049,449,58
11004,12003,2019,2020,0.06407328317649262,0.035001913548637256,-0.029071369627855365,0.029071369627855365,2372,302
11004,12004,2019,2020,0.0935144295824331,0.08677745940168984,-0.0067369701807432625,0.0067369701807432625,389,33
11004,13001,2019,2020,-0.08857728974735055,-0.005823171972153269,0.08275411777519728,0.08275411777519728,1077,215
11004,13002,2019,2020,-0.05247628391138846,-0.014785018653572379,0.03769126525781608,0.03769126525781608,902,146
11004,13003,2019,2020,0.24103761573746796,0.19816799535997037,-0.042869620377497586,0.042869620377497586,2310,131
11004,13004,2019,2020,-0.1741528142505441,-0.10355117918863631,0.0706016350619078,0.0706016350619078,277,53
11004,13005,2019,2020,-0.08992503486552789,-0.06998153584333146,0.01994349902219643,0.01994349902219643,156,27
11004,14001,2019,2020,-0.008601025272605119,0.007177730566835879,0.015778755839440998,0.015778755839440998,1630,216
11004,14002,2019,2020,-0.0531832646777362,-0.06802498945509261,-0.014841724777356409,0.014841724777356409,69,7
11004,14003,2019,2020,0.023456812020371455,-0.01689201742321177,-0.04034882944358323,0.04034882944358323,995,108
11004,14004,2019,2020,-0.08085260621787574,-0.1268809121249447,-0.04602830590706897,0.04602830590706897,157,11
11004,14005,2019,2020,-0.04290065918868158,-0.005022039074618569,0.03787862011406301,0.03787862011406301,461,74
11004,14006,2019,2020,0.009704720742565684,0.022379231058646493,0.012674510316080809,0.012674510316080809,292,45
11004,14007,2019,2020,0.10942801857799532,0.027767779691698483,-0.08166023888629684,0.08166023888629684,808,46
11004,15001,2019,2020,0.0198404436288631,0.05902427587998809,0.03918383225112499,0.03918383225112499,1278,162
11004,15002,2019,2020,0.02011684425465922,0.014827895862484118,-0.005288948392175101,0.005288948392175101,3770,459
11004,15003,2019,2020,-0.019537064523263963,0.05044235969628893,0.06997942421955289,0.06997942421955289,678,143
11004,15004,2019,2020,0.13802079468317585,0.11506593775540316,-0.022954856927772688,0.022954856927772688,1788,188
11004,15005,2019,2020,-0.12041142146891871,-0.0661592307116848,0.05425219075723392,0.05425219075723392,30,6
11004,15006,2019,2020,-0.057983427606743236,0.02050395957158075,0.07848738717832399,0.07848738717832399,330,64
11004,15007,2019,2020,-0.04978574220709127,0.06263572132626374,0.11242146353335501,0.11242146353335501,16,8
11004,16002,2019,2020,0.09717656662754375,0.0049725598351537436,-0.09220400679239,0.09220400679239,612,29
11004,16003,2019,2020,0.04292981535768252,0.039953932926302844,-0.002975882431379674,0.002975882431379674,460,36
11004,16004,2019,2020,-0.06759770460297079,-0.0018864220650369563,0.06571128253793383,0.06571128253793383,131,21
11005,11006,2019,2020,-0.15061709994589773,-0.17085172818746525,-0.02023462824156752,0.02023462824156752,655,163
11005,11007,2019,2020,-0.1852161340942165,-0.09982571147450904,0.08539042261970746,0.08539042261970746,18,9
11005,11008,2019,2020,-0.2554095298124307,-0.3195921265812167,-0.06418259676878602,0.06418259676878602,271,69
11005,12001,2019,2020,0.11505513051813739,0.06684067394419398,-0.04821445657394341,0.04821445657394341,6431,1544
11005,12002,2019,2020,0.06865717091797102,0.07452407056229668,0.005866899644325657,0.005866899644325657,1641,402
11005,12003,2019,2020,0.05965756804686012,0.07469781459325775,0.015040246546397629,0.015040246546397629,7372,2234
11005,12004,2019,2020,-0.14095741367441975,-0.13495911789785764,0.005998295776562107,0.005998295776562107,406,72
11005,13001,2019,2020,0.035094670702435715,-0.021796254295773435,-0.05689092499820915,0.05689092499820915,5629,1555
11005,13002,2019,2020,-0.03196687475628202,-0.03824089340490892,-0.0062740186486268945,0.0062740186486268945,3461,1048
11005,13003,2019,2020,-0.268197541144202,-0.19969739608316106,0.06850014506104096,0.06850014506104096,1270,162
11005,13004,2019,2020,0.19511578811406752,0.152676965854704,-0.04243882225936352,0.04243882225936352,4024,1023
11005,13005,2019,2020,0.09305768176817178,0.056396344214856266,-0.036661337553315514,0.036661337553315514,1283,376
11005,14001,2019,2020,0.08722946849830791,0.07349250322085796,-0.013736965277449956,0.013736965277449956,6847,1795
11005,14002,2019,2020,0.06430288435955431,0.04035468252945818,-0.023948201830096126,0.023948201830096126,456,105
11005,14003,2019,2020,0.008444560488019774,0.028953122357433185,0.02050856186941341,0.02050856186941341,3126,935
11005,14004,2019,2020,-0.0266435299454755,0.03039547633360445,0.05703900627907995,0.05703900627907995,762,226
11005,14005,2019,2020,0.06610758622580934,0.033446449132616345,-0.032661137093192995,0.032661137093192995,2370,622
11005,14006,2019,2020,-0.04506481200775405,-0.05107632497470466,-0.0060115129669506065,0.0060115129669506065,769,239
11005,14007,2019,2020,-0.10631997695944356,-0.04611077759326297,0.06020919936618059,0.06020919936618059,1116,242
11005,15001,2019,2020,-0.05799164765287084,-0.03629630441645621,0.02169534323641463,0.02169534323641463,3383,837
11005,15002,2019,2020,-0.004956750641734187,-0.003704406347142563,0.001252344294591624,0.001252344294591624,11935,3214
11005,15003,2019,2020,-0.07852522383983998,-0.10007811680958248,-0.0215528929697425,0.0215528929697425,1905,621
11005,15004,2019,2020,-0.14367560298717247,-0.10587504829552703,0.037800554691645435,0.037800554691645435,2336,618
11005,15005,2019,2020,-0.08297164678602768,-0.09819789532276867,-0.015226248536740983,0.015226248536740983,154,42
11005,15006,2019,2020,-0.10999167336346719,-0.11328433866718063,-0.0032926653037134435,0.0032926653037134435,955,274
11005,15007,2019,2020,-0.06339910278284025,-0.09586860191449952,-0.032469499131659266,0.032469499131659266,52,20
11005,16001,2019,2020,0.11872196798211687,0.08325903820430607,-0.035462929777810806,0.035462929777810806,627,169
11005,16002,2019,2020,-0.11428789678899683,-0.05439326919813899,0.059894627590857834,0.059894627590857834,810,164
11005,16003,2019,2020,-0.07365255622394555,-0.05824926959408751,0.015403286629858043,0.015403286629858043,927,163
11005,16004,2019,2020,0.09277110179813382,0.06758936656013023,-0.025181735238003586,0.025181735238003586,978,208
11006,11007,2019,2020,-0.04971440464462687,0.014928975141089323,0.06464337978571619,0.06464337978571619,16,5
11006,11008,2019,2020,-0.13777163202773712,-0.08299298889616158,0.054778643131575544,0.054778643131575544,139,56
11006,12001,2019,2020,-0.016331807679112798,-0.010812598301575344,0.005519209377537453,0.005519209377537453,1397,307
11006,12002,2019,2020,-0.002372186759628714,0.012611156763165552,0.014983343522794266,0.014983343522794266,378,79
11006,12003,2019,2020,0.0245015017542126,0.026757133875836347,0.0022556321216237463,0.0022556321216237463,2107,510
11006,12004,2019,2020,-0.094336813854011,-0.12386712922235767,-0.02953031536834666,0.02953031536834666,138,15
11006,13001,2019,2020,0.065112929410148,0.06562700340552005,0.0005140739953720525,0.0005140739953720525,1932,483
11006,13002,2019,2020,-0.023904297218301476,-0.048947325962368546,-0.02504302874406707,0.02504302874406707,1026,226
11006,13003,2019,2020,-0.015323819955456494,0.08507832134071348,0.10040214129616998,0.10040214129616998,998,137
11006,13004,2019,2020,-0.09209714150738117,-0.1579271995936976,-0.06583005808631644,0.06583005808631644,453,73
11006,13005,2019,2020,0.03715493319891195,0.0239871050334483,-0.01316782816546365,0.01316782816546365,325,83
11006,14001,2019,2020,0.025505782945048513,0.027075888158222785,0.001570105213174272,0.001570105213174272,1848,407
11006,14002,2019,2020,-0.002284830953653715,-0.056774784143982314,-0.0544899531903286,0.0544899531903286,98,14
11006,14003,2019,2020,0.03437115582181577,0.06040955189798709,0.026038396076171325,0.026038396076171325,1045,262
11006,14004,2019,2020,-0.03867495805355751,-0.08673600040344617,-0.048061042349888665,0.048061042349888665,205,28
11006,14005,2019,2020,0.020080381350956127,0.029531978626907433,0.009451597275951306,0.009451597275951306,626,153
11006,14006,2019,2020,-0.0703202442805985,-0.08160984170238371,-0.011289597421785202,0.011289597421785202,186,44
11006,14007,2019,2020,0.01381977074964453,0.025175982539060626,0.011356211789416095,0.011356211789416095,542,79
11006,15001,2019,2020,0.01283424417032641,-0.017942212648004795,-0.030776456818331206,0.030776456818331206,1252,205
11006,15002,2019,2020,-0.017534026033504194,-0.0011904228284273293,0.016343603205076863,0.016343603205076863,3413,769
11006,15003,2019,2020,-0.062114171681122085,-0.0560780546882808,0.0060361169928412825,0.0060361169928412825,557,157
11006,15004,2019,2020,-0.05215520081278146,0.0083262444950807,0.06048144530786216,0.06048144530786216,891,211
11006,15005,2019,2020,-0.06597211752026885,-0.0923153180747852,-0.026343200554516347,0.026343200554516347,47,9
11006,15006,2019,2020,-0.0613585044204315,-0.051200413508795124,0.010158090911636379,0.010158090911636379,326,78
11006,15007,2019,2020,-0.10188031625673002,0.04287174902019655,0.14475206527692658,0.14475206527692658,10,12
11006,16001,2019,2020,-0.08428349448879412,-0.11153284111637288,-0.02724934662757876,0.02724934662757876,61,13
11006,16002,2019,2020,-0.0034134714106227263,-0.006202714204080595,-0.002789242793457869,0.002789242793457869,388,48
11006,16003,2019,2020,-0.04738410504018965,-0.05659642924092369,-0.009212324200734034,0.009212324200734034,292,36
11006,16004,2019,2020,0.004980121860223303,-0.021603992249094848,-0.02658411410931815,0.02658411410931815,205,33
11007,12001,2019,2020,-0.039833263697065927,-0.020772249226407666,0.01906101447065826,0.01906101447065826,71,15
11007,12002,2019,2020,0.029889776642738147,0.07430284748691572,0.044413070844177574,0.044413070844177574,30,7
11007,12003,2019,2020,0.056510280369563216,0.010828288984078428,-0.04568199138548479,0.04568199138548479,169,27
11007,13001,2019,2020,-0.028534980313301813,0.007228276315951635,0.03576325662925345,0.03576325662925345,80,22
11007,13002,2019,2020,-0.007832731520259716,0.045567622501166936,0.05340035402142665,0.05340035402142665,67,20
11007,13004,2019,2020,0.001984573104106716,-0.05193192131223153,-0.05391649441633825,0.05391649441633825,45,6
11007,14001,2019,2020,-0.011828409578880716,0.014856765760853995,0.02668517533973471,0.02668517533973471,98,22
11007,14003,2019,2020,0.01966594935390046,-0.002198671838609291,-0.021864621192509752,0.021864621192509752,65,11
11007,14005,2019,2020,0.008463811603571894,-0.02454082566797916,-0.033004637271551056,0.033004637271551056,38,6
11007,15001,2019,2020,0.008920096506152192,0.02343277301547854,0.014512676509326347,0.014512676509326347,79,14
11007,15002,2019,2020,-0.009983735470132503,-0.02025199957926429,-0.010268264109131786,0.010268264109131786,212,37
11007,15003,2019,2020,-0.07070738409678608,-0.02585340548334469,0.044853978613441384,0.044853978613441384,27,9
11007,15004,2019,2020,0.00975786063995336,0.02404010353690107,0.01428224289694771,0.01428224289694771,74,13
11007,15006,2019,2020,-0.0252276072577368,0.05126824132424575,0.07649584858198255,0.07649584858198255,23,8
11008,12001,2019,2020,0.032143258580736064,0.007260203429278211,-0.024883055151457854,0.024883055151457854,1393,351
11008,12002,2019,2020,-0.014168270000843348,-0.015750369756868342,-0.0015820997560249943,0.0015820997560249943,295,73
11008,12003,2019,2020,0.022955694922535606,0.04003584234143239,0.017080147418896786,0.017080147418896786,1750,567
11008,12004,2019,2020,0.05260918081789381,0.06837949637261836,0.015770315554724558,0.015770315554724558,270,54
11008,13001,2019,2020,-0.050039149725603055,-0.08987938268886198,-0.03984023296325892,0.03984023296325892,1050,296
11008,13002,2019,2020,0.08836319794753461,0.10452214222833256,0.01615894428079795,0.01615894428079795,1316,422
11008,13003,2019,2020,-0.07626573910337735,-0.017820090218992016,0.05844564888438533,0.05844564888438533,624,91
11008,13004,2019,2020,0.030032359642204142,-0.04738174235719282,-0.07741410199939697,0.07741410199939697,675,143
11008,13005,2019,2020,0.03433080898997898,0.02944342728377143,-0.004887381706207547,0.004887381706207547,268,91
11008,14001,2019,2020,-0.018367814950727514,-0.0037949765555738515,0.014572838395153663,0.014572838395153663,1311,391
11008,14002,2019,2020,-0.0267456949367493,-0.0005309131726445999,0.0262147817641047,0.0262147817641047,69,22
11008,14003,2019,2020,-0.017352772718086117,0.021407682873046882,0.038760455591133,0.038760455591133,700,241
11008,14004,2019,2020,0.033708593667327764,0.0486606852779628,0.014952091610635036,0.014952091610635036,255,66
11008,14005,2019,2020,-0.050174219859704806,-0.07985807197287846,-0.029683852113173655,0.029683852113173655,368,97
11008,14006,2019,2020,-0.019269123611214366,-0.026693236668073345,-0.007424113056858979,0.007424113056858979,208,65
11008,14007,2019,2020,0.010256269495805062,0.045425757642440584,0.03516948814663552,0.03516948814663552,444,93
11008,15001,2019,2020,-0.021316626141238994,-0.037515428813648964,-0.01619880267240997,0.01619880267240997,906,202
11008,15002,2019,2020,-0.002919760098595663,-0.01730388780350213,-0.014384127704906467,0.014384127704906467,2957,786
11008,15003,2019,2020,0.043004453533553054,0.011029448500516355,-0.0319750050330367,0.0319750050330367,747,225
11008,15004,2019,2020,-0.0113581715135526,-0.012525582213040206,-0.0011674106994876057,0.0011674106994876057,879,207
11008,15005,2019,2020,0.01224461433628702,-0.08834210079407732,-0.10058671513036435,0.10058671513036435,68,10
11008,15006,2019,2020,0.04960965738171824,-0.06197563640860708,-0.11158529379032532,0.11158529379032532,474,79
11008,15007,2019,2020,0.11523513691567017,-0.007558235211667747,-0.12279337212733792,0.12279337212733792,46,9
11008,16001,2019,2020,0.08675220658684887,0.10675739702026854,0.020005190433419667,0.020005190433419667,152,54
11008,16002,2019,2020,-0.0532092971027079,0.02252277118011338,0.07573206828282128,0.07573206828282128,245,60
11008,16003,2019,2020,0.04101228421195859,0.061824597481867784,0.02081231326990919,0.02081231326990919,384,74
11008,16004,2019,2020,0.02006752132093883,-0.0279757128343587,-0.04804323415529753,0.04804323415529753,186,34
12001,12002,2019,2020,-0.4169021414911836,-0.39426967182539596,0.022632469665787636,0.022632469665787636,105,24
12001,12003,2019,2020,-0.576735606618559,-0.6118175032106048,-0.03508189659204575,0.03508189659204575,445,81
12001,12004,2019,2020,-0.37925456047948547,-0.34584506966616246,0.033409490813323006,0.033409490813323006,75,12
12001,13001,2019,2020,0.03214321540390202,0.014816534693887955,-0.017326680710014065,0.017326680710014065,6402,1559
12001,13002,2019,2020,-0.03211002605741041,-0.03521585175021265,-0.0031058256928022387,0.0031058256928022387,3997,977
12001,13003,2019,2020,-0.07131329556667486,-0.03496675962037764,0.03634653594629722,0.03634653594629722,3336,317
12001,13004,2019,2020,0.09660069368845628,0.07719613926228773,-0.01940455442616855,0.01940455442616855,3589,798
12001,13005,2019,2020,-0.041085800623228134,-0.07971656477122668,-0.03863076414799855,0.03863076414799855,868,205
12001,14001,2019,2020,0.036075202890372825,0.030843658518358186,-0.005231544372014639,0.005231544372014639,7043,1537
12001,14002,2019,2020,0.0069510254813280594,-0.04232577143645533,-0.04927679691778339,0.04927679691778339,397,64
12001,14003,2019,2020,-0.01762967523019716,-0.035985699970419234,-0.018356024740222073,0.018356024740222073,3333,724
12001,14004,2019,2020,-0.047266295563066225,-0.060315171088556684,-0.013048875525490458,0.013048875525490458,803,141
12001,14005,2019,2020,0.06700056063180398,0.07646181178739953,0.00946125115559554,0.00946125115559554,2709,655
12001,14006,2019,2020,-0.03277917644702983,0.013210967223877877,0.04599014367090771,0.04599014367090771,939,286
12001,14007,2019,2020,-0.0264465908463802,-0.0016856754021496085,0.02476091544423059,0.02476091544423059,1785,268
12001,15001,2019,2020,-0.013990996234709155,-0.015366477807726207,-0.0013754815730170518,0.0013754815730170518,4430,822
12001,15002,2019,2020,0.015641280569894934,0.017225386085467937,0.0015841055155730033,0.0015841055155730033,14149,3072
12001,15003,2019,2020,-0.04479435527935652,-0.025370586842473553,0.019423768436882965,0.019423768436882965,2490,726
12001,15004,2019,2020,-0.05308849070965086,-0.019399606422503646,0.03368888428714721,0.03368888428714721,3690,749
12001,15005,2019,2020,0.027078626961737344,0.050267736551818196,0.02318910959008085,0.02318910959008085,334,88
12001,15006,2019,2020,-0.013358746225519864,-0.019658303225507885,-0.006299556999988021,0.006299556999988021,1649,367
12001,15007,2019,2020,-0.03294787293437966,-0.007575001057911391,0.02537287187646827,0.02537287187646827,75,33
12001,16001,2019,2020,-0.04869588997361629,-0.07510465898486256,-0.026408769011246266,0.026408769011246266,326,74
12001,16002,2019,2020,-0.07493276121429587,-0.045317275904247084,0.02961548531004879,0.02961548531004879,1131,158
12001,16003,2019,2020,-0.04475085349520294,-0.002632328090119811,0.04211852540508313,0.04211852540508313,1217,193
12001,16004,2019,2020,0.05183563302241979,0.0625500774654701,0.010714444443050315,0.010714444443050315,952,190
12002,12003,2019,2020,-0.40498452673412244,-0.4510727828758353,-0.04608825614171286,0.04608825614171286,187,25
12002,13001,2019,2020,-0.039264472274831236,-0.06334986086356059,-0.024085388588729356,0.024085388588729356,1322,274
12002,13002,2019,2020,0.051371845748398814,0.06329394795972836,0.011922102211329541,0.011922102211329541,1363,314
12002,13003,2019,2020,0.010201211703085867,0.005532674640187643,-0.004668537062898224,0.004668537062898224,1099,86
12002,13004,2019,2020,0.014799658634580505,0.03176283111470501,0.0169631724801245,0.0169631724801245,752,171
12002,13005,2019,2020,-0.01422528855822655,-0.0061922214378480655,0.008033067120378483,0.008033067120378483,246,64
12002,14001,2019,2020,0.03324453087362238,0.026916215490095926,-0.006328315383526451,0.006328315383526451,1884,367
12002,14002,2019,2020,0.01417502013965363,0.019104505024361763,0.004929484884708133,0.004929484884708133,108,21
12002,14003,2019,2020,0.02617190054163867,0.0409206343872974,0.01474873384565873,0.01474873384565873,1005,220
12002,14004,2019,2020,-0.03995051238500613,0.00029083877768068306,0.04024135116268682,0.04024135116268682,202,43
12002,14005,2019,2020,0.008110774771983987,-0.006627917437086934,-0.014738692209070921,0.014738692209070921,589,117
12002,14006,2019,2020,-0.03811069562011603,-0.03472374409018089,0.0033869515299351366,0.0033869515299351366,224,52
12002,14007,2019,2020,0.05181074884597449,0.04326360586020801,-0.008547142985766476,0.008547142985766476,638,78
12002,15001,2019,2020,-0.05745138127547648,-0.05329352804204151,0.004157853233434969,0.004157853233434969,932,157
12002,15002,2019,2020,-0.000455843780250597,0.0003855954091414117,0.0008414391893920086,0.0008414391893920086,3559,695
12002,15003,2019,2020,-0.08455961064217912,-0.05961118606423347,0.024948424577945653,0.024948424577945653,493,138
12002,15004,2019,2020,-0.0313910209461217,-0.032419018266985775,-0.0010279973208640741,0.0010279973208640741,968,159
12002,15005,2019,2020,-0.07355871812423292,-0.14669274638239818,-0.07313402825816526,0.07313402825816526,44,5
12002,15006,2019,2020,-0.07421901295462643,-0.08068150493349845,-0.006462491978872012,0.006462491978872012,301,59
12002,15007,2019,2020,-0.08181900732044585,0.0161784596073269,0.09799746692777275,0.09799746692777275,12,9
12002,16001,2019,2020,-0.03683999916901312,0.01659245654455359,0.05343245571356671,0.05343245571356671,85,28
12002,16002,2019,2020,-0.012954008542150867,-0.04603055309748742,-0.033076544555336554,0.033076544555336554,367,34
12002,16003,2019,2020,-0.00751226332451951,-0.029765515871805648,-0.022253252547286138,0.022253252547286138,359,38
12002,16004,2019,2020,0.024625116269487175,0.06656033877010485,0.04193522250061768,0.04193522250061768,227,49
12003,12004,2019,2020,-0.41371826612405876,-0.46695888831180704,-0.05324062218774828,0.05324062218774828,80,5
12003,13001,2019,2020,0.01969351983256182,0.02822875028706738,0.00853523045450556,0.00853523045450556,8102,2320
12003,13002,2019,2020,0.05156649343492756,0.058388868967271315,0.006822375532343758,0.006822375532343758,6392,1760
12003,13003,2019,2020,-0.001466213224061701,-0.00892326189935927,-0.007457048675297569,0.007457048675297569,5336,513
12003,13004,2019,2020,-0.1225691880439649,-0.1317577151799242,-0.009188527135959315,0.009188527135959315,2416,631
12003,13005,2019,2020,0.08300613690803575,0.08572571886909947,0.0027195819610637134,0.0027195819610637134,1804,548
12003,14001,2019,2020,0.013249475841313934,0.01786547392107377,0.0046159980797598355,0.0046159980797598355,8744,2173
12003,14002,2019,2020,0.027296065953900307,0.04560756878968755,0.018311502835787245,0.018311502835787245,569,144
12003,14003,2019,2020,0.05766807697521584,0.07116039308918262,0.013492316113966785,0.013492316113966785,5271,1379
12003,14004,2019,2020,0.04155087977520568,0.0621627752616492,0.020611895486443516,0.020611895486443516,1499,340
12003,14005,2019,2020,-0.01659040461901492,-0.021943566895869498,-0.005353162276854579,0.005353162276854579,2736,715
12003,14006,2019,2020,-0.017594830416728505,-0.035310570637871345,-0.01771574022114284,0.01771574022114284,1315,350
12003,14007,2019,2020,0.007797021116718951,0.019587332705449177,0.011790311588730226,0.011790311588730226,2623,422
12003,15001,2019,2020,-0.05641911397943208,-0.07832276173999483,-0.021903647760562757,0.021903647760562757,5236,1028
12003,15002,2019,2020,-0.03469657741491945,-0.03385723567080903,0.0008393417441104195,0.0008393417441104195,17328,4218
12003,15003,2019,2020,-0.03661081679891978,-0.07044680809418861,-0.03383599129526883,0.03383599129526883,3378,950
12003,15004,2019,2020,-0.01147353080025336,-0.028328276422672497,-0.016854745622419138,0.016854745622419138,5439,1079
12003,15005,2019,2020,-0.0845017060002594,-0.08410949749736438,0.0003922085028950223,0.0003922085028950223,238,64
12003,15006,2019,2020,-0.09727012186838205,-0.12211848559703611,-0.024848363728654066,0.024848363728654066,1590,373
12003,15007,2019,2020,0.0011168404363350645,0.005283196720428867,0.004166356284093803,0.004166356284093803,123,52
12003,16001,2019,2020,0.07360071242009314,0.0868854462599982,0.013284733839905055,0.013284733839905055,757,227
12003,16002,2019,2020,0.0266877667058737,0.02768611448465327,0.0009983477787795687,0.0009983477787795687,2173,313
12003,16003,2019,2020,0.04441476463572788,0.04540512065527741,0.0009903560195495265,0.0009903560195495265,2192,337
12003,16004,2019,2020,-0.028270433856815023,-0.029757500543191196,-0.0014870666863761733,0.0014870666863761733,892,188
12004,13001,2019,2020,-0.19075430952066577,-0.16503831512978973,0.025715994390876046,0.025715994390876046,373,69
12004,13002,2019,2020,0.06997331969076805,0.029515814399178508,-0.040457505291589535,0.040457505291589535,958,133
12004,13003,2019,2020,0.0833633195039503,0.03235354263702338,-0.051009776866926926,0.051009776866926926,952,47
12004,13004,2019,2020,0.05570924491143475,0.13871048958439927,0.08300124467296452,0.08300124467296452,583,132
12004,13005,2019,2020,-0.06653127286239055,-0.060442419166098854,0.006088853696291696,0.006088853696291696,112,21
12004,14001,2019,2020,-0.07294894596566195,-0.09709474914942214,-0.02414580318376018,0.02414580318376018,783,97
12004,14003,2019,2020,-0.07062643575779019,-0.11319194052421944,-0.042565504766429244,0.042565504766429244,406,46
12004,14004,2019,2020,0.13629147746852424,0.12361554613436025,-0.01267593133416399,0.01267593133416399,329,41
12004,14005,2019,2020,-0.14855175445354085,-0.1360287422193395,0.012523012234201353,0.012523012234201353,149,24
12004,14006,2019,2020,-0.0245569486652136,-0.045975720941707265,-0.021418772276493664,0.021418772276493664,153,22
12004,14007,2019,2020,0.008533175540365852,-0.03153323273643779,-0.04006640827680364,0.04006640827680364,337,24
12004,15001,2019,2020,0.04970593299903927,0.11664540817379855,0.06693947517475929,0.06693947517475929,930,156
12004,15002,2019,2020,-0.011110347004547308,-0.00013089910057499925,0.010979447903972308,0.010979447903972308,2196,325
12004,15003,2019,2020,0.08423906674771096,0.16650358226930076,0.0822645155215898,0.0822645155215898,688,174
12004,15004,2019,2020,0.0696742374138315,0.039527154627813546,-0.03014708278601795,0.03014708278601795,940,104
12004,15005,2019,2020,0.07995520894154838,0.0809837604567243,0.0010285515151759184,0.0010285515151759184,81,13
12004,15006,2019,2020,0.12335935007690461,0.17694785635511961,0.053588506278215,0.053588506278215,512,101
12004,15007,2019,2020,0.11051156480253281,0.06125528524183579,-0.049256279560697024,0.049256279560697024,35,6
12004,16001,2019,2020,-0.02060176036307976,-0.05303121425064753,-0.032429453887567766,0.032429453887567766,60,8
12004,16002,2019,2020,0.06030863505071394,0.041092075783838895,-0.019216559266875044,0.019216559266875044,342,27
12004,16003,2019,2020,0.08066491623948042,0.005965997557496691,-0.07469891868198374,0.07469891868198374,360,22
12004,16004,2019,2020,-0.04923620788653613,-0.02844359073792879,0.020792617148607345,0.020792617148607345,92,13
12005,13001,2019,2020,-0.03449863717975303,0.013348367923682323,0.047847005103435356,0.047847005103435356,53,16
12005,13002,2019,2020,-0.03564570954026521,-0.019417032110929884,0.016228677429335328,0.016228677429335328,38,9
12005,13003,2019,2020,0.06315467087285989,0.07026643960358081,0.007111768730720919,0.007111768730720919,71,6
12005,13004,2019,2020,0.020141919750162444,-0.00485879843420705,-0.025000718184369494,0.025000718184369494,36,6
12005,14001,2019,2020,-0.08403880818274223,-0.10963361265396802,-0.025594804471225793,0.025594804471225793,40,6
12005,15001,2019,2020,0.07487308454783807,0.08730827495739515,0.012435190409557081,0.012435190409557081,85,15
12005,15002,2019,2020,0.019880912580532175,-0.011663640776686237,-0.03154455335721841,0.03154455335721841,176,27
12005,15003,2019,2020,0.1527903236042279,0.14094323943400247,-0.011847084170225425,0.011847084170225425,88,19
12005,15004,2019,2020,0.1027455183693113,0.05097959793103954,-0.05176592043827176,0.05176592043827176,94,11
12005,15006,2019,2020,0.11908092453869468,0.1496598962248376,0.03057897168614293,0.03057897168614293,46,11
13001,13002,2019,2020,-0.5401610128049943,-0.5872545349050259,-0.04709352210003159,0.04709352210003159,221,49
13001,13003,2019,2020,-0.5448615873748569,-0.4417094826912765,0.10315210468358038,0.10315210468358038,182,30
13001,13004,2019,2020,-0.5015374970651431,-0.5624192203432821,-0.06088172327813901,0.06088172327813901,134,21
13001,13005,2019,2020,-0.4088419393330288,-0.4590412219642225,-0.050199282631193665,0.050199282631193665,67,16
13001,14001,2019,2020,0.04914306427664265,0.05211512384461168,0.002972059567969025,0.002972059567969025,7513,1934
13001,14002,2019,2020,0.06728458417153008,0.023220985234551593,-0.04406359893697848,0.04406359893697848,547,109
13001,14003,2019,2020,-0.030878740788147268,-0.020888554473180825,0.009990186314966443,0.009990186314966443,3339,925
13001,14004,2019,2020,-0.19542401485436625,-0.23453101401821613,-0.03910699916384988,0.03910699916384988,382,65
13001,14005,2019,2020,0.125331014428707,0.09871357822915613,-0.02661743619955087,0.02661743619955087,3294,832
13001,14006,2019,2020,0.06647355485359481,0.05367388490101233,-0.012799669952582478,0.012799669952582478,1434,399
13001,14007,2019,2020,-0.16572432496082598,-0.07834043916621862,0.08738388579460736,0.08738388579460736,1043,240
13001,15001,2019,2020,0.05928378834909039,0.03211690983288204,-0.027166878516208352,0.027166878516208352,5505,1129
13001,15002,2019,2020,0.019947411499672288,0.027368671586052624,0.007421260086380336,0.007421260086380336,14803,3772
13001,15003,2019,2020,-0.0015750040994192984,-0.05672574483040452,-0.05515074073098522,0.05515074073098522,2973,812
13001,15004,2019,2020,-0.060015320306402706,-0.021787229139675467,0.038228091166727235,0.038228091166727235,3772,909
13001,15005,2019,2020,0.0644822657509585,0.048047042581510796,-0.016435223169447705,0.016435223169447705,416,105
13001,15006,2019,2020,-0.011265306221972386,-0.010841720033540161,0.0004235861884322248,0.0004235861884322248,1730,462
13001,15007,2019,2020,-0.013635430602668785,-0.004242752075298256,0.009392678527370529,0.009392678527370529,89,41
13001,16001,2019,2020,-0.17609530889516298,-0.2533043122771738,-0.07720900338201084,0.07720900338201084,153,28
13001,16002,2019,2020,-0.09637866735153762,-0.04304565162225082,0.0533330157292868,0.0533330157292868,1076,196
13001,16003,2019,2020,-0.20248379618885393,-0.16591681941995648,0.03656697676889745,0.03656697676889745,593,107
13001,16004,2019,2020,-0.0066318364893855454,-0.024887759611782304,-0.01825592312239676,0.01825592312239676,777,159
13002,13003,2019,2020,-0.5083861889756836,-0.4280097733910886,0.08037641558459496,0.08037641558459496,148,19
13002,13004,2019,2020,-0.4865996103084878,-0.5596530564989053,-0.07305344619041748,0.07305344619041748,87,10
13002,13005,2019,2020,-0.3791626421816413,-0.42545284889858215,-0.04629020671694084,0.04629020671694084,56,13
13002,14001,2019,2020,-0.0479228113878702,-0.047541178671478085,0.0003816327163921121,0.0003816327163921121,4381,1103
13002,14002,2019,2020,-0.029716543587851543,0.01584948501583097,0.045566028603682515,0.045566028603682515,248,75
13002,14003,2019,2020,0.05559228685985476,0.10014492527559862,0.04455263841574386,0.04455263841574386,3143,905
13002,14004,2019,2020,0.2682080916335332,0.24775023685857994,-0.020457854774953266,0.020457854774953266,1889,383
13002,14005,2019,2020,-0.15717105674242515,-0.12301795104858794,0.03415310569383721,0.03415310569383721,862,280
13002,14006,2019,2020,-0.10062913383010573,-0.12071700744171061,-0.020087873611604884,0.020087873611604884,507,135
13002,14007,2019,2020,0.09843355691564036,0.09330192492259246,-0.005131631993047905,0.005131631993047905,2074,328
13002,15001,2019,2020,-0.10647564901369226,-0.11509991701091764,-0.008624267997225377,0.008624267997225377,2495,509
13002,15002,2019,2020,-0.06010070076386603,-0.043228251517861485,0.016872449246004548,0.016872449246004548,9428,2401
13002,15003,2019,2020,-0.06188472972185025,-0.04433709850132465,0.017547631220525606,0.017547631220525606,1757,587
13002,15004,2019,2020,-0.07836025092550535,-0.06551795541757063,0.012842295507934712,0.012842295507934712,2543,555
13002,15005,2019,2020,-0.08775436470103144,-0.13178262706593644,-0.044028262364904994,0.044028262364904994,129,26
13002,15006,2019,2020,-0.02129793493155451,-0.06715458234701024,-0.04585664741545573,0.04585664741545573,1212,261
13002,15007,2019,2020,0.013892517006873375,-0.021774868813934478,-0.035667385820807855,0.035667385820807855,78,26
13002,16001,2019,2020,0.17945482032396523,0.18743492940815873,0.007980109084193499,0.007980109084193499,708,205
13002,16002,2019,2020,-0.07237937770313979,-0.008904482127286532,0.06347489557585326,0.06347489557585326,852,160
13002,16003,2019,2020,0.26635452572831775,0.24302479723656345,-0.023329728491754298,0.023329728491754298,2550,394
13002,16004,2019,2020,-0.030399044662835172,-0.03545471723479911,-0.005055672571963935,0.005055672571963935,506,106
13003,13005,2019,2020,-0.4246020188812719,-0.3283672201273164,0.09623479875395552,0.09623479875395552,29,7
13003,14001,2019,2020,-0.05335685367631155,-0.029385332846288928,0.023971520830022623,0.023971520830022623,4042,377
13003,14002,2019,2020,-0.0771144876822685,-0.0844675579020435,-0.007353070219774993,0.007353070219774993,175,13
13003,14003,2019,2020,0.05017144543754148,-0.01691377431596498,-0.06708521975350645,0.06708521975350645,2918,218
13003,14004,2019,2020,-0.14097227801392617,-0.19707642329940792,-0.056104145285481744,0.056104145285481744,340,14
13003,14005,2019,2020,-0.04406035954452155,0.016678913727960914,0.060739273272482464,0.060739273272482464,1333,163
13003,14006,2019,2020,0.01999619288085683,0.12060126279550853,0.1006050699146517,0.1006050699146517,838,137
13003,14007,2019,2020,0.18010285115591224,0.08083570022092582,-0.09926715093498642,0.09926715093498642,2482,115
13003,15001,2019,2020,0.032313879548238424,0.03487945207340657,0.002565572525168147,0.002565572525168147,3598,285
13003,15002,2019,2020,0.03701665443637983,0.013374695548746422,-0.02364195888763341,0.02364195888763341,10551,903
13003,15003,2019,2020,-0.010092895609870037,0.04452564024536093,0.054618535855230965,0.054618535855230965,1984,270
13003,15004,2019,2020,0.21055364346508326,0.16837844408913957,-0.04217519937594369,0.04217519937594369,5125,412
13003,15005,2019,2020,-0.07416156633544674,-0.08375270982377118,-0.009591143488324447,0.009591143488324447,132,11
13003,15006,2019,2020,-0.0074628620730328304,0.00823776309801953,0.015700625171052363,0.015700625171052363,1202,119
13003,15007,2019,2020,-0.05802702336504431,0.012888579915584533,0.07091560328062885,0.07091560328062885,44,11
13003,16001,2019,2020,-0.30354466623643206,-0.21672555702058002,0.08681910921585204,0.08681910921585204,30,6
13003,16002,2019,2020,0.21242504381395744,0.13651403448042684,-0.0759110093335306,0.0759110093335306,2194,108
13003,16003,2019,2020,-0.021218128095796703,-0.1201600403508186,-0.0989419122550219,0.0989419122550219,949,27
13003,16004,2019,2020,-0.1145047726748462,-0.046826866266998154,0.06767790640784804,0.06767790640784804,300,32
13004,13005,2019,2020,-0.3608683418606589,-0.4304736692802662,-0.06960532741960729,0.06960532741960729,33,5
13004,14001,2019,2020,0.05589477676657301,0.014750946896638426,-0.04114382986993458,0.04114382986993458,3643,777
13004,14002,2019,2020,0.014479866299383354,-0.015177817261923158,-0.029657683561306512,0.029657683561306512,199,38
13004,14003,2019,2020,-0.09466119380506885,-0.10480736877483918,-0.010146174969770327,0.010146174969770327,1154,278
13004,14004,2019,2020,-0.038742048704288365,-0.024128964628928228,0.014613084075360137,0.014613084075360137,387,85
13004,14005,2019,2020,0.03113059970665337,0.002959387173636478,-0.028171212533016892,0.028171212533016892,1189,273
13004,14006,2019,2020,0.01164668000887709,0.0064435300773330656,-0.005203149931544024,0.005203149931544024,543,145
13004,14007,2019,2020,-0.15425251937905982,-0.0648723019560579,0.08938021742300191,0.08938021742300191,439,102
13004,15001,2019,2020,0.011727692223814382,0.07166596612323198,0.059938273899417596,0.059938273899417596,2281,557
13004,15002,2019,2020,0.00882057376215497,0.019298987419128253,0.010478413656973284,0.010478413656973284,6740,1616
13004,15003,2019,2020,0.05544893065732024,0.09560451581307618,0.040155585155755937,0.040155585155755937,1672,548
13004,15004,2019,2020,-0.054658350664530155,0.030265665705402765,0.08492401636993292,0.08492401636993292,1682,454
13004,15005,2019,2020,0.05280522950316989,0.033760106643208554,-0.019045122859961336,0.019045122859961336,188,43
13004,15006,2019,2020,0.030440394613563522,0.04934841519494993,0.01890802058138641,0.01890802058138641,938,248
13004,15007,2019,2020,0.0550492650650799,0.024946985206865013,-0.030102279858214887,0.030102279858214887,65,21
13004,16001,2019,2020,0.10517323862289353,0.07333860309287853,-0.031834635530015004,0.031834635530015004,345,82
13004,16002,2019,2020,-0.07498400681351287,-0.014619612818294403,0.06036439399521847,0.06036439399521847,509,93
13004,16003,2019,2020,-0.11549404292862508,-0.08063015946764533,0.03486388346097975,0.03486388346097975,387,66
13004,16004,2019,2020,0.0991456332741529,0.06827484351767117,-0.030870789756481734,0.030870789756481734,581,105
13005,14001,2019,2020,0.025823962568917544,0.012325814409148959,-0.013498148159768585,0.013498148159768585,1298,346
13005,14002,2019,2020,0.04061788667099909,0.012595238480939639,-0.02802264819005945,0.02802264819005945,90,20
13005,14003,2019,2020,0.03233306075660023,0.04738595335042134,0.015052892593821109,0.015052892593821109,729,224
13005,14004,2019,2020,-0.004361980107199347,-0.037916694064552336,-0.03355471395735299,0.03355471395735299,173,34
13005,14005,2019,2020,-0.004653798244807354,-0.023532840335550465,-0.018879042090743113,0.018879042090743113,388,107
13005,14006,2019,2020,-0.04620423961807865,-0.03674566712962243,0.009458572488456225,0.009458572488456225,147,51
13005,14007,2019,2020,-0.06657991961142448,-9.367752453262527e-05,0.06648624208689186,0.06648624208689186,245,62
13005,15001,2019,2020,-0.06516206146543792,-0.0697755661500532,-0.0046135046846152855,0.0046135046846152855,615,144
13005,15002,2019,2020,-0.030488714428023967,-0.024968951519655454,0.005519762908368513,0.005519762908368513,2258,639
13005,15003,2019,2020,-0.009724330493461164,-0.026302738716403557,-0.016578408222942393,0.016578408222942393,494,160
13005,15004,2019,2020,-0.09145056225300863,-0.04050982956137254,0.050940732691636084,0.050940732691636084,498,152
13005,15005,2019,2020,-0.05052169747882882,0.05244775057990438,0.1029694480587332,0.1029694480587332,36,22
13005,15006,2019,2020,-0.013697386417786414,0.0032504190114905694,0.016947805429276982,0.016947805429276982,290,92
13005,15007,2019,2020,-0.09710823809508623,0.032150307726616846,0.12925854582170307,0.12925854582170307,7,10
13005,16001,2019,2020,0.017603742112304265,-0.027699026731967565,-0.045302768844271826,0.045302768844271826,85,21
13005,16002,2019,2020,-0.025797561507456417,0.0392259664089841,0.06502352791644052,0.06502352791644052,238,55
13005,16003,2019,2020,-0.05797610951620853,-0.09934714919646612,-0.041371039680257585,0.041371039680257585,187,24
13005,16004,2019,2020,0.09549025467953937,0.07561233232197909,-0.01987792235756028,0.01987792235756028,235,51
14001,14002,2019,2020,-0.2236911047504504,-0.3564711458986038,-0.1327800411481534,0.1327800411481534,106,6
14001,14003,2019,2020,-0.531373506340318,-0.5398646610252257,-0.008491154684907687,0.008491154684907687,187,42
14001,14004,2019,2020,-0.44243440536539896,-0.47787931788785615,-0.035444912522457184,0.035444912522457184,48,5
14001,14005,2019,2020,-0.5100674115812013,-0.5119907830393167,-0.001923371458115386,0.001923371458115386,93,24
14001,14006,2019,2020,-0.4581682071446517,-0.4965597874599431,-0.03839158031529144,0.03839158031529144,46,8
14001,14007,2019,2020,-0.45248637325852464,-0.4727884780560417,-0.02030210479751704,0.02030210479751704,148,11
14001,15001,2019,2020,-0.04232574751875337,-0.055655967042762274,-0.013330219524008903,0.013330219524008903,4699,854
14001,15002,2019,2020,0.01790044056049329,0.026637272077213225,0.008736831516719935,0.008736831516719935,16128,3594
14001,15003,2019,2020,-0.08393018855536133,-0.08214707967963146,0.001783108875729869,0.001783108875729869,2506,713
14001,15004,2019,2020,-0.06014114151316597,-0.04398603428153586,0.016155107231630113,0.016155107231630113,4150,812
14001,15005,2019,2020,-0.06531650308668474,-0.07321267341333301,-0.007896170326648272,0.007896170326648272,230,53
14001,15006,2019,2020,-0.10894112875195035,-0.10486796049021362,0.0040731682617367315,0.0040731682617367315,1299,308
14001,15007,2019,2020,-0.09927858842484073,-0.027381073624021975,0.07189751480081875,0.07189751480081875,53,34
14001,16001,2019,2020,-0.004965464633217823,-0.03669841596011214,-0.03173295132689432,0.03173295132689432,467,106
14001,16002,2019,2020,-0.027043395496505595,-0.03380399081937538,-0.006760595322869784,0.006760595322869784,1571,194
14001,16003,2019,2020,-0.02598080060620779,-0.010099237548190457,0.015881563058017335,0.015881563058017335,1499,217
14001,16004,2019,2020,0.040448509602099725,0.06220192582049881,0.021753416218399088,0.021753416218399088,1031,218
14002,14003,2019,2020,-0.27760739118633965,-0.2973240501107874,-0.01971665892444774,0.01971665892444774,28,5
14002,14005,2019,2020,-0.3096937342437343,-0.24227999892984556,0.06741373531388875,0.06741373531388875,10,5
14002,15001,2019,2020,-0.0357885931353369,-0.07306237799157567,-0.037273784856238765,0.037273784856238765,253,36
14002,15002,2019,2020,-0.017543318442331413,-0.031088306662739432,-0.013544988220408019,0.013544988220408019,860,169
14002,15003,2019,2020,-0.074659123192561,-0.07093614684725516,0.0037229763453058423,0.0037229763453058423,121,33
14002,15004,2019,2020,-0.04095696638591529,-0.030247325459113055,0.010709640926802235,0.010709640926802235,228,43
14002,15006,2019,2020,-0.08064629252350387,-0.11831128278078422,-0.037664990257280345,0.037664990257280345,67,11
14002,16001,2019,2020,-0.0005809183561351373,0.01715668665790309,0.01773760501403823,0.01773760501403823,28,8
14002,16002,2019,2020,-0.03298959783794701,0.017034360284441868,0.050023958122388884,0.050023958122388884,82,14
14002,16003,2019,2020,-0.058673885764692214,0.01540824268575091,0.07408212845044312,0.07408212845044312,65,14
14002,16004,2019,2020,0.009558131285036981,0.008400227665833428,-0.001157903619203553,0.001157903619203553,55,10
14003,14004,2019,2020,-0.39003637844154776,-0.38967738782875455,0.00035899061279320854,0.00035899061279320854,32,6
14003,14005,2019,2020,-0.4765295130771514,-0.4545953287236323,0.021934184353519126,0.021934184353519126,43,16
14003,14006,2019,2020,-0.4043712298633064,-0.39968852642125724,0.004682703442049185,0.004682703442049185,31,10
14003,14007,2019,2020,-0.44419879060767536,-0.4385511146471921,0.005647675960483267,0.005647675960483267,53,6
14003,15001,2019,2020,-0.04801191774704867,-0.06166594080715341,-0.013654023060104742,0.013654023060104742,2412,451
14003,15002,2019,2020,-0.01884065058630778,-0.026209195519812285,-0.007368544933504504,0.007368544933504504,8161,1842
14003,15003,2019,2020,-0.10147309445425952,-0.11596738447259557,-0.014494290018336048,0.014494290018336048,1181,330
14003,15004,2019,2020,-0.024666801334468264,-0.03535556612157339,-0.010688764787105124,0.010688764787105124,2420,455
14003,15005,2019,2020,-0.07362604308842405,-0.03975582519361125,0.0338702178948128,0.0338702178948128,112,35
14003,15006,2019,2020,-0.07729505970246807,-0.09937799709646018,-0.022082937393992114,0.022082937393992114,756,165
14003,15007,2019,2020,-0.07343722399949146,-0.0024373036804720316,0.07099992031901943,0.07099992031901943,33,22
14003,16001,2019,2020,0.013798570307887425,0.048698359806444595,0.03489978949855717,0.03489978949855717,277,90
14003,16002,2019,2020,0.03751228836789867,0.015368122172972322,-0.022144166194926346,0.022144166194926346,1083,134
14003,16003,2019,2020,0.013509193913428967,-0.007394680074338061,-0.020903873987767028,0.020903873987767028,938,122
14003,16004,2019,2020,-0.014590674704540773,-0.009521544936059664,0.005069129768481109,0.005069129768481109,438,90
14004,15001,2019,2020,-0.019346776787093393,-0.07494230812634957,-0.055595531339256175,0.055595531339256175,725,88
14004,15002,2019,2020,-0.06945115952368797,-0.07139016082554465,-0.0019390013018566882,0.0019390013018566882,1870,345
14004,15003,2019,2020,-0.08174520637461262,-0.07392108113676991,0.007824125237842705,0.007824125237842705,322,80
14004,15004,2019,2020,-0.12297742603091859,-0.12053105273359686,0.0024463732973217245,0.0024463732973217245,397,62
14004,15006,2019,2020,-0.011190950966947517,-0.03967321204192428,-0.028482261074976766,0.028482261074976766,280,47
14004,15007,2019,2020,0.020886837529199342,0.019793660078759167,-0.0010931774504401755,0.0010931774504401755,19,6
14004,16001,2019,2020,0.22794656400644703,0.26461351864566446,0.03666695463921743,0.03666695463921743,251,66
14004,16002,2019,2020,-0.03888765212840864,0.04745021417615191,0.08633786630456056,0.08633786630456056,210,38
14004,16003,2019,2020,0.19405221744049092,0.2155523852335448,0.021500167793053887,0.021500167793053887,606,86
14004,16004,2019,2020,0.025812569310050573,0.0016933838775417978,-0.024119185432508773,0.024119185432508773,154,22
14005,14006,2019,2020,-0.3713760164395642,-0.37061458820849796,0.0007614282310662301,0.0007614282310662301,22,7
14005,15001,2019,2020,0.02589246846582285,-0.02764794103562703,-0.05354040950144988,0.05354040950144988,1931,325
14005,15002,2019,2020,2.1208988185325934e-05,-0.009349432966522395,-0.00937064195470772,0.00937064195470772,5322,1230
14005,15003,2019,2020,-0.08566632908301434,-0.07900828970472426,0.006658039378290084,0.006658039378290084,760,239
14005,15004,2019,2020,-0.060829887568257725,-0.04453002957387944,0.016299857994378282,0.016299857994378282,1304,280
14005,15005,2019,2020,-0.012695452558597562,0.017971083877267247,0.03066653643586481,0.03066653643586481,103,32
14005,15006,2019,2020,-0.08945241154720665,-0.10305620270680195,-0.0136037911595953,0.0136037911595953,428,100
14005,15007,2019,2020,-0.05169443308917988,-0.005039598871690466,0.04665483421748941,0.04665483421748941,24,14
14005,16001,2019,2020,-0.10634238497412205,-0.12783406346648632,-0.021491678492364275,0.021491678492364275,80,20
14005,16002,2019,2020,-0.02145701586670121,0.007221658152137536,0.028678674018838744,0.028678674018838744,529,84
14005,16003,2019,2020,-0.12323171192455189,-0.06369714707205122,0.059534564852500665,0.059534564852500665,289,58
14005,16004,2019,2020,0.044781341421704354,0.02848885964545372,-0.016292481776250634,0.016292481776250634,371,71
14006,15001,2019,2020,0.037091288153286585,0.026983790181901748,-0.010107497971384837,0.010107497971384837,1004,210
14006,15002,2019,2020,0.005151161062054645,0.006972689110557247,0.0018215280485026023,0.0018215280485026023,2641,670
14006,15003,2019,2020,0.021770074059898142,0.023482013433781503,0.001711939373883361,0.001711939373883361,596,189
14006,15004,2019,2020,0.03198288234680645,0.057103039030800516,0.025120156683994067,0.025120156683994067,918,219
14006,15005,2019,2020,0.07717385035009007,0.044482777701248546,-0.032691072648841524,0.032691072648841524,90,20
14006,15006,2019,2020,-0.050737792241143,-0.07320545358427004,-0.02246766134312704,0.02246766134312704,246,58
14006,15007,2019,2020,0.04548206187198638,0.007598402995312604,-0.037883658876673776,0.037883658876673776,25,8
14006,16001,2019,2020,-0.039715159205526866,-0.10962974679552132,-0.06991458758999444,0.06991458758999444,60,11
14006,16002,2019,2020,0.02401004574591999,0.07159457849868245,0.04758453275276246,0.04758453275276246,324,62
14006,16003,2019,2020,-0.06508272927290899,-0.04325268917135906,0.02183004010154993,0.02183004010154993,187,33
14006,16004,2019,2020,-0.024616211251921555,-0.07221723551102888,-0.047601024259107325,0.047601024259107325,124,20
14007,15001,2019,2020,-0.073839924913552,-0.07812535720129267,-0.00428543228774067,0.00428543228774067,1176,130
14007,15002,2019,2020,0.0025522284414849356,-0.003621759713617579,-0.006173988155102514,0.006173988155102514,4762,644
14007,15003,2019,2020,-0.07970723887283007,-0.061028988554935056,0.018678250317895016,0.018678250317895016,688,128
14007,15004,2019,2020,0.06373535361631683,0.014489801879134552,-0.04924555173718227,0.04924555173718227,1826,183
14007,15005,2019,2020,-0.12149139318419962,-0.08380581739731814,0.037685575786881476,0.037685575786881476,41,8
14007,15006,2019,2020,-0.07368723192920296,-0.08382034596891007,-0.010133114039707111,0.010133114039707111,410,54
14007,16001,2019,2020,0.007227682530362511,0.121565851803663,0.11433816927330048,0.11433816927330048,150,47
14007,16002,2019,2020,0.1366769098228592,0.07630258475787503,-0.06037432506498418,0.06037432506498418,920,63
14007,16003,2019,2020,0.1458640126059102,0.08982122190659658,-0.056042790699313616,0.056042790699313616,911,68
14007,16004,2019,2020,-0.025521281887833116,-0.014494025898437433,0.011027255989395683,0.011027255989395683,228,29
15001,15002,2019,2020,0.015520480422074719,0.031030228386210387,0.015509747964135668,0.015509747964135668,11387,2188
15001,15003,2019,2020,0.11231004454156852,0.18967943335493975,0.07736938881337123,0.07736938881337123,3197,897
15001,15004,2019,2020,0.045194661163250605,0.07153944363156423,0.02634478246831362,0.02634478246831362,3881,676
15001,15005,2019,2020,0.007744173636497691,0.010041036522579911,0.00229686288608222,0.00229686288608222,243,50
15001,15006,2019,2020,0.07965779779430393,0.14873169165679745,0.06907389386249352,0.06907389386249352,1831,449
15001,15007,2019,2020,0.0699752195269379,0.02003925171345758,-0.04993596781348032,0.04993596781348032,116,27
15001,16001,2019,2020,-0.13339106110720036,-0.113383100630644,0.02000796047655637,0.02000796047655637,152,39
15001,16002,2019,2020,0.00735383891572318,-0.018999311034226127,-0.026353149949949306,0.026353149949949306,1256,122
15001,16003,2019,2020,-0.10619617394819043,-0.12060982501994125,-0.014413651071750813,0.014413651071750813,728,72
15001,16004,2019,2020,-0.040624065513171374,-0.01617006108281834,0.024454004430353036,0.024454004430353036,508,93
15002,15003,2019,2020,0.07303176535280813,0.10467256145038502,0.03164079609757689,0.03164079609757689,8026,2265
15002,15004,2019,2020,0.07775855255542255,0.09983090360235827,0.022072351046935723,0.022072351046935723,11722,2275
15002,15005,2019,2020,0.0050080913348851735,0.0052548629483637815,0.000246771613478608,0.000246771613478608,717,169
15002,15006,2019,2020,0.008327091621187756,0.02028663720835376,0.011959545587166005,0.011959545587166005,4272,1001
15002,15007,2019,2020,-0.0014105826151577761,-0.11218234748686745,-0.11077176487170967,0.11077176487170967,224,44
15002,16001,2019,2020,-0.04439824028606983,-0.04836301359289158,-0.003964773306821746,0.003964773306821746,840,216
15002,16002,2019,2020,-0.005665311534589338,-0.03347091125547302,-0.02780559972088368,0.02780559972088368,3619,415
15002,16003,2019,2020,-0.021702348964859203,-0.02007591975924829,0.0016264292056109124,0.0016264292056109124,3286,440
15002,16004,2019,2020,-0.008510967191908704,-0.04147108645677871,-0.032960119264870004,0.032960119264870004,1802,301
15003,15004,2019,2020,0.1406885138581671,0.2397577662097707,0.0990692523516036,0.0990692523516036,3229,937
15003,15005,2019,2020,0.12739141915454333,0.09586414199306566,-0.03152727716147767,0.03152727716147767,287,71
15003,15006,2019,2020,0.19514042406363977,0.17487843191426122,-0.020261992149378544,0.020261992149378544,1729,447
15003,15007,2019,2020,0.14218254495354463,-0.005295908791161619,-0.14747845374470625,0.14747845374470625,114,21
15003,16001,2019,2020,-0.09060375350391502,-0.09337505954553278,-0.002771306041617766,0.002771306041617766,120,40
15003,16002,2019,2020,-0.04441680288174956,0.009657290070659607,0.05407409295240917,0.05407409295240917,623,127
15003,16003,2019,2020,-0.0666513635440827,-0.019345258308542782,0.04730610523553992,0.04730610523553992,530,112
15003,16004,2019,2020,-0.04603623177228557,-0.041582369867227145,0.0044538619050584274,0.0044538619050584274,302,74
15004,15005,2019,2020,0.005061004434589946,-0.05660820856897445,-0.0616692130035644,0.0616692130035644,223,31
15004,15006,2019,2020,0.08345695833080162,0.06720727454109127,-0.016249683789710354,0.016249683789710354,1735,322
15004,15007,2019,2020,-0.03159478516254856,-0.04762659112404735,-0.016031805961498793,0.016031805961498793,56,16
15004,16001,2019,2020,-0.1514958298962569,-0.09961563034417388,0.05188019955208302,0.05188019955208302,123,39
15004,16002,2019,2020,0.09215434978820358,0.008487803130584321,-0.08366654665761926,0.08366654665761926,1587,128
15004,16003,2019,2020,-0.03682674101154932,-0.02769316742364354,0.009133573587905779,0.009133573587905779,928,109
15004,16004,2019,2020,-0.07684043264704465,-0.09903135775597524,-0.022190925108930587,0.022190925108930587,390,54
15005,15006,2019,2020,0.12400688958321489,0.14157693156075196,0.017570041977537074,0.017570041977537074,180,48
15005,16001,2019,2020,-0.027596550452175704,-0.0003581058614245194,0.027238444590751185,0.027238444590751185,17,6
15005,16002,2019,2020,-0.025126097032835335,-0.03854053418640713,-0.013414437153571792,0.013414437153571792,65,8
15005,16003,2019,2020,-0.12583912708080558,-0.07597558735661103,0.04986353972419455,0.04986353972419455,28,6
15005,16004,2019,2020,-0.057042769127789245,0.015509704237911615,0.07255247336570086,0.07255247336570086,25,9
15006,15007,2019,2020,0.10387980519195093,0.02483093432167539,-0.07904887087027554,0.07904887087027554,58,13
15006,16001,2019,2020,-0.14693933583312785,-0.19798020298194144,-0.05104086714881359,0.05104086714881359,44,8
15006,16002,2019,2020,-0.20326566847519384,-0.2000884748621163,0.003177193613077528,0.003177193613077528,133,16
15006,16003,2019,2020,-0.19713796608002046,-0.2540380195488259,-0.05690005346880542,0.05690005346880542,131,10
15006,16004,2019,2020,-0.17260966209597012,-0.21342756505790622,-0.0408179029619361,0.0408179029619361,73,10
15007,16002,2019,2020,-0.015341306568988518,0.03525480852768216,0.05059611509667068,0.05059611509667068,22,7
16003,16004,2019,2020,-0.2889168076991668,-0.19352575031989946,0.09539105737926731,0.09539105737926731,19,5
